task,type,start,end,duration_ms
ksoftirqd/1,RUN,4626.329109,4626.329121,0.012000
ksoftirqd/1,RUN,4626.382093,4626.382103,0.010000
ksoftirqd/1,RUN,4626.800130,4626.800135,0.005000
ksoftirqd/1,RUN,4627.446205,4627.446223,0.018000
ksoftirqd/1,RUN,4628.065270,4628.065274,0.004000
ksoftirqd/1,RUN,4628.797376,4628.797383,0.007000
ksoftirqd/1,RUN,4629.079400,4629.079407,0.007000
ksoftirqd/1,RUN,4629.634501,4629.634516,0.015000
ksoftirqd/1,RUN,4629.962514,4629.962516,0.002000
ksoftirqd/1,RUN,4630.465533,4630.465539,0.006000
ksoftirqd/1,RUN,4631.187643,4631.187649,0.006000
ksoftirqd/1,RUN,4631.579685,4631.579691,0.006000
ksoftirqd/1,RUN,4631.781670,4631.781679,0.009000
ksoftirqd/1,RUN,4631.797697,4631.797704,0.007000
ksoftirqd/1,RUN,4632.390760,4632.390763,0.003000
ksoftirqd/1,RUN,4632.564757,4632.564761,0.004000
ksoftirqd/1,RUN,4633.061821,4633.061823,0.002000
ksoftirqd/1,RUN,4634.050953,4634.050956,0.003000
ksoftirqd/1,RUN,4634.189027,4634.189030,0.003000
ksoftirqd/1,RUN,4634.422969,4634.422972,0.003000
ksoftirqd/1,RUN,4634.454995,4634.454997,0.002000
ksoftirqd/1,RUN,4634.463966,4634.463969,0.003000
ksoftirqd/1,RUN,4634.575049,4634.575052,0.003000
ksoftirqd/1,RUN,4635.363059,4635.363061,0.002000
ksoftirqd/1,RUN,4635.530112,4635.530114,0.002000
ksoftirqd/1,RUN,4635.611171,4635.611176,0.005000
ksoftirqd/1,RUN,4635.754104,4635.754106,0.002000
ksoftirqd/1,RUN,4635.964150,4635.964154,0.004000
ksoftirqd/1,RUN,4636.063164,4636.063168,0.004000
ksoftirqd/1,RUN,4636.457209,4636.457211,0.002000
ksoftirqd/1,RUN,4637.158345,4637.158349,0.004000
ksoftirqd/1,RUN,4637.310304,4637.310307,0.003000
ksoftirqd/1,RUN,4637.401315,4637.401331,0.016000
ksoftirqd/1,RUN,4637.581355,4637.581360,0.005000
ksoftirqd/1,RUN,4637.796349,4637.796351,0.002000
ksoftirqd/1,RUN,4638.051394,4638.051396,0.002000
ksoftirqd/1,RUN,4638.054397,4638.054399,0.002000
ksoftirqd/1,RUN,4638.452444,4638.452448,0.004000
ksoftirqd/1,RUN,4639.569541,4639.569546,0.005000
ksoftirqd/1,RUN,4639.615582,4639.615588,0.006000
ksoftirqd/1,SLEEP,4626.329121,4626.382093,52.972000
ksoftirqd/1,SLEEP,4626.382103,4626.800130,418.027000
ksoftirqd/1,SLEEP,4626.800135,4627.446205,646.070000
ksoftirqd/1,SLEEP,4627.446223,4628.065270,619.047000
ksoftirqd/1,SLEEP,4628.065274,4628.797376,732.102000
ksoftirqd/1,SLEEP,4628.797383,4629.079400,282.017000
ksoftirqd/1,SLEEP,4629.079407,4629.634501,555.094000
ksoftirqd/1,SLEEP,4629.634516,4629.962514,327.998000
ksoftirqd/1,SLEEP,4629.962516,4630.465533,503.017000
ksoftirqd/1,SLEEP,4630.465539,4631.187643,722.104000
ksoftirqd/1,SLEEP,4631.187649,4631.579685,392.036000
ksoftirqd/1,SLEEP,4631.579691,4631.781670,201.979000
ksoftirqd/1,SLEEP,4631.781679,4631.797697,16.018000
ksoftirqd/1,SLEEP,4631.797704,4632.390760,593.056000
ksoftirqd/1,SLEEP,4632.390763,4632.564757,173.994000
ksoftirqd/1,SLEEP,4632.564761,4633.061821,497.060000
ksoftirqd/1,SLEEP,4633.061823,4634.050953,989.130000
ksoftirqd/1,SLEEP,4634.050956,4634.189027,138.071000
ksoftirqd/1,SLEEP,4634.189030,4634.422969,233.939000
ksoftirqd/1,SLEEP,4634.422972,4634.454995,32.023000
ksoftirqd/1,SLEEP,4634.454997,4634.463966,8.969000
ksoftirqd/1,SLEEP,4634.463969,4634.575049,111.080000
ksoftirqd/1,SLEEP,4634.575052,4635.363059,788.007000
ksoftirqd/1,SLEEP,4635.363061,4635.530112,167.051000
ksoftirqd/1,SLEEP,4635.530114,4635.611171,81.057000
ksoftirqd/1,SLEEP,4635.611176,4635.754104,142.928000
ksoftirqd/1,SLEEP,4635.754106,4635.964150,210.044000
ksoftirqd/1,SLEEP,4635.964154,4636.063164,99.010000
ksoftirqd/1,SLEEP,4636.063168,4636.457209,394.041000
ksoftirqd/1,SLEEP,4636.457211,4637.158345,701.134000
ksoftirqd/1,SLEEP,4637.158349,4637.310304,151.955000
ksoftirqd/1,SLEEP,4637.310307,4637.401315,91.008000
ksoftirqd/1,SLEEP,4637.401331,4637.581355,180.024000
ksoftirqd/1,SLEEP,4637.581360,4637.796349,214.989000
ksoftirqd/1,SLEEP,4637.796351,4638.051394,255.043000
ksoftirqd/1,SLEEP,4638.051396,4638.054397,3.001000
ksoftirqd/1,SLEEP,4638.054399,4638.452444,398.045000
ksoftirqd/1,SLEEP,4638.452448,4639.569541,1117.093000
ksoftirqd/1,SLEEP,4639.569546,4639.615582,46.036000
ksoftirqd/1,STAT_PERIOD,0,0,0.000000
ksoftirqd/1,STAT_MEASURED,0,0,-1.000000
ksoftirqd/1,STAT_DEADLINE,0,0,0.000000
ksoftirqd/1,STAT_WCET,0,0,0.018000
ksoftirqd/1,STAT_ACET,0,0,0.005250
ksoftirqd/1,STAT_JITTER,0,0,-1.000000
ksoftirqd/1,STAT_UTIL,0,0,0.000015
ksoftirqd/1,STAT_NRUN,0,0,40
ksoftirqd/1,STAT_NPRE,0,0,0
ksoftirqd/1,STAT_NSLP,0,0,39
ksoftirqd/1,STAT_NMISS,0,0,0
ksoftirqd/1,STAT_WSLACK,0,0,-999999.000000
ksoftirqd/1,STAT_HGAPS,0,0,1.000000
ksoftirqd/1,STAT_NGAPS,0,0,39
ksoftirqd/1,STAT_MAXGAP,0,0,1117.093000
ksoftirqd/1,STAT_RUNTOT,0,0,0.210000
ksoftirqd/1,STAT_PRETOT,0,0,0.000000
ksoftirqd/1,STAT_SLPTOT,0,0,13286.269000
kworker/1:1H,RUN,4626.333109,4626.333122,0.013000
kworker/1:1H,RUN,4626.383069,4626.383093,0.024000
kworker/1:1H,RUN,4626.399728,4626.399742,0.014000
kworker/1:1H,RUN,4626.549691,4626.549703,0.012000
kworker/1:1H,RUN,4626.583025,4626.583053,0.028000
kworker/1:1H,RUN,4626.832938,4626.832951,0.013000
kworker/1:1H,RUN,4626.866215,4626.866224,0.009000
kworker/1:1H,RUN,4627.582645,4627.582661,0.016000
kworker/1:1H,RUN,4627.615979,4627.615994,0.015000
kworker/1:1H,RUN,4627.832603,4627.832630,0.027000
kworker/1:1H,RUN,4628.082461,4628.082477,0.016000
kworker/1:1H,RUN,4628.099140,4628.099152,0.012000
kworker/1:1H,RUN,4628.199146,4628.199160,0.014000
kworker/1:1H,RUN,4628.332422,4628.332435,0.013000
kworker/1:1H,RUN,4628.798898,4628.798910,0.012000
kworker/1:1H,RUN,4628.832270,4628.832296,0.026000
kworker/1:1H,RUN,4629.082196,4629.082208,0.012000
kworker/1:1H,RUN,4629.282122,4629.282134,0.012000
kworker/1:1H,RUN,4629.332241,4629.332256,0.015000
kworker/1:1H,RUN,4629.398706,4629.398721,0.015000
kworker/1:1H,RUN,4629.582023,4629.582050,0.027000
kworker/1:1H,RUN,4629.831934,4629.831958,0.024000
kworker/1:1H,RUN,4629.881937,4629.881946,0.009000
kworker/1:1H,RUN,4629.998534,4629.998554,0.020000
kworker/1:1H,RUN,4630.081927,4630.081941,0.014000
kworker/1:1H,RUN,4630.133209,4630.133213,0.004000
kworker/1:1H,RUN,4630.133454,4630.133456,0.002000
kworker/1:1H,RUN,4630.133894,4630.133895,0.001000
kworker/1:1H,RUN,4630.134127,4630.134128,0.001000
kworker/1:1H,RUN,4630.135998,4630.135999,0.001000
kworker/1:1H,RUN,4630.136231,4630.136233,0.002000
kworker/1:1H,RUN,4630.136561,4630.136562,0.001000
kworker/1:1H,RUN,4630.136791,4630.136793,0.002000
kworker/1:1H,RUN,4630.331694,4630.331708,0.014000
kworker/1:1H,RUN,4630.481659,4630.481678,0.019000
kworker/1:1H,RUN,4630.498361,4630.498374,0.013000
kworker/1:1H,RUN,4630.581608,4630.581620,0.012000
kworker/1:1H,RUN,4630.614947,4630.614957,0.010000
kworker/1:1H,RUN,4630.831600,4630.831624,0.024000
kworker/1:1H,RUN,4631.797869,4631.797883,0.014000
kworker/1:1H,RUN,4631.831217,4631.831244,0.027000
kworker/1:1H,RUN,4632.081142,4632.081153,0.011000
kworker/1:1H,RUN,4632.331065,4632.331083,0.018000
kworker/1:1H,RUN,4632.397721,4632.397736,0.015000
kworker/1:1H,RUN,4632.547677,4632.547692,0.015000
kworker/1:1H,RUN,4632.580936,4632.580956,0.020000
kworker/1:1H,RUN,4632.830858,4632.830871,0.013000
kworker/1:1H,RUN,4632.880852,4632.880871,0.019000
kworker/1:1H,RUN,4632.997539,4632.997551,0.012000
kworker/1:1H,RUN,4633.080766,4633.080784,0.018000
kworker/1:1H,RUN,4633.217261,4633.217266,0.005000
kworker/1:1H,RUN,4633.218534,4633.218550,0.016000
kworker/1:1H,RUN,4633.219095,4633.219096,0.001000
kworker/1:1H,RUN,4633.330767,4633.330786,0.019000
kworker/1:1H,RUN,4633.480685,4633.480699,0.014000
kworker/1:1H,RUN,4633.580630,4633.580646,0.016000
kworker/1:1H,RUN,4633.613939,4633.613949,0.010000
kworker/1:1H,RUN,4633.830543,4633.830553,0.010000
kworker/1:1H,RUN,4634.080470,4634.080482,0.012000
kworker/1:1H,RUN,4634.443352,4634.443460,0.108000
kworker/1:1H,RUN,4634.443909,4634.444051,0.142000
kworker/1:1H,RUN,4634.444390,4634.444484,0.094000
kworker/1:1H,RUN,4634.444809,4634.444822,0.013000
kworker/1:1H,RUN,4635.330192,4635.330203,0.011000
kworker/1:1H,RUN,4635.396677,4635.396695,0.018000
kworker/1:1H,RUN,4635.579992,4635.580005,0.013000
kworker/1:1H,RUN,4635.829898,4635.829927,0.029000
kworker/1:1H,RUN,4635.879890,4635.879901,0.011000
kworker/1:1H,RUN,4635.996503,4635.996517,0.014000
kworker/1:1H,RUN,4636.079818,4636.079835,0.017000
kworker/1:1H,RUN,4636.329703,4636.329719,0.016000
kworker/1:1H,RUN,4636.479687,4636.479699,0.012000
kworker/1:1H,RUN,4636.579619,4636.579635,0.016000
kworker/1:1H,RUN,4636.629586,4636.629599,0.013000
kworker/1:1H,RUN,4636.712888,4636.712900,0.012000
kworker/1:1H,RUN,4636.829538,4636.829550,0.012000
kworker/1:1H,RUN,4637.079412,4637.079426,0.014000
kworker/1:1H,RUN,4637.196074,4637.196102,0.028000
kworker/1:1H,RUN,4637.312701,4637.312713,0.012000
kworker/1:1H,RUN,4637.329352,4637.329363,0.011000
kworker/1:1H,RUN,4637.579275,4637.579306,0.031000
kworker/1:1H,RUN,4637.795918,4637.795934,0.016000
kworker/1:1H,RUN,4637.829208,4637.829221,0.013000
kworker/1:1H,RUN,4637.912465,4637.912479,0.014000
kworker/1:1H,RUN,4638.079127,4638.079140,0.013000
kworker/1:1H,RUN,4638.299847,4638.299852,0.005000
kworker/1:1H,RUN,4638.329190,4638.329203,0.013000
kworker/1:1H,RUN,4638.395636,4638.395650,0.014000
kworker/1:1H,RUN,4638.512281,4638.512300,0.019000
kworker/1:1H,RUN,4638.545584,4638.545598,0.014000
kworker/1:1H,RUN,4638.578959,4638.578968,0.009000
kworker/1:1H,RUN,4638.828822,4638.828841,0.019000
kworker/1:1H,RUN,4638.995450,4638.995466,0.016000
kworker/1:1H,RUN,4639.078737,4639.078750,0.013000
kworker/1:1H,RUN,4639.112116,4639.112129,0.013000
kworker/1:1H,RUN,4639.328660,4639.328674,0.014000
kworker/1:1H,RUN,4639.578571,4639.578583,0.012000
kworker/1:1H,RUN,4639.628598,4639.628615,0.017000
kworker/1:1H,RUN,4639.711983,4639.711997,0.014000
kworker/1:1H,RUN,4639.845175,4639.845196,0.021000
kworker/1:1H,RUN,4640.078401,4640.078414,0.013000
kworker/1:1H,SLEEP,4634.443460,4634.443909,0.449000
kworker/1:1H,SLEEP,4634.444051,4634.444390,0.339000
kworker/1:1H,SLEEP,4634.444484,4634.444809,0.325000
kworker/1:1H,STAT_PERIOD,0,0,0.000000
kworker/1:1H,STAT_MEASURED,0,0,-1.000000
kworker/1:1H,STAT_DEADLINE,0,0,0.000000
kworker/1:1H,STAT_WCET,0,0,0.142000
kworker/1:1H,STAT_ACET,0,0,0.017149
kworker/1:1H,STAT_JITTER,0,0,-1.000000
kworker/1:1H,STAT_UTIL,0,0,0.000124
kworker/1:1H,STAT_NRUN,0,0,101
kworker/1:1H,STAT_NPRE,0,0,0
kworker/1:1H,STAT_NSLP,0,0,3
kworker/1:1H,STAT_NMISS,0,0,0
kworker/1:1H,STAT_WSLACK,0,0,-999999.000000
kworker/1:1H,STAT_HGAPS,0,0,1.000000
kworker/1:1H,STAT_NGAPS,0,0,100
kworker/1:1H,STAT_MAXGAP,0,0,966.245000
kworker/1:1H,STAT_RUNTOT,0,0,1.732000
kworker/1:1H,STAT_PRETOT,0,0,0.000000
kworker/1:1H,STAT_SLPTOT,0,0,1.113000
kworker/1:1,RUN,4626.329121,4626.329202,0.081000
kworker/1:1,RUN,4626.369704,4626.369716,0.012000
kworker/1:1,RUN,4626.373101,4626.373104,0.003000
kworker/1:1,RUN,4626.384080,4626.384082,0.002000
kworker/1:1,RUN,4626.386094,4626.386098,0.004000
kworker/1:1,RUN,4626.388076,4626.388077,0.001000
kworker/1:1,RUN,4626.390099,4626.390108,0.009000
kworker/1:1,RUN,4626.535095,4626.535100,0.005000
kworker/1:1,RUN,4626.711225,4626.711329,0.104000
kworker/1:1,RUN,4626.711736,4626.711833,0.097000
kworker/1:1,RUN,4626.711994,4626.712017,0.023000
kworker/1:1,RUN,4626.712368,4626.712391,0.023000
kworker/1:1,RUN,4626.712743,4626.712804,0.061000
kworker/1:1,RUN,4626.712933,4626.713000,0.067000
kworker/1:1,RUN,4626.713700,4626.713725,0.025000
kworker/1:1,RUN,4626.714078,4626.714175,0.097000
kworker/1:1,RUN,4626.714510,4626.714615,0.105000
kworker/1:1,RUN,4626.714955,4626.715049,0.094000
kworker/1:1,RUN,4626.715382,4626.715408,0.026000
kworker/1:1,RUN,4626.716445,4626.716564,0.119000
kworker/1:1,RUN,4626.716892,4626.716920,0.028000
kworker/1:1,RUN,4626.717278,4626.717376,0.098000
kworker/1:1,RUN,4626.717712,4626.717803,0.091000
kworker/1:1,RUN,4626.718153,4626.718180,0.027000
kworker/1:1,RUN,4626.718776,4626.718879,0.103000
kworker/1:1,RUN,4626.719039,4626.719061,0.022000
kworker/1:1,RUN,4626.719415,4626.719448,0.033000
kworker/1:1,RUN,4626.719795,4626.719858,0.063000
kworker/1:1,RUN,4626.719986,4626.720053,0.067000
kworker/1:1,RUN,4626.720588,4626.720719,0.131000
kworker/1:1,RUN,4626.721058,4626.721167,0.109000
kworker/1:1,RUN,4626.721503,4626.721608,0.105000
kworker/1:1,RUN,4626.721769,4626.721791,0.022000
kworker/1:1,RUN,4626.722137,4626.722162,0.025000
kworker/1:1,RUN,4626.722759,4626.722865,0.106000
kworker/1:1,RUN,4626.723252,4626.723310,0.058000
kworker/1:1,RUN,4626.723810,4626.723837,0.027000
kworker/1:1,RUN,4626.724134,4626.724183,0.049000
kworker/1:1,RUN,4626.724530,4626.724625,0.095000
kworker/1:1,RUN,4626.724954,4626.724982,0.028000
kworker/1:1,RUN,4626.725374,4626.725397,0.023000
kworker/1:1,RUN,4626.725752,4626.725781,0.029000
kworker/1:1,RUN,4626.726130,4626.726169,0.039000
kworker/1:1,RUN,4626.726309,4626.726338,0.029000
kworker/1:1,RUN,4626.727295,4626.727382,0.087000
kworker/1:1,RUN,4626.901142,4626.901151,0.009000
kworker/1:1,RUN,4626.945137,4626.945148,0.011000
kworker/1:1,RUN,4627.393258,4627.393261,0.003000
kworker/1:1,RUN,4627.457223,4627.457261,0.038000
kworker/1:1,RUN,4627.521262,4627.521274,0.012000
kworker/1:1,RUN,4627.585235,4627.585243,0.008000
kworker/1:1,RUN,4627.714220,4627.714223,0.003000
kworker/1:1,RUN,4627.905278,4627.905297,0.019000
kworker/1:1,RUN,4627.970291,4627.970334,0.043000
kworker/1:1,RUN,4628.097297,4628.097326,0.029000
kworker/1:1,RUN,4628.353294,4628.353300,0.006000
kworker/1:1,RUN,4628.417296,4628.417302,0.006000
kworker/1:1,RUN,4628.482336,4628.482370,0.034000
kworker/1:1,RUN,4628.609375,4628.609380,0.005000
kworker/1:1,RUN,4628.797369,4628.797376,0.007000
kworker/1:1,RUN,4628.865373,4628.865392,0.019000
kworker/1:1,RUN,4628.929354,4628.929359,0.005000
kworker/1:1,RUN,4628.993387,4628.993397,0.010000
kworker/1:1,RUN,4629.057415,4629.057418,0.003000
kworker/1:1,RUN,4629.079394,4629.079400,0.006000
kworker/1:1,RUN,4629.506453,4629.506463,0.010000
kworker/1:1,RUN,4629.634498,4629.634501,0.003000
kworker/1:1,RUN,4629.748581,4629.748711,0.130000
kworker/1:1,RUN,4629.749335,4629.749434,0.099000
kworker/1:1,RUN,4629.749631,4629.749653,0.022000
kworker/1:1,RUN,4629.750147,4629.750170,0.023000
kworker/1:1,RUN,4629.750537,4629.750567,0.030000
kworker/1:1,RUN,4629.750708,4629.750781,0.073000
kworker/1:1,RUN,4629.751328,4629.751421,0.093000
kworker/1:1,RUN,4629.751761,4629.751850,0.089000
kworker/1:1,RUN,4629.752180,4629.752277,0.097000
kworker/1:1,RUN,4629.752626,4629.752652,0.026000
kworker/1:1,RUN,4629.753014,4629.753091,0.077000
kworker/1:1,RUN,4629.753780,4629.753895,0.115000
kworker/1:1,RUN,4629.754235,4629.754299,0.064000
kworker/1:1,RUN,4629.754641,4629.754684,0.043000
kworker/1:1,RUN,4629.755033,4629.755127,0.094000
kworker/1:1,RUN,4629.755467,4629.755493,0.026000
kworker/1:1,RUN,4629.756537,4629.756646,0.109000
kworker/1:1,RUN,4629.756807,4629.756830,0.023000
kworker/1:1,RUN,4629.757184,4629.757219,0.035000
kworker/1:1,RUN,4629.757565,4629.757631,0.066000
kworker/1:1,RUN,4629.757760,4629.757827,0.067000
kworker/1:1,RUN,4629.758395,4629.758523,0.128000
kworker/1:1,RUN,4629.758864,4629.758959,0.095000
kworker/1:1,RUN,4629.759296,4629.759409,0.113000
kworker/1:1,RUN,4629.759569,4629.759592,0.023000
kworker/1:1,RUN,4629.759948,4629.759983,0.035000
kworker/1:1,RUN,4629.760545,4629.760607,0.062000
kworker/1:1,RUN,4629.761000,4629.761088,0.088000
kworker/1:1,RUN,4629.761427,4629.761493,0.066000
kworker/1:1,RUN,4629.761833,4629.761931,0.098000
kworker/1:1,RUN,4629.762275,4629.762356,0.081000
kworker/1:1,RUN,4629.762698,4629.762745,0.047000
kworker/1:1,RUN,4629.763134,4629.763162,0.028000
kworker/1:1,RUN,4629.763518,4629.763540,0.022000
kworker/1:1,RUN,4629.763891,4629.763955,0.064000
kworker/1:1,RUN,4629.764083,4629.764112,0.029000
kworker/1:1,RUN,4629.764713,4629.764764,0.051000
kworker/1:1,RUN,4629.899514,4629.899517,0.003000
kworker/1:1,RUN,4629.953510,4629.953517,0.007000
kworker/1:1,RUN,4630.146520,4630.146547,0.027000
kworker/1:1,RUN,4630.209658,4630.209666,0.008000
kworker/1:1,RUN,4630.327534,4630.327537,0.003000
kworker/1:1,RUN,4630.329517,4630.329518,0.001000
kworker/1:1,RUN,4630.337537,4630.337542,0.005000
kworker/1:1,RUN,4630.465524,4630.465533,0.009000
kworker/1:1,RUN,4630.529562,4630.529569,0.007000
kworker/1:1,RUN,4630.914777,4630.914784,0.007000
kworker/1:1,RUN,4630.977620,4630.977629,0.009000
kworker/1:1,RUN,4631.187637,4631.187643,0.006000
kworker/1:1,RUN,4631.187649,4631.187652,0.003000
kworker/1:1,RUN,4631.489671,4631.489695,0.024000
kworker/1:1,RUN,4631.553663,4631.553668,0.005000
kworker/1:1,RUN,4631.579678,4631.579685,0.007000
kworker/1:1,RUN,4631.617675,4631.617682,0.007000
kworker/1:1,RUN,4631.797689,4631.797697,0.008000
kworker/1:1,RUN,4631.874676,4631.874678,0.002000
kworker/1:1,RUN,4632.065725,4632.065729,0.004000
kworker/1:1,RUN,4632.193815,4632.193817,0.002000
kworker/1:1,RUN,4632.385773,4632.385836,0.063000
kworker/1:1,RUN,4632.904787,4632.904795,0.008000
kworker/1:1,RUN,4632.961846,4632.961856,0.010000
kworker/1:1,RUN,4633.345837,4633.345840,0.003000
kworker/1:1,RUN,4633.473875,4633.473880,0.005000
kworker/1:1,RUN,4633.537908,4633.537914,0.006000
kworker/1:1,RUN,4633.601881,4633.601905,0.024000
kworker/1:1,RUN,4633.794910,4633.794917,0.007000
kworker/1:1,RUN,4633.826012,4633.826103,0.091000
kworker/1:1,RUN,4633.826748,4633.826834,0.086000
kworker/1:1,RUN,4633.826996,4633.827019,0.023000
kworker/1:1,RUN,4633.827494,4633.827537,0.043000
kworker/1:1,RUN,4633.828008,4633.828037,0.029000
kworker/1:1,RUN,4633.828234,4633.828309,0.075000
kworker/1:1,RUN,4633.828768,4633.828860,0.092000
kworker/1:1,RUN,4633.829197,4633.829263,0.066000
kworker/1:1,RUN,4633.829592,4633.829690,0.098000
kworker/1:1,RUN,4633.830032,4633.830117,0.085000
kworker/1:1,RUN,4633.830454,4633.830496,0.042000
kworker/1:1,RUN,4633.831089,4633.831186,0.097000
kworker/1:1,RUN,4633.831526,4633.831613,0.087000
kworker/1:1,RUN,4633.831955,4633.832048,0.093000
kworker/1:1,RUN,4633.832385,4633.832476,0.091000
kworker/1:1,RUN,4633.832814,4633.832919,0.105000
kworker/1:1,RUN,4633.833397,4633.833497,0.100000
kworker/1:1,RUN,4633.833658,4633.833698,0.040000
kworker/1:1,RUN,4633.834049,4633.834090,0.041000
kworker/1:1,RUN,4633.834435,4633.834494,0.059000
kworker/1:1,RUN,4633.834623,4633.834690,0.067000
kworker/1:1,RUN,4633.835586,4633.835713,0.127000
kworker/1:1,RUN,4633.836047,4633.836084,0.037000
kworker/1:1,RUN,4633.836432,4633.836537,0.105000
kworker/1:1,RUN,4633.836697,4633.836720,0.023000
kworker/1:1,RUN,4633.837075,4633.837105,0.030000
kworker/1:1,RUN,4633.837804,4633.837893,0.089000
kworker/1:1,RUN,4633.838276,4633.838365,0.089000
kworker/1:1,RUN,4633.838703,4633.838794,0.091000
kworker/1:1,RUN,4633.839141,4633.839182,0.041000
kworker/1:1,RUN,4633.839528,4633.839600,0.072000
kworker/1:1,RUN,4633.839943,4633.839999,0.056000
kworker/1:1,RUN,4633.841053,4633.841076,0.023000
kworker/1:1,RUN,4633.841419,4633.841451,0.032000
kworker/1:1,RUN,4633.841798,4633.841861,0.063000
kworker/1:1,RUN,4633.841991,4633.842020,0.029000
kworker/1:1,RUN,4633.842610,4633.842664,0.054000
kworker/1:1,RUN,4633.921902,4633.921905,0.003000
kworker/1:1,RUN,4633.946932,4633.946955,0.023000
kworker/1:1,RUN,4634.076920,4634.076923,0.003000
kworker/1:1,RUN,4634.241962,4634.241984,0.022000
kworker/1:1,RUN,4634.423100,4634.423136,0.036000
kworker/1:1,RUN,4634.443338,4634.443352,0.014000
kworker/1:1,RUN,4634.562994,4634.562998,0.004000
kworker/1:1,RUN,4634.626975,4634.626977,0.002000
kworker/1:1,RUN,4634.754036,4634.754098,0.062000
kworker/1:1,RUN,4634.826092,4634.826186,0.094000
kworker/1:1,RUN,4634.827325,4634.827396,0.071000
kworker/1:1,RUN,4634.827612,4634.827634,0.022000
kworker/1:1,RUN,4634.828039,4634.828064,0.025000
kworker/1:1,RUN,4634.828403,4634.828459,0.056000
kworker/1:1,RUN,4634.828587,4634.828630,0.043000
kworker/1:1,RUN,4634.829206,4634.829232,0.026000
kworker/1:1,RUN,4634.829581,4634.829646,0.065000
kworker/1:1,RUN,4634.829983,4634.830089,0.106000
kworker/1:1,RUN,4634.830419,4634.830456,0.037000
kworker/1:1,RUN,4634.830793,4634.830844,0.051000
kworker/1:1,RUN,4634.831683,4634.831786,0.103000
kworker/1:1,RUN,4634.832123,4634.832189,0.066000
kworker/1:1,RUN,4634.832525,4634.832637,0.112000
kworker/1:1,RUN,4634.832973,4634.833030,0.057000
kworker/1:1,RUN,4634.833364,4634.833454,0.090000
kworker/1:1,RUN,4634.834367,4634.834465,0.098000
kworker/1:1,RUN,4634.834626,4634.834648,0.022000
kworker/1:1,RUN,4634.835018,4634.835064,0.046000
kworker/1:1,RUN,4634.835402,4634.835466,0.064000
kworker/1:1,RUN,4634.835594,4634.835666,0.072000
kworker/1:1,RUN,4634.836288,4634.836413,0.125000
kworker/1:1,RUN,4634.836751,4634.836812,0.061000
kworker/1:1,RUN,4634.891006,4634.891008,0.002000
kworker/1:1,RUN,4634.946014,4634.946026,0.012000
kworker/1:1,RUN,4635.522097,4635.522109,0.012000
kworker/1:1,RUN,4635.611164,4635.611171,0.007000
kworker/1:1,RUN,4635.619123,4635.619134,0.011000
kworker/1:1,RUN,4635.627088,4635.627095,0.007000
kworker/1:1,RUN,4635.650095,4635.650102,0.007000
kworker/1:1,RUN,4635.778142,4635.778202,0.060000
kworker/1:1,RUN,4635.837199,4635.837301,0.102000
kworker/1:1,RUN,4635.837725,4635.837816,0.091000
kworker/1:1,RUN,4635.837977,4635.838001,0.024000
kworker/1:1,RUN,4635.838430,4635.838461,0.031000
kworker/1:1,RUN,4635.838806,4635.838869,0.063000
kworker/1:1,RUN,4635.838998,4635.839042,0.044000
kworker/1:1,RUN,4635.839759,4635.839785,0.026000
kworker/1:1,RUN,4635.840142,4635.840191,0.049000
kworker/1:1,RUN,4635.840516,4635.840614,0.098000
kworker/1:1,RUN,4635.840943,4635.840969,0.026000
kworker/1:1,RUN,4635.841309,4635.841335,0.026000
kworker/1:1,RUN,4635.842331,4635.842404,0.073000
kworker/1:1,RUN,4635.842799,4635.842890,0.091000
kworker/1:1,RUN,4635.843218,4635.843276,0.058000
kworker/1:1,RUN,4635.843626,4635.843716,0.090000
kworker/1:1,RUN,4635.844053,4635.844123,0.070000
kworker/1:1,RUN,4635.844458,4635.844532,0.074000
kworker/1:1,RUN,4635.844944,4635.844967,0.023000
kworker/1:1,RUN,4635.845308,4635.845331,0.023000
kworker/1:1,RUN,4635.845681,4635.845748,0.067000
kworker/1:1,RUN,4635.845877,4635.845949,0.072000
kworker/1:1,RUN,4635.846490,4635.846626,0.136000
kworker/1:1,RUN,4635.846958,4635.847057,0.099000
kworker/1:1,RUN,4635.847393,4635.847508,0.115000
kworker/1:1,RUN,4635.847669,4635.847692,0.023000
kworker/1:1,RUN,4635.848045,4635.848079,0.034000
kworker/1:1,RUN,4635.848629,4635.848732,0.103000
kworker/1:1,RUN,4635.849109,4635.849135,0.026000
kworker/1:1,RUN,4635.849485,4635.849572,0.087000
kworker/1:1,RUN,4635.849912,4635.850010,0.098000
kworker/1:1,RUN,4635.850339,4635.850365,0.026000
kworker/1:1,RUN,4635.850710,4635.850737,0.027000
kworker/1:1,RUN,4635.850909,4635.850932,0.023000
kworker/1:1,RUN,4635.851488,4635.851517,0.029000
kworker/1:1,RUN,4635.851864,4635.851938,0.074000
kworker/1:1,RUN,4635.852278,4635.852350,0.072000
kworker/1:1,RUN,4635.914121,4635.914123,0.002000
kworker/1:1,RUN,4635.970164,4635.970171,0.007000
kworker/1:1,RUN,4635.984182,4635.984186,0.004000
kworker/1:1,RUN,4635.987151,4635.987157,0.006000
kworker/1:1,RUN,4636.098204,4636.098210,0.006000
kworker/1:1,RUN,4636.226185,4636.226212,0.027000
kworker/1:1,RUN,4636.618231,4636.618262,0.031000
kworker/1:1,RUN,4636.803216,4636.803262,0.046000
kworker/1:1,RUN,4636.864348,4636.864465,0.117000
kworker/1:1,RUN,4636.865127,4636.865218,0.091000
kworker/1:1,RUN,4636.865380,4636.865403,0.023000
kworker/1:1,RUN,4636.865757,4636.865789,0.032000
kworker/1:1,RUN,4636.866137,4636.866199,0.062000
kworker/1:1,RUN,4636.866329,4636.866371,0.042000
kworker/1:1,RUN,4636.866928,4636.867020,0.092000
kworker/1:1,RUN,4636.867316,4636.867343,0.027000
kworker/1:1,RUN,4636.867632,4636.867742,0.110000
kworker/1:1,RUN,4636.868080,4636.868140,0.060000
kworker/1:1,RUN,4636.868488,4636.868514,0.026000
kworker/1:1,RUN,4636.869077,4636.869186,0.109000
kworker/1:1,RUN,4636.869567,4636.869662,0.095000
kworker/1:1,RUN,4636.869998,4636.870100,0.102000
kworker/1:1,RUN,4636.870431,4636.870456,0.025000
kworker/1:1,RUN,4636.870804,4636.870830,0.026000
kworker/1:1,RUN,4636.871582,4636.871686,0.104000
kworker/1:1,RUN,4636.872070,4636.872094,0.024000
kworker/1:1,RUN,4636.872431,4636.872454,0.023000
kworker/1:1,RUN,4636.872799,4636.872829,0.030000
kworker/1:1,RUN,4636.872970,4636.873068,0.098000
kworker/1:1,RUN,4636.873585,4636.873706,0.121000
kworker/1:1,RUN,4636.874042,4636.874145,0.103000
kworker/1:1,RUN,4636.874487,4636.874587,0.100000
kworker/1:1,RUN,4636.874749,4636.874772,0.023000
kworker/1:1,RUN,4636.875124,4636.875157,0.033000
kworker/1:1,RUN,4636.875774,4636.875880,0.106000
kworker/1:1,RUN,4636.876253,4636.876278,0.025000
kworker/1:1,RUN,4636.876629,4636.876695,0.066000
kworker/1:1,RUN,4636.877031,4636.877137,0.106000
kworker/1:1,RUN,4636.877470,4636.877495,0.025000
kworker/1:1,RUN,4636.877843,4636.877931,0.088000
kworker/1:1,RUN,4636.878388,4636.878428,0.040000
kworker/1:1,RUN,4636.878773,4636.878800,0.027000
kworker/1:1,RUN,4636.879145,4636.879180,0.035000
kworker/1:1,RUN,4636.879317,4636.879345,0.028000
kworker/1:1,RUN,4636.879909,4636.879968,0.059000
kworker/1:1,RUN,4636.931259,4636.931281,0.022000
kworker/1:1,RUN,4637.122287,4637.122326,0.039000
kworker/1:1,RUN,4637.506297,4637.506306,0.009000
kworker/1:1,RUN,4637.514294,4637.514297,0.003000
kworker/1:1,RUN,4637.581338,4637.581355,0.017000
kworker/1:1,RUN,4637.635354,4637.635362,0.008000
kworker/1:1,RUN,4637.698351,4637.698376,0.025000
kworker/1:1,RUN,4637.896342,4637.896345,0.003000
kworker/1:1,RUN,4637.954369,4637.954391,0.022000
kworker/1:1,RUN,4638.018391,4638.018417,0.026000
kworker/1:1,RUN,4638.146366,4638.146393,0.027000
kworker/1:1,RUN,4638.210396,4638.210433,0.037000
kworker/1:1,RUN,4638.426427,4638.426431,0.004000
kworker/1:1,RUN,4638.914487,4638.914498,0.011000
kworker/1:1,RUN,4639.234520,4639.234542,0.022000
kworker/1:1,RUN,4639.490552,4639.490576,0.024000
kworker/1:1,RUN,4639.554520,4639.554531,0.011000
kworker/1:1,RUN,4639.612530,4639.612533,0.003000
kworker/1:1,RUN,4639.615576,4639.615582,0.006000
kworker/1:1,RUN,4639.618574,4639.618579,0.005000
kworker/1:1,RUN,4639.683590,4639.683604,0.014000
kworker/1:1,RUN,4639.878571,4639.878595,0.024000
kworker/1:1,RUN,4639.933610,4639.933613,0.003000
kworker/1:1,RUN,4639.939592,4639.939610,0.018000
kworker/1:1,RUN,4640.003604,4640.003629,0.025000
kworker/1:1,RUN,4640.066621,4640.066624,0.003000
kworker/1:1,RUN,4640.130617,4640.130622,0.005000
kworker/1:1,RUN,4640.194621,4640.194648,0.027000
kworker/1:1,SLEEP,4626.711329,4626.711736,0.407000
kworker/1:1,SLEEP,4626.711833,4626.711994,0.161000
kworker/1:1,SLEEP,4626.712017,4626.712368,0.351000
kworker/1:1,SLEEP,4626.712391,4626.712743,0.352000
kworker/1:1,SLEEP,4626.712804,4626.712933,0.129000
kworker/1:1,SLEEP,4626.713000,4626.713700,0.700000
kworker/1:1,SLEEP,4626.713725,4626.714078,0.353000
kworker/1:1,SLEEP,4626.714175,4626.714510,0.335000
kworker/1:1,SLEEP,4626.714615,4626.714955,0.340000
kworker/1:1,SLEEP,4626.715049,4626.715382,0.333000
kworker/1:1,SLEEP,4626.715408,4626.716445,1.037000
kworker/1:1,SLEEP,4626.716564,4626.716892,0.328000
kworker/1:1,SLEEP,4626.716920,4626.717278,0.358000
kworker/1:1,SLEEP,4626.717376,4626.717712,0.336000
kworker/1:1,SLEEP,4626.717803,4626.718153,0.350000
kworker/1:1,SLEEP,4626.718180,4626.718776,0.596000
kworker/1:1,SLEEP,4626.718879,4626.719039,0.160000
kworker/1:1,SLEEP,4626.719061,4626.719415,0.354000
kworker/1:1,SLEEP,4626.719448,4626.719795,0.347000
kworker/1:1,SLEEP,4626.719858,4626.719986,0.128000
kworker/1:1,SLEEP,4626.720053,4626.720588,0.535000
kworker/1:1,SLEEP,4626.720719,4626.721058,0.339000
kworker/1:1,SLEEP,4626.721167,4626.721503,0.336000
kworker/1:1,SLEEP,4626.721608,4626.721769,0.161000
kworker/1:1,SLEEP,4626.721791,4626.722137,0.346000
kworker/1:1,SLEEP,4626.722162,4626.722759,0.597000
kworker/1:1,SLEEP,4626.722865,4626.723252,0.387000
kworker/1:1,SLEEP,4626.723310,4626.723810,0.500000
kworker/1:1,SLEEP,4626.723837,4626.724134,0.297000
kworker/1:1,SLEEP,4626.724183,4626.724530,0.347000
kworker/1:1,SLEEP,4626.724625,4626.724954,0.329000
kworker/1:1,SLEEP,4626.724982,4626.725374,0.392000
kworker/1:1,SLEEP,4626.725397,4626.725752,0.355000
kworker/1:1,SLEEP,4626.725781,4626.726130,0.349000
kworker/1:1,SLEEP,4626.726169,4626.726309,0.140000
kworker/1:1,SLEEP,4626.726338,4626.727295,0.957000
kworker/1:1,SLEEP,4629.748711,4629.749335,0.624000
kworker/1:1,SLEEP,4629.749434,4629.749631,0.197000
kworker/1:1,SLEEP,4629.749653,4629.750147,0.494000
kworker/1:1,SLEEP,4629.750170,4629.750537,0.367000
kworker/1:1,SLEEP,4629.750567,4629.750708,0.141000
kworker/1:1,SLEEP,4629.750781,4629.751328,0.547000
kworker/1:1,SLEEP,4629.751421,4629.751761,0.340000
kworker/1:1,SLEEP,4629.751850,4629.752180,0.330000
kworker/1:1,SLEEP,4629.752277,4629.752626,0.349000
kworker/1:1,SLEEP,4629.752652,4629.753014,0.362000
kworker/1:1,SLEEP,4629.753091,4629.753780,0.689000
kworker/1:1,SLEEP,4629.753895,4629.754235,0.340000
kworker/1:1,SLEEP,4629.754299,4629.754641,0.342000
kworker/1:1,SLEEP,4629.754684,4629.755033,0.349000
kworker/1:1,SLEEP,4629.755127,4629.755467,0.340000
kworker/1:1,SLEEP,4629.755493,4629.756537,1.044000
kworker/1:1,SLEEP,4629.756646,4629.756807,0.161000
kworker/1:1,SLEEP,4629.756830,4629.757184,0.354000
kworker/1:1,SLEEP,4629.757219,4629.757565,0.346000
kworker/1:1,SLEEP,4629.757631,4629.757760,0.129000
kworker/1:1,SLEEP,4629.757827,4629.758395,0.568000
kworker/1:1,SLEEP,4629.758523,4629.758864,0.341000
kworker/1:1,SLEEP,4629.758959,4629.759296,0.337000
kworker/1:1,SLEEP,4629.759409,4629.759569,0.160000
kworker/1:1,SLEEP,4629.759592,4629.759948,0.356000
kworker/1:1,SLEEP,4629.759983,4629.760545,0.562000
kworker/1:1,SLEEP,4629.760607,4629.761000,0.393000
kworker/1:1,SLEEP,4629.761088,4629.761427,0.339000
kworker/1:1,SLEEP,4629.761493,4629.761833,0.340000
kworker/1:1,SLEEP,4629.761931,4629.762275,0.344000
kworker/1:1,SLEEP,4629.762356,4629.762698,0.342000
kworker/1:1,SLEEP,4629.762745,4629.763134,0.389000
kworker/1:1,SLEEP,4629.763162,4629.763518,0.356000
kworker/1:1,SLEEP,4629.763540,4629.763891,0.351000
kworker/1:1,SLEEP,4629.763955,4629.764083,0.128000
kworker/1:1,SLEEP,4629.764112,4629.764713,0.601000
kworker/1:1,PREEMPT,4631.187643,4631.187649,0.006000
kworker/1:1,SLEEP,4633.826103,4633.826748,0.645000
kworker/1:1,SLEEP,4633.826834,4633.826996,0.162000
kworker/1:1,SLEEP,4633.827019,4633.827494,0.475000
kworker/1:1,SLEEP,4633.827537,4633.828008,0.471000
kworker/1:1,SLEEP,4633.828037,4633.828234,0.197000
kworker/1:1,SLEEP,4633.828309,4633.828768,0.459000
kworker/1:1,SLEEP,4633.828860,4633.829197,0.337000
kworker/1:1,SLEEP,4633.829263,4633.829592,0.329000
kworker/1:1,SLEEP,4633.829690,4633.830032,0.342000
kworker/1:1,SLEEP,4633.830117,4633.830454,0.337000
kworker/1:1,SLEEP,4633.830496,4633.831089,0.593000
kworker/1:1,SLEEP,4633.831186,4633.831526,0.340000
kworker/1:1,SLEEP,4633.831613,4633.831955,0.342000
kworker/1:1,SLEEP,4633.832048,4633.832385,0.337000
kworker/1:1,SLEEP,4633.832476,4633.832814,0.338000
kworker/1:1,SLEEP,4633.832919,4633.833397,0.478000
kworker/1:1,SLEEP,4633.833497,4633.833658,0.161000
kworker/1:1,SLEEP,4633.833698,4633.834049,0.351000
kworker/1:1,SLEEP,4633.834090,4633.834435,0.345000
kworker/1:1,SLEEP,4633.834494,4633.834623,0.129000
kworker/1:1,SLEEP,4633.834690,4633.835586,0.896000
kworker/1:1,SLEEP,4633.835713,4633.836047,0.334000
kworker/1:1,SLEEP,4633.836084,4633.836432,0.348000
kworker/1:1,SLEEP,4633.836537,4633.836697,0.160000
kworker/1:1,SLEEP,4633.836720,4633.837075,0.355000
kworker/1:1,SLEEP,4633.837105,4633.837804,0.699000
kworker/1:1,SLEEP,4633.837893,4633.838276,0.383000
kworker/1:1,SLEEP,4633.838365,4633.838703,0.338000
kworker/1:1,SLEEP,4633.838794,4633.839141,0.347000
kworker/1:1,SLEEP,4633.839182,4633.839528,0.346000
kworker/1:1,SLEEP,4633.839600,4633.839943,0.343000
kworker/1:1,SLEEP,4633.839999,4633.841053,1.054000
kworker/1:1,SLEEP,4633.841076,4633.841419,0.343000
kworker/1:1,SLEEP,4633.841451,4633.841798,0.347000
kworker/1:1,SLEEP,4633.841861,4633.841991,0.130000
kworker/1:1,SLEEP,4633.842020,4633.842610,0.590000
kworker/1:1,SLEEP,4634.423136,4634.443338,20.202000
kworker/1:1,SLEEP,4634.826186,4634.827325,1.139000
kworker/1:1,SLEEP,4634.827396,4634.827612,0.216000
kworker/1:1,SLEEP,4634.827634,4634.828039,0.405000
kworker/1:1,SLEEP,4634.828064,4634.828403,0.339000
kworker/1:1,SLEEP,4634.828459,4634.828587,0.128000
kworker/1:1,SLEEP,4634.828630,4634.829206,0.576000
kworker/1:1,SLEEP,4634.829232,4634.829581,0.349000
kworker/1:1,SLEEP,4634.829646,4634.829983,0.337000
kworker/1:1,SLEEP,4634.830089,4634.830419,0.330000
kworker/1:1,SLEEP,4634.830456,4634.830793,0.337000
kworker/1:1,SLEEP,4634.830844,4634.831683,0.839000
kworker/1:1,SLEEP,4634.831786,4634.832123,0.337000
kworker/1:1,SLEEP,4634.832189,4634.832525,0.336000
kworker/1:1,SLEEP,4634.832637,4634.832973,0.336000
kworker/1:1,SLEEP,4634.833030,4634.833364,0.334000
kworker/1:1,SLEEP,4634.833454,4634.834367,0.913000
kworker/1:1,SLEEP,4634.834465,4634.834626,0.161000
kworker/1:1,SLEEP,4634.834648,4634.835018,0.370000
kworker/1:1,SLEEP,4634.835064,4634.835402,0.338000
kworker/1:1,SLEEP,4634.835466,4634.835594,0.128000
kworker/1:1,SLEEP,4634.835666,4634.836288,0.622000
kworker/1:1,SLEEP,4634.836413,4634.836751,0.338000
kworker/1:1,SLEEP,4635.837301,4635.837725,0.424000
kworker/1:1,SLEEP,4635.837816,4635.837977,0.161000
kworker/1:1,SLEEP,4635.838001,4635.838430,0.429000
kworker/1:1,SLEEP,4635.838461,4635.838806,0.345000
kworker/1:1,SLEEP,4635.838869,4635.838998,0.129000
kworker/1:1,SLEEP,4635.839042,4635.839759,0.717000
kworker/1:1,SLEEP,4635.839785,4635.840142,0.357000
kworker/1:1,SLEEP,4635.840191,4635.840516,0.325000
kworker/1:1,SLEEP,4635.840614,4635.840943,0.329000
kworker/1:1,SLEEP,4635.840969,4635.841309,0.340000
kworker/1:1,SLEEP,4635.841335,4635.842331,0.996000
kworker/1:1,SLEEP,4635.842404,4635.842799,0.395000
kworker/1:1,SLEEP,4635.842890,4635.843218,0.328000
kworker/1:1,SLEEP,4635.843276,4635.843626,0.350000
kworker/1:1,SLEEP,4635.843716,4635.844053,0.337000
kworker/1:1,SLEEP,4635.844123,4635.844458,0.335000
kworker/1:1,SLEEP,4635.844532,4635.844944,0.412000
kworker/1:1,SLEEP,4635.844967,4635.845308,0.341000
kworker/1:1,SLEEP,4635.845331,4635.845681,0.350000
kworker/1:1,SLEEP,4635.845748,4635.845877,0.129000
kworker/1:1,SLEEP,4635.845949,4635.846490,0.541000
kworker/1:1,SLEEP,4635.846626,4635.846958,0.332000
kworker/1:1,SLEEP,4635.847057,4635.847393,0.336000
kworker/1:1,SLEEP,4635.847508,4635.847669,0.161000
kworker/1:1,SLEEP,4635.847692,4635.848045,0.353000
kworker/1:1,SLEEP,4635.848079,4635.848629,0.550000
kworker/1:1,SLEEP,4635.848732,4635.849109,0.377000
kworker/1:1,SLEEP,4635.849135,4635.849485,0.350000
kworker/1:1,SLEEP,4635.849572,4635.849912,0.340000
kworker/1:1,SLEEP,4635.850010,4635.850339,0.329000
kworker/1:1,SLEEP,4635.850365,4635.850710,0.345000
kworker/1:1,SLEEP,4635.850737,4635.850909,0.172000
kworker/1:1,SLEEP,4635.850932,4635.851488,0.556000
kworker/1:1,SLEEP,4635.851517,4635.851864,0.347000
kworker/1:1,SLEEP,4635.851938,4635.852278,0.340000
kworker/1:1,SLEEP,4636.864465,4636.865127,0.662000
kworker/1:1,SLEEP,4636.865218,4636.865380,0.162000
kworker/1:1,SLEEP,4636.865403,4636.865757,0.354000
kworker/1:1,SLEEP,4636.865789,4636.866137,0.348000
kworker/1:1,SLEEP,4636.866199,4636.866329,0.130000
kworker/1:1,SLEEP,4636.866371,4636.866928,0.557000
kworker/1:1,SLEEP,4636.867020,4636.867316,0.296000
kworker/1:1,SLEEP,4636.867343,4636.867632,0.289000
kworker/1:1,SLEEP,4636.867742,4636.868080,0.338000
kworker/1:1,SLEEP,4636.868140,4636.868488,0.348000
kworker/1:1,SLEEP,4636.868514,4636.869077,0.563000
kworker/1:1,SLEEP,4636.869186,4636.869567,0.381000
kworker/1:1,SLEEP,4636.869662,4636.869998,0.336000
kworker/1:1,SLEEP,4636.870100,4636.870431,0.331000
kworker/1:1,SLEEP,4636.870456,4636.870804,0.348000
kworker/1:1,SLEEP,4636.870830,4636.871582,0.752000
kworker/1:1,SLEEP,4636.871686,4636.872070,0.384000
kworker/1:1,SLEEP,4636.872094,4636.872431,0.337000
kworker/1:1,SLEEP,4636.872454,4636.872799,0.345000
kworker/1:1,SLEEP,4636.872829,4636.872970,0.141000
kworker/1:1,SLEEP,4636.873068,4636.873585,0.517000
kworker/1:1,SLEEP,4636.873706,4636.874042,0.336000
kworker/1:1,SLEEP,4636.874145,4636.874487,0.342000
kworker/1:1,SLEEP,4636.874587,4636.874749,0.162000
kworker/1:1,SLEEP,4636.874772,4636.875124,0.352000
kworker/1:1,SLEEP,4636.875157,4636.875774,0.617000
kworker/1:1,SLEEP,4636.875880,4636.876253,0.373000
kworker/1:1,SLEEP,4636.876278,4636.876629,0.351000
kworker/1:1,SLEEP,4636.876695,4636.877031,0.336000
kworker/1:1,SLEEP,4636.877137,4636.877470,0.333000
kworker/1:1,SLEEP,4636.877495,4636.877843,0.348000
kworker/1:1,SLEEP,4636.877931,4636.878388,0.457000
kworker/1:1,SLEEP,4636.878428,4636.878773,0.345000
kworker/1:1,SLEEP,4636.878800,4636.879145,0.345000
kworker/1:1,SLEEP,4636.879180,4636.879317,0.137000
kworker/1:1,SLEEP,4636.879345,4636.879909,0.564000
kworker/1:1,STAT_PERIOD,0,0,0.000000
kworker/1:1,STAT_MEASURED,0,0,-1.000000
kworker/1:1,STAT_DEADLINE,0,0,0.000000
kworker/1:1,STAT_WCET,0,0,0.136000
kworker/1:1,STAT_ACET,0,0,0.046364
kworker/1:1,STAT_JITTER,0,0,-1.000000
kworker/1:1,STAT_UTIL,0,0,0.001059
kworker/1:1,STAT_NRUN,0,0,319
kworker/1:1,STAT_NPRE,0,0,1
kworker/1:1,STAT_NSLP,0,0,202
kworker/1:1,STAT_NMISS,0,0,0
kworker/1:1,STAT_WSLACK,0,0,-999999.000000
kworker/1:1,STAT_HGAPS,0,0,1.000000
kworker/1:1,STAT_NGAPS,0,0,318
kworker/1:1,STAT_MAXGAP,0,0,576.071000
kworker/1:1,STAT_RUNTOT,0,0,14.790000
kworker/1:1,STAT_PRETOT,0,0,0.006000
kworker/1:1,STAT_SLPTOT,0,0,97.440000
kworker/1:0,RUN,4635.843109,4635.843112,0.003000
kworker/1:0,RUN,4636.867222,4636.867226,0.004000
kworker/1:0,STAT_PERIOD,0,0,0.000000
kworker/1:0,STAT_MEASURED,0,0,-1.000000
kworker/1:0,STAT_DEADLINE,0,0,0.000000
kworker/1:0,STAT_WCET,0,0,0.004000
kworker/1:0,STAT_ACET,0,0,0.003500
kworker/1:0,STAT_JITTER,0,0,-1.000000
kworker/1:0,STAT_UTIL,0,0,0.000001
kworker/1:0,STAT_NRUN,0,0,2
kworker/1:0,STAT_NPRE,0,0,0
kworker/1:0,STAT_NSLP,0,0,0
kworker/1:0,STAT_NMISS,0,0,0
kworker/1:0,STAT_WSLACK,0,0,-999999.000000
kworker/1:0,STAT_HGAPS,0,0,1.000000
kworker/1:0,STAT_NGAPS,0,0,1
kworker/1:0,STAT_MAXGAP,0,0,1024.110000
kworker/1:0,STAT_RUNTOT,0,0,0.007000
kworker/1:0,STAT_PRETOT,0,0,0.000000
kworker/1:0,STAT_SLPTOT,0,0,0.000000
Ciao,RUN,4626.295934,4626.295940,0.006000
Ciao,RUN,4626.295975,4626.295996,0.021000
Ciao,RUN,4626.296001,4626.296003,0.002000
Ciao,RUN,4626.380529,4626.410404,29.875000
Ciao,RUN,4626.410549,4626.410594,0.045000
Ciao,RUN,4626.410719,4626.410946,0.227000
Ciao,RUN,4626.411069,4626.411115,0.046000
Ciao,RUN,4626.411239,4626.411444,0.205000
Ciao,RUN,4626.411567,4626.411613,0.046000
Ciao,RUN,4626.411737,4626.412365,0.628000
Ciao,RUN,4626.412463,4626.416166,3.703000
Ciao,RUN,4626.416407,4626.518539,102.132000
Ciao,RUN,4626.518785,4626.529899,11.114000
Ciao,RUN,4628.325212,4628.361796,36.584000
Ciao,RUN,4628.362086,4628.414822,52.736000
Ciao,RUN,4628.414964,4628.415010,0.046000
Ciao,RUN,4628.415139,4628.416804,1.665000
Ciao,RUN,4628.416903,4628.471525,54.622000
Ciao,RUN,4630.324863,4630.409817,84.954000
Ciao,RUN,4630.410051,4630.416835,6.784000
Ciao,RUN,4630.416981,4630.417026,0.045000
Ciao,RUN,4630.417155,4630.417399,0.244000
Ciao,RUN,4630.417528,4630.417572,0.044000
Ciao,RUN,4630.417697,4630.417832,0.135000
Ciao,RUN,4630.417956,4630.418001,0.045000
Ciao,RUN,4630.418127,4630.418793,0.666000
Ciao,RUN,4630.418892,4630.471033,52.141000
Ciao,RUN,4632.296647,4632.296654,0.007000
Ciao,RUN,4632.324077,4632.325060,0.983000
Ciao,RUN,4632.381527,4632.421083,39.556000
Ciao,RUN,4632.421229,4632.421274,0.045000
Ciao,RUN,4632.421411,4632.423041,1.630000
Ciao,RUN,4632.423140,4632.433416,10.276000
Ciao,RUN,4632.433648,4632.457862,24.214000
Ciao,RUN,4632.458097,4632.530717,72.620000
Ciao,RUN,4634.324809,4634.403487,78.678000
Ciao,RUN,4634.403773,4634.404285,0.512000
Ciao,RUN,4634.404510,4634.421585,17.075000
Ciao,RUN,4634.421695,4634.423068,1.373000
Ciao,RUN,4634.423203,4634.423952,0.749000
Ciao,RUN,4634.424172,4634.424255,0.083000
Ciao,RUN,4634.424347,4634.424408,0.061000
Ciao,RUN,4634.424536,4634.424793,0.257000
Ciao,RUN,4634.424917,4634.424964,0.047000
Ciao,RUN,4634.425092,4634.425229,0.137000
Ciao,RUN,4634.425352,4634.425398,0.046000
Ciao,RUN,4634.425523,4634.426260,0.737000
Ciao,RUN,4634.426359,4634.442091,15.732000
Ciao,RUN,4634.442175,4634.442540,0.365000
Ciao,RUN,4634.442770,4634.443626,0.856000
Ciao,RUN,4634.443750,4634.443795,0.045000
Ciao,RUN,4634.443925,4634.444109,0.184000
Ciao,RUN,4634.444232,4634.444278,0.046000
Ciao,RUN,4634.444405,4634.444539,0.134000
Ciao,RUN,4634.444662,4634.444707,0.045000
Ciao,RUN,4634.444832,4634.445610,0.778000
Ciao,RUN,4634.445709,4634.462601,16.892000
Ciao,RUN,4634.462830,4634.472190,9.360000
Ciao,RUN,4636.324856,4636.349118,24.262000
Ciao,RUN,4636.349358,4636.428508,79.150000
Ciao,RUN,4636.428653,4636.428698,0.045000
Ciao,RUN,4636.428827,4636.430474,1.647000
Ciao,RUN,4636.430574,4636.451507,20.933000
Ciao,RUN,4636.451749,4636.470456,18.707000
Ciao,RUN,4638.324953,4638.325720,0.767000
Ciao,RUN,4638.381623,4638.397156,15.533000
Ciao,RUN,4638.397397,4638.430718,33.321000
Ciao,RUN,4638.430849,4638.430893,0.044000
Ciao,RUN,4638.431021,4638.431281,0.260000
Ciao,RUN,4638.431409,4638.431454,0.045000
Ciao,RUN,4638.431579,4638.431718,0.139000
Ciao,RUN,4638.431842,4638.431887,0.045000
Ciao,RUN,4638.432013,4638.432679,0.666000
Ciao,RUN,4638.432778,4638.499564,66.786000
Ciao,RUN,4638.499866,4638.530587,30.721000
Ciao,RUN,4640.265470,4640.265577,0.107000
Ciao,SLEEP,4626.295940,4626.295975,0.035000
Ciao,PREEMPT,4626.295996,4626.296001,0.005000
Ciao,PREEMPT,4626.296003,4626.380529,84.526000
Ciao,PREEMPT,4626.410404,4626.410549,0.145000
Ciao,PREEMPT,4626.410594,4626.410719,0.125000
Ciao,PREEMPT,4626.410946,4626.411069,0.123000
Ciao,PREEMPT,4626.411115,4626.411239,0.124000
Ciao,PREEMPT,4626.411444,4626.411567,0.123000
Ciao,PREEMPT,4626.411613,4626.411737,0.124000
Ciao,PREEMPT,4626.412365,4626.412463,0.098000
Ciao,PREEMPT,4626.416166,4626.416407,0.241000
Ciao,PREEMPT,4626.518539,4626.518785,0.246000
Ciao,SLEEP,4626.529899,4628.325212,1795.313000
Ciao,PREEMPT,4628.361796,4628.362086,0.290000
Ciao,PREEMPT,4628.414822,4628.414964,0.142000
Ciao,PREEMPT,4628.415010,4628.415139,0.129000
Ciao,PREEMPT,4628.416804,4628.416903,0.099000
Ciao,SLEEP,4628.471525,4630.324863,1853.338000
Ciao,PREEMPT,4630.409817,4630.410051,0.234000
Ciao,PREEMPT,4630.416835,4630.416981,0.146000
Ciao,PREEMPT,4630.417026,4630.417155,0.129000
Ciao,PREEMPT,4630.417399,4630.417528,0.129000
Ciao,PREEMPT,4630.417572,4630.417697,0.125000
Ciao,PREEMPT,4630.417832,4630.417956,0.124000
Ciao,PREEMPT,4630.418001,4630.418127,0.126000
Ciao,PREEMPT,4630.418793,4630.418892,0.099000
Ciao,SLEEP,4630.471033,4632.296647,1825.614000
Ciao,PREEMPT,4632.296654,4632.324077,27.423000
Ciao,PREEMPT,4632.325060,4632.381527,56.467000
Ciao,PREEMPT,4632.421083,4632.421229,0.146000
Ciao,PREEMPT,4632.421274,4632.421411,0.137000
Ciao,PREEMPT,4632.423041,4632.423140,0.099000
Ciao,PREEMPT,4632.433416,4632.433648,0.232000
Ciao,PREEMPT,4632.457862,4632.458097,0.235000
Ciao,SLEEP,4632.530717,4634.324809,1794.092000
Ciao,PREEMPT,4634.403487,4634.403773,0.286000
Ciao,PREEMPT,4634.404285,4634.404510,0.225000
Ciao,PREEMPT,4634.421585,4634.421695,0.110000
Ciao,PREEMPT,4634.423068,4634.423203,0.135000
Ciao,PREEMPT,4634.423952,4634.424172,0.220000
Ciao,PREEMPT,4634.424255,4634.424347,0.092000
Ciao,PREEMPT,4634.424408,4634.424536,0.128000
Ciao,PREEMPT,4634.424793,4634.424917,0.124000
Ciao,PREEMPT,4634.424964,4634.425092,0.128000
Ciao,PREEMPT,4634.425229,4634.425352,0.123000
Ciao,PREEMPT,4634.425398,4634.425523,0.125000
Ciao,PREEMPT,4634.426260,4634.426359,0.099000
Ciao,PREEMPT,4634.442091,4634.442175,0.084000
Ciao,PREEMPT,4634.442540,4634.442770,0.230000
Ciao,PREEMPT,4634.443626,4634.443750,0.124000
Ciao,PREEMPT,4634.443795,4634.443925,0.130000
Ciao,PREEMPT,4634.444109,4634.444232,0.123000
Ciao,PREEMPT,4634.444278,4634.444405,0.127000
Ciao,PREEMPT,4634.444539,4634.444662,0.123000
Ciao,PREEMPT,4634.444707,4634.444832,0.125000
Ciao,PREEMPT,4634.445610,4634.445709,0.099000
Ciao,PREEMPT,4634.462601,4634.462830,0.229000
Ciao,SLEEP,4634.472190,4636.324856,1852.666000
Ciao,PREEMPT,4636.349118,4636.349358,0.240000
Ciao,PREEMPT,4636.428508,4636.428653,0.145000
Ciao,PREEMPT,4636.428698,4636.428827,0.129000
Ciao,PREEMPT,4636.430474,4636.430574,0.100000
Ciao,PREEMPT,4636.451507,4636.451749,0.242000
Ciao,SLEEP,4636.470456,4638.324953,1854.497000
Ciao,PREEMPT,4638.325720,4638.381623,55.903000
Ciao,PREEMPT,4638.397156,4638.397397,0.241000
Ciao,PREEMPT,4638.430718,4638.430849,0.131000
Ciao,PREEMPT,4638.430893,4638.431021,0.128000
Ciao,PREEMPT,4638.431281,4638.431409,0.128000
Ciao,PREEMPT,4638.431454,4638.431579,0.125000
Ciao,PREEMPT,4638.431718,4638.431842,0.124000
Ciao,PREEMPT,4638.431887,4638.432013,0.126000
Ciao,PREEMPT,4638.432679,4638.432778,0.099000
Ciao,PREEMPT,4638.499564,4638.499866,0.302000
Ciao,SLEEP,4638.530587,4640.265470,1734.883000
Ciao,MARKER_PERIOD_START_Ciao,4626.380534,4626.380534,0.0
Ciao,MARKER_FUNCTION_START_Ciao,4626.380535,4626.380535,0.0
Ciao,MARKER_FUNCTION_END_Ciao,4626.529886,4626.529886,0.0
Ciao,MARKER_SLEEP_START_Ciao,4626.529897,4626.529897,0.0
Ciao,MARKER_PERIOD_END_Ciao,4628.325214,4628.325214,0.0
Ciao,MARKER_PERIOD_START_Ciao,4628.325215,4628.325215,0.0
Ciao,MARKER_FUNCTION_START_Ciao,4628.325216,4628.325216,0.0
Ciao,MARKER_FUNCTION_END_Ciao,4628.471509,4628.471509,0.0
Ciao,MARKER_SLEEP_START_Ciao,4628.471523,4628.471523,0.0
Ciao,MARKER_PERIOD_END_Ciao,4630.324865,4630.324865,0.0
Ciao,MARKER_PERIOD_START_Ciao,4630.324866,4630.324866,0.0
Ciao,MARKER_FUNCTION_START_Ciao,4630.324866,4630.324866,0.0
Ciao,MARKER_FUNCTION_END_Ciao,4630.471022,4630.471022,0.0
Ciao,MARKER_SLEEP_START_Ciao,4630.471031,4630.471031,0.0
Ciao,MARKER_PERIOD_END_Ciao,4632.324079,4632.324079,0.0
Ciao,MARKER_PERIOD_START_Ciao,4632.324079,4632.324079,0.0
Ciao,MARKER_FUNCTION_START_Ciao,4632.324080,4632.324080,0.0
Ciao,MARKER_FUNCTION_END_Ciao,4632.530700,4632.530700,0.0
Ciao,MARKER_SLEEP_START_Ciao,4632.530712,4632.530712,0.0
Ciao,MARKER_PERIOD_END_Ciao,4634.324811,4634.324811,0.0
Ciao,MARKER_PERIOD_START_Ciao,4634.324812,4634.324812,0.0
Ciao,MARKER_FUNCTION_START_Ciao,4634.324812,4634.324812,0.0
Ciao,MARKER_FUNCTION_END_Ciao,4634.472176,4634.472176,0.0
Ciao,MARKER_SLEEP_START_Ciao,4634.472188,4634.472188,0.0
Ciao,MARKER_PERIOD_END_Ciao,4636.324858,4636.324858,0.0
Ciao,MARKER_PERIOD_START_Ciao,4636.324859,4636.324859,0.0
Ciao,MARKER_FUNCTION_START_Ciao,4636.324859,4636.324859,0.0
Ciao,MARKER_FUNCTION_END_Ciao,4636.470440,4636.470440,0.0
Ciao,MARKER_SLEEP_START_Ciao,4636.470453,4636.470453,0.0
Ciao,MARKER_PERIOD_END_Ciao,4638.324955,4638.324955,0.0
Ciao,MARKER_PERIOD_START_Ciao,4638.324956,4638.324956,0.0
Ciao,MARKER_FUNCTION_START_Ciao,4638.324956,4638.324956,0.0
Ciao,MARKER_FUNCTION_END_Ciao,4638.530571,4638.530571,0.0
Ciao,MARKER_SLEEP_START_Ciao,4638.530583,4638.530583,0.0
Ciao,STAT_PERIOD,0,0,2000.000000
Ciao,STAT_MEASURED,0,0,2000.047000
Ciao,STAT_DEADLINE,0,0,2000.000000
Ciao,STAT_WCET,0,0,149.324000
Ciao,STAT_ACET,0,0,146.165333
Ciao,STAT_JITTER,0,0,20.602034
Ciao,STAT_UTIL,0,0,0.085455
Ciao,STAT_NRUN,0,0,76
Ciao,STAT_NPRE,0,0,67
Ciao,STAT_NSLP,0,0,8
Ciao,STAT_NMISS,0,0,0
Ciao,STAT_WSLACK,0,0,1793.379000
Ciao,STAT_HGAPS,0,0,1.000000
Ciao,STAT_NGAPS,0,0,75
Ciao,STAT_MAXGAP,0,0,1854.497000
Ciao,STAT_RUNTOT,0,0,1025.462000
Ciao,STAT_PRETOT,0,0,233.743000
Ciao,STAT_SLPTOT,0,0,12710.438000
altitudine,RUN,4626.295983,4626.295988,0.005000
altitudine,RUN,4626.295996,4626.296001,0.005000
altitudine,RUN,4626.296003,4626.324119,28.116000
altitudine,RUN,4626.546134,4626.573962,27.828000
altitudine,RUN,4626.796157,4626.823514,27.357000
altitudine,RUN,4627.046207,4627.073562,27.355000
altitudine,RUN,4627.296127,4627.323530,27.403000
altitudine,RUN,4627.546136,4627.573367,27.231000
altitudine,RUN,4627.796296,4627.823682,27.386000
altitudine,RUN,4628.046212,4628.073584,27.372000
altitudine,RUN,4628.296235,4628.325212,28.977000
altitudine,RUN,4628.546264,4628.573765,27.501000
altitudine,RUN,4628.796296,4628.824555,28.259000
altitudine,RUN,4629.046302,4629.073948,27.646000
altitudine,RUN,4629.296327,4629.323804,27.477000
altitudine,RUN,4629.546390,4629.574025,27.635000
altitudine,RUN,4629.796399,4629.824198,27.799000
altitudine,RUN,4630.046409,4630.074037,27.628000
altitudine,RUN,4630.296455,4630.324568,28.113000
altitudine,RUN,4630.546463,4630.574779,28.316000
altitudine,RUN,4630.796509,4630.824399,27.890000
altitudine,RUN,4631.046519,4631.074296,27.777000
altitudine,RUN,4631.296564,4631.324080,27.516000
altitudine,RUN,4631.546573,4631.573965,27.392000
altitudine,RUN,4631.796631,4631.824644,28.013000
altitudine,RUN,4632.046651,4632.074333,27.682000
altitudine,RUN,4632.296654,4632.324077,27.423000
altitudine,RUN,4632.546719,4632.574813,28.094000
altitudine,RUN,4632.796745,4632.825778,29.033000
altitudine,RUN,4633.046739,4633.074687,27.948000
altitudine,RUN,4633.296793,4633.324529,27.736000
altitudine,RUN,4633.546793,4633.574298,27.505000
altitudine,RUN,4633.796837,4633.824514,27.677000
altitudine,RUN,4634.046862,4634.074487,27.625000
altitudine,RUN,4634.296973,4634.324506,27.533000
altitudine,RUN,4634.546916,4634.576541,29.625000
altitudine,RUN,4634.796955,4634.824608,27.653000
altitudine,RUN,4635.046957,4635.074548,27.591000
altitudine,RUN,4635.296987,4635.324576,27.589000
altitudine,RUN,4635.547029,4635.574542,27.513000
altitudine,RUN,4635.797064,4635.824696,27.632000
altitudine,RUN,4636.047066,4636.074433,27.367000
altitudine,RUN,4636.297105,4636.324856,27.751000
altitudine,RUN,4636.547122,4636.575541,28.419000
altitudine,RUN,4636.797172,4636.824992,27.820000
altitudine,RUN,4637.047194,4637.074742,27.548000
altitudine,RUN,4637.297227,4637.324890,27.663000
altitudine,RUN,4637.547258,4637.574896,27.638000
altitudine,RUN,4637.797286,4637.825272,27.986000
altitudine,RUN,4638.047288,4638.075101,27.813000
altitudine,RUN,4638.297331,4638.324953,27.622000
altitudine,RUN,4638.547364,4638.575482,28.118000
altitudine,RUN,4638.797393,4638.825288,27.895000
altitudine,RUN,4639.047418,4639.074976,27.558000
altitudine,RUN,4639.297448,4639.324923,27.475000
altitudine,RUN,4639.547454,4639.574749,27.295000
altitudine,RUN,4639.797505,4639.825207,27.702000
altitudine,RUN,4640.047540,4640.074846,27.306000
altitudine,RUN,4640.265435,4640.265461,0.026000
altitudine,SLEEP,4626.295988,4626.295996,0.008000
altitudine,SLEEP,4626.296001,4626.296003,0.002000
altitudine,SLEEP,4626.324119,4626.546134,222.015000
altitudine,SLEEP,4626.573962,4626.796157,222.195000
altitudine,SLEEP,4626.823514,4627.046207,222.693000
altitudine,SLEEP,4627.073562,4627.296127,222.565000
altitudine,SLEEP,4627.323530,4627.546136,222.606000
altitudine,SLEEP,4627.573367,4627.796296,222.929000
altitudine,SLEEP,4627.823682,4628.046212,222.530000
altitudine,SLEEP,4628.073584,4628.296235,222.651000
altitudine,SLEEP,4628.325212,4628.546264,221.052000
altitudine,SLEEP,4628.573765,4628.796296,222.531000
altitudine,SLEEP,4628.824555,4629.046302,221.747000
altitudine,SLEEP,4629.073948,4629.296327,222.379000
altitudine,SLEEP,4629.323804,4629.546390,222.586000
altitudine,SLEEP,4629.574025,4629.796399,222.374000
altitudine,SLEEP,4629.824198,4630.046409,222.211000
altitudine,SLEEP,4630.074037,4630.296455,222.418000
altitudine,SLEEP,4630.324568,4630.546463,221.895000
altitudine,SLEEP,4630.574779,4630.796509,221.730000
altitudine,SLEEP,4630.824399,4631.046519,222.120000
altitudine,SLEEP,4631.074296,4631.296564,222.268000
altitudine,SLEEP,4631.324080,4631.546573,222.493000
altitudine,SLEEP,4631.573965,4631.796631,222.666000
altitudine,SLEEP,4631.824644,4632.046651,222.007000
altitudine,SLEEP,4632.074333,4632.296654,222.321000
altitudine,SLEEP,4632.324077,4632.546719,222.642000
altitudine,SLEEP,4632.574813,4632.796745,221.932000
altitudine,SLEEP,4632.825778,4633.046739,220.961000
altitudine,SLEEP,4633.074687,4633.296793,222.106000
altitudine,SLEEP,4633.324529,4633.546793,222.264000
altitudine,SLEEP,4633.574298,4633.796837,222.539000
altitudine,SLEEP,4633.824514,4634.046862,222.348000
altitudine,SLEEP,4634.074487,4634.296973,222.486000
altitudine,SLEEP,4634.324506,4634.546916,222.410000
altitudine,SLEEP,4634.576541,4634.796955,220.414000
altitudine,SLEEP,4634.824608,4635.046957,222.349000
altitudine,SLEEP,4635.074548,4635.296987,222.439000
altitudine,SLEEP,4635.324576,4635.547029,222.453000
altitudine,SLEEP,4635.574542,4635.797064,222.522000
altitudine,SLEEP,4635.824696,4636.047066,222.370000
altitudine,SLEEP,4636.074433,4636.297105,222.672000
altitudine,SLEEP,4636.324856,4636.547122,222.266000
altitudine,SLEEP,4636.575541,4636.797172,221.631000
altitudine,SLEEP,4636.824992,4637.047194,222.202000
altitudine,SLEEP,4637.074742,4637.297227,222.485000
altitudine,SLEEP,4637.324890,4637.547258,222.368000
altitudine,SLEEP,4637.574896,4637.797286,222.390000
altitudine,SLEEP,4637.825272,4638.047288,222.016000
altitudine,SLEEP,4638.075101,4638.297331,222.230000
altitudine,SLEEP,4638.324953,4638.547364,222.411000
altitudine,SLEEP,4638.575482,4638.797393,221.911000
altitudine,SLEEP,4638.825288,4639.047418,222.130000
altitudine,SLEEP,4639.074976,4639.297448,222.472000
altitudine,SLEEP,4639.324923,4639.547454,222.531000
altitudine,SLEEP,4639.574749,4639.797505,222.756000
altitudine,SLEEP,4639.825207,4640.047540,222.333000
altitudine,SLEEP,4640.074846,4640.265435,190.589000
altitudine,MARKER_PERIOD_START_altitudine,4626.296005,4626.296005,0.0
altitudine,MARKER_FUNCTION_START_altitudine,4626.296005,4626.296005,0.0
altitudine,MARKER_FUNCTION_END_altitudine,4626.324091,4626.324091,0.0
altitudine,MARKER_SLEEP_START_altitudine,4626.324116,4626.324116,0.0
altitudine,MARKER_PERIOD_END_altitudine,4626.546144,4626.546144,0.0
altitudine,MARKER_PERIOD_START_altitudine,4626.546146,4626.546146,0.0
altitudine,MARKER_FUNCTION_START_altitudine,4626.546149,4626.546149,0.0
altitudine,MARKER_FUNCTION_END_altitudine,4626.573947,4626.573947,0.0
altitudine,MARKER_SLEEP_START_altitudine,4626.573959,4626.573959,0.0
altitudine,MARKER_PERIOD_END_altitudine,4626.796169,4626.796169,0.0
altitudine,MARKER_PERIOD_START_altitudine,4626.796170,4626.796170,0.0
altitudine,MARKER_FUNCTION_START_altitudine,4626.796170,4626.796170,0.0
altitudine,MARKER_FUNCTION_END_altitudine,4626.823497,4626.823497,0.0
altitudine,MARKER_SLEEP_START_altitudine,4626.823510,4626.823510,0.0
altitudine,MARKER_PERIOD_END_altitudine,4627.046220,4627.046220,0.0
altitudine,MARKER_PERIOD_START_altitudine,4627.046221,4627.046221,0.0
altitudine,MARKER_FUNCTION_START_altitudine,4627.046222,4627.046222,0.0
altitudine,MARKER_FUNCTION_END_altitudine,4627.073547,4627.073547,0.0
altitudine,MARKER_SLEEP_START_altitudine,4627.073560,4627.073560,0.0
altitudine,MARKER_PERIOD_END_altitudine,4627.296141,4627.296141,0.0
altitudine,MARKER_PERIOD_START_altitudine,4627.296142,4627.296142,0.0
altitudine,MARKER_FUNCTION_START_altitudine,4627.296142,4627.296142,0.0
altitudine,MARKER_FUNCTION_END_altitudine,4627.323516,4627.323516,0.0
altitudine,MARKER_SLEEP_START_altitudine,4627.323528,4627.323528,0.0
altitudine,MARKER_PERIOD_END_altitudine,4627.546138,4627.546138,0.0
altitudine,MARKER_PERIOD_START_altitudine,4627.546139,4627.546139,0.0
altitudine,MARKER_FUNCTION_START_altitudine,4627.546139,4627.546139,0.0
altitudine,MARKER_FUNCTION_END_altitudine,4627.573352,4627.573352,0.0
altitudine,MARKER_SLEEP_START_altitudine,4627.573365,4627.573365,0.0
altitudine,MARKER_PERIOD_END_altitudine,4627.796307,4627.796307,0.0
altitudine,MARKER_PERIOD_START_altitudine,4627.796308,4627.796308,0.0
altitudine,MARKER_FUNCTION_START_altitudine,4627.796309,4627.796309,0.0
altitudine,MARKER_FUNCTION_END_altitudine,4627.823666,4627.823666,0.0
altitudine,MARKER_SLEEP_START_altitudine,4627.823680,4627.823680,0.0
altitudine,MARKER_PERIOD_END_altitudine,4628.046224,4628.046224,0.0
altitudine,MARKER_PERIOD_START_altitudine,4628.046225,4628.046225,0.0
altitudine,MARKER_FUNCTION_START_altitudine,4628.046226,4628.046226,0.0
altitudine,MARKER_FUNCTION_END_altitudine,4628.073569,4628.073569,0.0
altitudine,MARKER_SLEEP_START_altitudine,4628.073581,4628.073581,0.0
altitudine,MARKER_PERIOD_END_altitudine,4628.296246,4628.296246,0.0
altitudine,MARKER_PERIOD_START_altitudine,4628.296247,4628.296247,0.0
altitudine,MARKER_FUNCTION_START_altitudine,4628.296248,4628.296248,0.0
altitudine,MARKER_FUNCTION_END_altitudine,4628.325196,4628.325196,0.0
altitudine,MARKER_SLEEP_START_altitudine,4628.325210,4628.325210,0.0
altitudine,MARKER_PERIOD_END_altitudine,4628.546295,4628.546295,0.0
altitudine,MARKER_PERIOD_START_altitudine,4628.546296,4628.546296,0.0
altitudine,MARKER_FUNCTION_START_altitudine,4628.546297,4628.546297,0.0
altitudine,MARKER_FUNCTION_END_altitudine,4628.573749,4628.573749,0.0
altitudine,MARKER_SLEEP_START_altitudine,4628.573763,4628.573763,0.0
altitudine,MARKER_PERIOD_END_altitudine,4628.796322,4628.796322,0.0
altitudine,MARKER_PERIOD_START_altitudine,4628.796323,4628.796323,0.0
altitudine,MARKER_FUNCTION_START_altitudine,4628.796323,4628.796323,0.0
altitudine,MARKER_FUNCTION_END_altitudine,4628.824540,4628.824540,0.0
altitudine,MARKER_SLEEP_START_altitudine,4628.824553,4628.824553,0.0
altitudine,MARKER_PERIOD_END_altitudine,4629.046310,4629.046310,0.0
altitudine,MARKER_PERIOD_START_altitudine,4629.046311,4629.046311,0.0
altitudine,MARKER_FUNCTION_START_altitudine,4629.046312,4629.046312,0.0
altitudine,MARKER_FUNCTION_END_altitudine,4629.073935,4629.073935,0.0
altitudine,MARKER_SLEEP_START_altitudine,4629.073946,4629.073946,0.0
altitudine,MARKER_PERIOD_END_altitudine,4629.296336,4629.296336,0.0
altitudine,MARKER_PERIOD_START_altitudine,4629.296337,4629.296337,0.0
altitudine,MARKER_FUNCTION_START_altitudine,4629.296337,4629.296337,0.0
altitudine,MARKER_FUNCTION_END_altitudine,4629.323787,4629.323787,0.0
altitudine,MARKER_SLEEP_START_altitudine,4629.323801,4629.323801,0.0
altitudine,MARKER_PERIOD_END_altitudine,4629.546399,4629.546399,0.0
altitudine,MARKER_PERIOD_START_altitudine,4629.546401,4629.546401,0.0
altitudine,MARKER_FUNCTION_START_altitudine,4629.546401,4629.546401,0.0
altitudine,MARKER_FUNCTION_END_altitudine,4629.574007,4629.574007,0.0
altitudine,MARKER_SLEEP_START_altitudine,4629.574022,4629.574022,0.0
altitudine,MARKER_PERIOD_END_altitudine,4629.796429,4629.796429,0.0
altitudine,MARKER_PERIOD_START_altitudine,4629.796430,4629.796430,0.0
altitudine,MARKER_FUNCTION_START_altitudine,4629.796431,4629.796431,0.0
altitudine,MARKER_FUNCTION_END_altitudine,4629.824184,4629.824184,0.0
altitudine,MARKER_SLEEP_START_altitudine,4629.824196,4629.824196,0.0
altitudine,MARKER_PERIOD_END_altitudine,4630.046417,4630.046417,0.0
altitudine,MARKER_PERIOD_START_altitudine,4630.046418,4630.046418,0.0
altitudine,MARKER_FUNCTION_START_altitudine,4630.046419,4630.046419,0.0
altitudine,MARKER_FUNCTION_END_altitudine,4630.074023,4630.074023,0.0
altitudine,MARKER_SLEEP_START_altitudine,4630.074035,4630.074035,0.0
altitudine,MARKER_PERIOD_END_altitudine,4630.296467,4630.296467,0.0
altitudine,MARKER_PERIOD_START_altitudine,4630.296468,4630.296468,0.0
altitudine,MARKER_FUNCTION_START_altitudine,4630.296469,4630.296469,0.0
altitudine,MARKER_FUNCTION_END_altitudine,4630.324554,4630.324554,0.0
altitudine,MARKER_SLEEP_START_altitudine,4630.324566,4630.324566,0.0
altitudine,MARKER_PERIOD_END_altitudine,4630.546465,4630.546465,0.0
altitudine,MARKER_PERIOD_START_altitudine,4630.546466,4630.546466,0.0
altitudine,MARKER_FUNCTION_START_altitudine,4630.546466,4630.546466,0.0
altitudine,MARKER_FUNCTION_END_altitudine,4630.574764,4630.574764,0.0
altitudine,MARKER_SLEEP_START_altitudine,4630.574777,4630.574777,0.0
altitudine,MARKER_PERIOD_END_altitudine,4630.796518,4630.796518,0.0
altitudine,MARKER_PERIOD_START_altitudine,4630.796519,4630.796519,0.0
altitudine,MARKER_FUNCTION_START_altitudine,4630.796519,4630.796519,0.0
altitudine,MARKER_FUNCTION_END_altitudine,4630.824383,4630.824383,0.0
altitudine,MARKER_SLEEP_START_altitudine,4630.824397,4630.824397,0.0
altitudine,MARKER_PERIOD_END_altitudine,4631.046528,4631.046528,0.0
altitudine,MARKER_PERIOD_START_altitudine,4631.046529,4631.046529,0.0
altitudine,MARKER_FUNCTION_START_altitudine,4631.046529,4631.046529,0.0
altitudine,MARKER_FUNCTION_END_altitudine,4631.074283,4631.074283,0.0
altitudine,MARKER_SLEEP_START_altitudine,4631.074293,4631.074293,0.0
altitudine,MARKER_PERIOD_END_altitudine,4631.296579,4631.296579,0.0
altitudine,MARKER_PERIOD_START_altitudine,4631.296580,4631.296580,0.0
altitudine,MARKER_FUNCTION_START_altitudine,4631.296581,4631.296581,0.0
altitudine,MARKER_FUNCTION_END_altitudine,4631.324065,4631.324065,0.0
altitudine,MARKER_SLEEP_START_altitudine,4631.324077,4631.324077,0.0
altitudine,MARKER_PERIOD_END_altitudine,4631.546581,4631.546581,0.0
altitudine,MARKER_PERIOD_START_altitudine,4631.546582,4631.546582,0.0
altitudine,MARKER_FUNCTION_START_altitudine,4631.546583,4631.546583,0.0
altitudine,MARKER_FUNCTION_END_altitudine,4631.573951,4631.573951,0.0
altitudine,MARKER_SLEEP_START_altitudine,4631.573962,4631.573962,0.0
altitudine,MARKER_PERIOD_END_altitudine,4631.796646,4631.796646,0.0
altitudine,MARKER_PERIOD_START_altitudine,4631.796647,4631.796647,0.0
altitudine,MARKER_FUNCTION_START_altitudine,4631.796648,4631.796648,0.0
altitudine,MARKER_FUNCTION_END_altitudine,4631.824629,4631.824629,0.0
altitudine,MARKER_SLEEP_START_altitudine,4631.824641,4631.824641,0.0
altitudine,MARKER_PERIOD_END_altitudine,4632.046671,4632.046671,0.0
altitudine,MARKER_PERIOD_START_altitudine,4632.046672,4632.046672,0.0
altitudine,MARKER_FUNCTION_START_altitudine,4632.046673,4632.046673,0.0
altitudine,MARKER_FUNCTION_END_altitudine,4632.074320,4632.074320,0.0
altitudine,MARKER_SLEEP_START_altitudine,4632.074331,4632.074331,0.0
altitudine,MARKER_PERIOD_END_altitudine,4632.296661,4632.296661,0.0
altitudine,MARKER_PERIOD_START_altitudine,4632.296662,4632.296662,0.0
altitudine,MARKER_FUNCTION_START_altitudine,4632.296663,4632.296663,0.0
altitudine,MARKER_FUNCTION_END_altitudine,4632.324063,4632.324063,0.0
altitudine,MARKER_SLEEP_START_altitudine,4632.324075,4632.324075,0.0
altitudine,MARKER_PERIOD_END_altitudine,4632.546727,4632.546727,0.0
altitudine,MARKER_PERIOD_START_altitudine,4632.546727,4632.546727,0.0
altitudine,MARKER_FUNCTION_START_altitudine,4632.546728,4632.546728,0.0
altitudine,MARKER_FUNCTION_END_altitudine,4632.574799,4632.574799,0.0
altitudine,MARKER_SLEEP_START_altitudine,4632.574811,4632.574811,0.0
altitudine,MARKER_PERIOD_END_altitudine,4632.796753,4632.796753,0.0
altitudine,MARKER_PERIOD_START_altitudine,4632.796754,4632.796754,0.0
altitudine,MARKER_FUNCTION_START_altitudine,4632.796755,4632.796755,0.0
altitudine,MARKER_FUNCTION_END_altitudine,4632.825759,4632.825759,0.0
altitudine,MARKER_SLEEP_START_altitudine,4632.825775,4632.825775,0.0
altitudine,MARKER_PERIOD_END_altitudine,4633.046756,4633.046756,0.0
altitudine,MARKER_PERIOD_START_altitudine,4633.046762,4633.046762,0.0
altitudine,MARKER_FUNCTION_START_altitudine,4633.046767,4633.046767,0.0
altitudine,MARKER_FUNCTION_END_altitudine,4633.074672,4633.074672,0.0
altitudine,MARKER_SLEEP_START_altitudine,4633.074685,4633.074685,0.0
altitudine,MARKER_PERIOD_END_altitudine,4633.296803,4633.296803,0.0
altitudine,MARKER_PERIOD_START_altitudine,4633.296804,4633.296804,0.0
altitudine,MARKER_FUNCTION_START_altitudine,4633.296804,4633.296804,0.0
altitudine,MARKER_FUNCTION_END_altitudine,4633.324513,4633.324513,0.0
altitudine,MARKER_SLEEP_START_altitudine,4633.324526,4633.324526,0.0
altitudine,MARKER_PERIOD_END_altitudine,4633.546797,4633.546797,0.0
altitudine,MARKER_PERIOD_START_altitudine,4633.546798,4633.546798,0.0
altitudine,MARKER_FUNCTION_START_altitudine,4633.546799,4633.546799,0.0
altitudine,MARKER_FUNCTION_END_altitudine,4633.574281,4633.574281,0.0
altitudine,MARKER_SLEEP_START_altitudine,4633.574295,4633.574295,0.0
altitudine,MARKER_PERIOD_END_altitudine,4633.796866,4633.796866,0.0
altitudine,MARKER_PERIOD_START_altitudine,4633.796867,4633.796867,0.0
altitudine,MARKER_FUNCTION_START_altitudine,4633.796867,4633.796867,0.0
altitudine,MARKER_FUNCTION_END_altitudine,4633.824499,4633.824499,0.0
altitudine,MARKER_SLEEP_START_altitudine,4633.824512,4633.824512,0.0
altitudine,MARKER_PERIOD_END_altitudine,4634.046892,4634.046892,0.0
altitudine,MARKER_PERIOD_START_altitudine,4634.046893,4634.046893,0.0
altitudine,MARKER_FUNCTION_START_altitudine,4634.046894,4634.046894,0.0
altitudine,MARKER_FUNCTION_END_altitudine,4634.074474,4634.074474,0.0
altitudine,MARKER_SLEEP_START_altitudine,4634.074485,4634.074485,0.0
altitudine,MARKER_PERIOD_END_altitudine,4634.296984,4634.296984,0.0
altitudine,MARKER_PERIOD_START_altitudine,4634.296985,4634.296985,0.0
altitudine,MARKER_FUNCTION_START_altitudine,4634.296986,4634.296986,0.0
altitudine,MARKER_FUNCTION_END_altitudine,4634.324491,4634.324491,0.0
altitudine,MARKER_SLEEP_START_altitudine,4634.324504,4634.324504,0.0
altitudine,MARKER_PERIOD_END_altitudine,4634.546929,4634.546929,0.0
altitudine,MARKER_PERIOD_START_altitudine,4634.546932,4634.546932,0.0
altitudine,MARKER_FUNCTION_START_altitudine,4634.546933,4634.546933,0.0
altitudine,MARKER_FUNCTION_END_altitudine,4634.576524,4634.576524,0.0
altitudine,MARKER_SLEEP_START_altitudine,4634.576538,4634.576538,0.0
altitudine,MARKER_PERIOD_END_altitudine,4634.796975,4634.796975,0.0
altitudine,MARKER_PERIOD_START_altitudine,4634.796976,4634.796976,0.0
altitudine,MARKER_FUNCTION_START_altitudine,4634.796977,4634.796977,0.0
altitudine,MARKER_FUNCTION_END_altitudine,4634.824593,4634.824593,0.0
altitudine,MARKER_SLEEP_START_altitudine,4634.824606,4634.824606,0.0
altitudine,MARKER_PERIOD_END_altitudine,4635.046966,4635.046966,0.0
altitudine,MARKER_PERIOD_START_altitudine,4635.046967,4635.046967,0.0
altitudine,MARKER_FUNCTION_START_altitudine,4635.046967,4635.046967,0.0
altitudine,MARKER_FUNCTION_END_altitudine,4635.074533,4635.074533,0.0
altitudine,MARKER_SLEEP_START_altitudine,4635.074545,4635.074545,0.0
altitudine,MARKER_PERIOD_END_altitudine,4635.296997,4635.296997,0.0
altitudine,MARKER_PERIOD_START_altitudine,4635.296998,4635.296998,0.0
altitudine,MARKER_FUNCTION_START_altitudine,4635.297000,4635.297000,0.0
altitudine,MARKER_FUNCTION_END_altitudine,4635.324562,4635.324562,0.0
altitudine,MARKER_SLEEP_START_altitudine,4635.324574,4635.324574,0.0
altitudine,MARKER_PERIOD_END_altitudine,4635.547049,4635.547049,0.0
altitudine,MARKER_PERIOD_START_altitudine,4635.547050,4635.547050,0.0
altitudine,MARKER_FUNCTION_START_altitudine,4635.547051,4635.547051,0.0
altitudine,MARKER_FUNCTION_END_altitudine,4635.574530,4635.574530,0.0
altitudine,MARKER_SLEEP_START_altitudine,4635.574541,4635.574541,0.0
altitudine,MARKER_PERIOD_END_altitudine,4635.797075,4635.797075,0.0
altitudine,MARKER_PERIOD_START_altitudine,4635.797077,4635.797077,0.0
altitudine,MARKER_FUNCTION_START_altitudine,4635.797077,4635.797077,0.0
altitudine,MARKER_FUNCTION_END_altitudine,4635.824680,4635.824680,0.0
altitudine,MARKER_SLEEP_START_altitudine,4635.824693,4635.824693,0.0
altitudine,MARKER_PERIOD_END_altitudine,4636.047074,4636.047074,0.0
altitudine,MARKER_PERIOD_START_altitudine,4636.047075,4636.047075,0.0
altitudine,MARKER_FUNCTION_START_altitudine,4636.047075,4636.047075,0.0
altitudine,MARKER_FUNCTION_END_altitudine,4636.074420,4636.074420,0.0
altitudine,MARKER_SLEEP_START_altitudine,4636.074431,4636.074431,0.0
altitudine,MARKER_PERIOD_END_altitudine,4636.297114,4636.297114,0.0
altitudine,MARKER_PERIOD_START_altitudine,4636.297114,4636.297114,0.0
altitudine,MARKER_FUNCTION_START_altitudine,4636.297115,4636.297115,0.0
altitudine,MARKER_FUNCTION_END_altitudine,4636.324842,4636.324842,0.0
altitudine,MARKER_SLEEP_START_altitudine,4636.324853,4636.324853,0.0
altitudine,MARKER_PERIOD_END_altitudine,4636.547126,4636.547126,0.0
altitudine,MARKER_PERIOD_START_altitudine,4636.547126,4636.547126,0.0
altitudine,MARKER_FUNCTION_START_altitudine,4636.547127,4636.547127,0.0
altitudine,MARKER_FUNCTION_END_altitudine,4636.575526,4636.575526,0.0
altitudine,MARKER_SLEEP_START_altitudine,4636.575539,4636.575539,0.0
altitudine,MARKER_PERIOD_END_altitudine,4636.797185,4636.797185,0.0
altitudine,MARKER_PERIOD_START_altitudine,4636.797186,4636.797186,0.0
altitudine,MARKER_FUNCTION_START_altitudine,4636.797187,4636.797187,0.0
altitudine,MARKER_FUNCTION_END_altitudine,4636.824976,4636.824976,0.0
altitudine,MARKER_SLEEP_START_altitudine,4636.824989,4636.824989,0.0
altitudine,MARKER_PERIOD_END_altitudine,4637.047203,4637.047203,0.0
altitudine,MARKER_PERIOD_START_altitudine,4637.047204,4637.047204,0.0
altitudine,MARKER_FUNCTION_START_altitudine,4637.047204,4637.047204,0.0
altitudine,MARKER_FUNCTION_END_altitudine,4637.074728,4637.074728,0.0
altitudine,MARKER_SLEEP_START_altitudine,4637.074739,4637.074739,0.0
altitudine,MARKER_PERIOD_END_altitudine,4637.297238,4637.297238,0.0
altitudine,MARKER_PERIOD_START_altitudine,4637.297239,4637.297239,0.0
altitudine,MARKER_FUNCTION_START_altitudine,4637.297240,4637.297240,0.0
altitudine,MARKER_FUNCTION_END_altitudine,4637.324874,4637.324874,0.0
altitudine,MARKER_SLEEP_START_altitudine,4637.324887,4637.324887,0.0
altitudine,MARKER_PERIOD_END_altitudine,4637.547268,4637.547268,0.0
altitudine,MARKER_PERIOD_START_altitudine,4637.547269,4637.547269,0.0
altitudine,MARKER_FUNCTION_START_altitudine,4637.547269,4637.547269,0.0
altitudine,MARKER_FUNCTION_END_altitudine,4637.574881,4637.574881,0.0
altitudine,MARKER_SLEEP_START_altitudine,4637.574894,4637.574894,0.0
altitudine,MARKER_PERIOD_END_altitudine,4637.797313,4637.797313,0.0
altitudine,MARKER_PERIOD_START_altitudine,4637.797314,4637.797314,0.0
altitudine,MARKER_FUNCTION_START_altitudine,4637.797315,4637.797315,0.0
altitudine,MARKER_FUNCTION_END_altitudine,4637.825255,4637.825255,0.0
altitudine,MARKER_SLEEP_START_altitudine,4637.825269,4637.825269,0.0
altitudine,MARKER_PERIOD_END_altitudine,4638.047297,4638.047297,0.0
altitudine,MARKER_PERIOD_START_altitudine,4638.047297,4638.047297,0.0
altitudine,MARKER_FUNCTION_START_altitudine,4638.047298,4638.047298,0.0
altitudine,MARKER_FUNCTION_END_altitudine,4638.075086,4638.075086,0.0
altitudine,MARKER_SLEEP_START_altitudine,4638.075098,4638.075098,0.0
altitudine,MARKER_PERIOD_END_altitudine,4638.297342,4638.297342,0.0
altitudine,MARKER_PERIOD_START_altitudine,4638.297343,4638.297343,0.0
altitudine,MARKER_FUNCTION_START_altitudine,4638.297343,4638.297343,0.0
altitudine,MARKER_FUNCTION_END_altitudine,4638.324939,4638.324939,0.0
altitudine,MARKER_SLEEP_START_altitudine,4638.324951,4638.324951,0.0
altitudine,MARKER_PERIOD_END_altitudine,4638.547375,4638.547375,0.0
altitudine,MARKER_PERIOD_START_altitudine,4638.547376,4638.547376,0.0
altitudine,MARKER_FUNCTION_START_altitudine,4638.547376,4638.547376,0.0
altitudine,MARKER_FUNCTION_END_altitudine,4638.575465,4638.575465,0.0
altitudine,MARKER_SLEEP_START_altitudine,4638.575480,4638.575480,0.0
altitudine,MARKER_PERIOD_END_altitudine,4638.797428,4638.797428,0.0
altitudine,MARKER_PERIOD_START_altitudine,4638.797429,4638.797429,0.0
altitudine,MARKER_FUNCTION_START_altitudine,4638.797430,4638.797430,0.0
altitudine,MARKER_FUNCTION_END_altitudine,4638.825272,4638.825272,0.0
altitudine,MARKER_SLEEP_START_altitudine,4638.825285,4638.825285,0.0
altitudine,MARKER_PERIOD_END_altitudine,4639.047429,4639.047429,0.0
altitudine,MARKER_PERIOD_START_altitudine,4639.047430,4639.047430,0.0
altitudine,MARKER_FUNCTION_START_altitudine,4639.047430,4639.047430,0.0
altitudine,MARKER_FUNCTION_END_altitudine,4639.074960,4639.074960,0.0
altitudine,MARKER_SLEEP_START_altitudine,4639.074973,4639.074973,0.0
altitudine,MARKER_PERIOD_END_altitudine,4639.297461,4639.297461,0.0
altitudine,MARKER_PERIOD_START_altitudine,4639.297462,4639.297462,0.0
altitudine,MARKER_FUNCTION_START_altitudine,4639.297462,4639.297462,0.0
altitudine,MARKER_FUNCTION_END_altitudine,4639.324910,4639.324910,0.0
altitudine,MARKER_SLEEP_START_altitudine,4639.324921,4639.324921,0.0
altitudine,MARKER_PERIOD_END_altitudine,4639.547456,4639.547456,0.0
altitudine,MARKER_PERIOD_START_altitudine,4639.547456,4639.547456,0.0
altitudine,MARKER_FUNCTION_START_altitudine,4639.547456,4639.547456,0.0
altitudine,MARKER_FUNCTION_END_altitudine,4639.574735,4639.574735,0.0
altitudine,MARKER_SLEEP_START_altitudine,4639.574746,4639.574746,0.0
altitudine,MARKER_PERIOD_END_altitudine,4639.797547,4639.797547,0.0
altitudine,MARKER_PERIOD_START_altitudine,4639.797549,4639.797549,0.0
altitudine,MARKER_FUNCTION_START_altitudine,4639.797550,4639.797550,0.0
altitudine,MARKER_FUNCTION_END_altitudine,4639.825193,4639.825193,0.0
altitudine,MARKER_SLEEP_START_altitudine,4639.825205,4639.825205,0.0
altitudine,MARKER_PERIOD_END_altitudine,4640.047556,4640.047556,0.0
altitudine,MARKER_PERIOD_START_altitudine,4640.047557,4640.047557,0.0
altitudine,MARKER_FUNCTION_START_altitudine,4640.047557,4640.047557,0.0
altitudine,MARKER_FUNCTION_END_altitudine,4640.074831,4640.074831,0.0
altitudine,MARKER_SLEEP_START_altitudine,4640.074843,4640.074843,0.0
altitudine,STAT_PERIOD,0,0,250.000000
altitudine,STAT_MEASURED,0,0,250.027000
altitudine,STAT_DEADLINE,0,0,250.000000
altitudine,STAT_WCET,0,0,29.629000
altitudine,STAT_ACET,0,0,27.772182
altitudine,STAT_JITTER,0,0,0.042470
altitudine,STAT_UTIL,0,0,0.113081
altitudine,STAT_NRUN,0,0,59
altitudine,STAT_NPRE,0,0,0
altitudine,STAT_NSLP,0,0,58
altitudine,STAT_NMISS,0,0,0
altitudine,STAT_WSLACK,0,0,220.408000
altitudine,STAT_HGAPS,0,0,1.000000
altitudine,STAT_NGAPS,0,0,58
altitudine,STAT_MAXGAP,0,0,222.929000
altitudine,STAT_RUNTOT,0,0,1554.858000
altitudine,STAT_PRETOT,0,0,0.000000
altitudine,STAT_SLPTOT,0,0,12414.620000
rollio,RUN,4626.296020,4626.296024,0.004000
rollio,RUN,4626.324400,4626.380529,56.129000
rollio,RUN,4626.924490,4626.928160,3.670000
rollio,RUN,4626.928400,4626.979571,51.171000
rollio,RUN,4627.524537,4627.542581,18.044000
rollio,RUN,4627.542821,4627.546136,3.315000
rollio,RUN,4627.573367,4627.608488,35.121000
rollio,RUN,4628.124622,4628.156982,32.360000
rollio,RUN,4628.157272,4628.165135,7.863000
rollio,RUN,4628.165137,4628.180028,14.891000
rollio,RUN,4628.724687,4628.734872,10.185000
rollio,RUN,4628.734981,4628.736424,1.443000
rollio,RUN,4628.736558,4628.737013,0.455000
rollio,RUN,4628.737137,4628.737182,0.045000
rollio,RUN,4628.737313,4628.737384,0.071000
rollio,RUN,4628.737516,4628.737585,0.069000
rollio,RUN,4628.737709,4628.737754,0.045000
rollio,RUN,4628.737886,4628.737960,0.074000
rollio,RUN,4628.738083,4628.738129,0.046000
rollio,RUN,4628.738262,4628.738351,0.089000
rollio,RUN,4628.738487,4628.738746,0.259000
rollio,RUN,4628.738871,4628.738917,0.046000
rollio,RUN,4628.739043,4628.739182,0.139000
rollio,RUN,4628.739305,4628.739351,0.046000
rollio,RUN,4628.739476,4628.739584,0.108000
rollio,RUN,4628.739707,4628.739753,0.046000
rollio,RUN,4628.739880,4628.740023,0.143000
rollio,RUN,4628.740147,4628.740192,0.045000
rollio,RUN,4628.740319,4628.740428,0.109000
rollio,RUN,4628.740551,4628.740597,0.046000
rollio,RUN,4628.740724,4628.740769,0.045000
rollio,RUN,4628.740866,4628.741195,0.329000
rollio,RUN,4628.741318,4628.741364,0.046000
rollio,RUN,4628.741498,4628.741589,0.091000
rollio,RUN,4628.741713,4628.741758,0.045000
rollio,RUN,4628.741885,4628.742018,0.133000
rollio,RUN,4628.742141,4628.742187,0.046000
rollio,RUN,4628.742315,4628.742466,0.151000
rollio,RUN,4628.742591,4628.742636,0.045000
rollio,RUN,4628.742763,4628.742895,0.132000
rollio,RUN,4628.743019,4628.743064,0.045000
rollio,RUN,4628.743192,4628.743241,0.049000
rollio,RUN,4628.743339,4628.743929,0.590000
rollio,RUN,4628.744053,4628.744098,0.045000
rollio,RUN,4628.744224,4628.744387,0.163000
rollio,RUN,4628.744517,4628.744585,0.068000
rollio,RUN,4628.744709,4628.744753,0.044000
rollio,RUN,4628.744912,4628.744957,0.045000
rollio,RUN,4628.745081,4628.745127,0.046000
rollio,RUN,4628.745305,4628.745351,0.046000
rollio,RUN,4628.745461,4628.745769,0.308000
rollio,RUN,4628.745893,4628.745939,0.046000
rollio,RUN,4628.746065,4628.746224,0.159000
rollio,RUN,4628.746350,4628.746395,0.045000
rollio,RUN,4628.746528,4628.746603,0.075000
rollio,RUN,4628.746726,4628.746772,0.046000
rollio,RUN,4628.746896,4628.747010,0.114000
rollio,RUN,4628.747141,4628.747204,0.063000
rollio,RUN,4628.747328,4628.747373,0.045000
rollio,RUN,4628.747506,4628.747579,0.073000
rollio,RUN,4628.747703,4628.747748,0.045000
rollio,RUN,4628.747881,4628.748104,0.223000
rollio,RUN,4628.748227,4628.748273,0.046000
rollio,RUN,4628.748404,4628.748474,0.070000
rollio,RUN,4628.748598,4628.748644,0.046000
rollio,RUN,4628.748770,4628.748877,0.107000
rollio,RUN,4628.749001,4628.749046,0.045000
rollio,RUN,4628.749172,4628.749312,0.140000
rollio,RUN,4628.749437,4628.749482,0.045000
rollio,RUN,4628.749614,4628.749683,0.069000
rollio,RUN,4628.749807,4628.749853,0.046000
rollio,RUN,4628.749979,4628.750087,0.108000
rollio,RUN,4628.750217,4628.750494,0.277000
rollio,RUN,4628.750617,4628.750664,0.047000
rollio,RUN,4628.750823,4628.750872,0.049000
rollio,RUN,4628.750995,4628.751041,0.046000
rollio,RUN,4628.751184,4628.751290,0.106000
rollio,RUN,4628.751415,4628.751460,0.045000
rollio,RUN,4628.751587,4628.752480,0.893000
rollio,RUN,4628.752580,4628.771386,18.806000
rollio,RUN,4628.771674,4628.791044,19.370000
rollio,RUN,4629.324734,4629.380981,56.247000
rollio,RUN,4629.924815,4629.979816,55.001000
rollio,RUN,4630.524862,4630.546463,21.601000
rollio,RUN,4630.574779,4630.611584,36.805000
rollio,RUN,4631.124951,4631.126647,1.696000
rollio,RUN,4631.126886,4631.181935,55.049000
rollio,RUN,4631.725107,4631.741056,15.949000
rollio,RUN,4631.741297,4631.741857,0.560000
rollio,RUN,4631.742079,4631.761505,19.426000
rollio,RUN,4631.761743,4631.772732,10.989000
rollio,RUN,4631.772901,4631.774778,1.877000
rollio,RUN,4631.774883,4631.775022,0.139000
rollio,RUN,4631.775146,4631.775192,0.046000
rollio,RUN,4631.775320,4631.775429,0.109000
rollio,RUN,4631.775560,4631.775627,0.067000
rollio,RUN,4631.775752,4631.775798,0.046000
rollio,RUN,4631.775928,4631.775995,0.067000
rollio,RUN,4631.776119,4631.776165,0.046000
rollio,RUN,4631.776297,4631.776375,0.078000
rollio,RUN,4631.776484,4631.776772,0.288000
rollio,RUN,4631.776896,4631.776942,0.046000
rollio,RUN,4631.777067,4631.777200,0.133000
rollio,RUN,4631.777323,4631.777369,0.046000
rollio,RUN,4631.777495,4631.777602,0.107000
rollio,RUN,4631.777727,4631.777773,0.046000
rollio,RUN,4631.777899,4631.778044,0.145000
rollio,RUN,4631.778168,4631.778213,0.045000
rollio,RUN,4631.778357,4631.778440,0.083000
rollio,RUN,4631.778564,4631.778610,0.046000
rollio,RUN,4631.778758,4631.778802,0.044000
rollio,RUN,4631.778901,4631.779218,0.317000
rollio,RUN,4631.779341,4631.779386,0.045000
rollio,RUN,4631.779513,4631.779653,0.140000
rollio,RUN,4631.779781,4631.779827,0.046000
rollio,RUN,4631.779952,4631.780089,0.137000
rollio,RUN,4631.780213,4631.780258,0.045000
rollio,RUN,4631.780384,4631.780516,0.132000
rollio,RUN,4631.780639,4631.780684,0.045000
rollio,RUN,4631.780810,4631.780918,0.108000
rollio,RUN,4631.781042,4631.781087,0.045000
rollio,RUN,4631.781221,4631.781269,0.048000
rollio,RUN,4631.781367,4631.781952,0.585000
rollio,RUN,4631.782076,4631.782121,0.045000
rollio,RUN,4631.782246,4631.782401,0.155000
rollio,RUN,4631.782532,4631.782595,0.063000
rollio,RUN,4631.782723,4631.782768,0.045000
rollio,RUN,4631.782909,4631.782978,0.069000
rollio,RUN,4631.783102,4631.783148,0.046000
rollio,RUN,4631.783326,4631.783372,0.046000
rollio,RUN,4631.783472,4631.783793,0.321000
rollio,RUN,4631.783916,4631.783963,0.047000
rollio,RUN,4631.784088,4631.784247,0.159000
rollio,RUN,4631.784371,4631.784416,0.045000
rollio,RUN,4631.784541,4631.784676,0.135000
rollio,RUN,4631.784800,4631.784845,0.045000
rollio,RUN,4631.784972,4631.785128,0.156000
rollio,RUN,4631.785259,4631.785329,0.070000
rollio,RUN,4631.785452,4631.785498,0.046000
rollio,RUN,4631.785658,4631.785703,0.045000
rollio,RUN,4631.785827,4631.786126,0.299000
rollio,RUN,4631.786268,4631.786462,0.194000
rollio,RUN,4631.786587,4631.786633,0.046000
rollio,RUN,4631.786770,4631.786837,0.067000
rollio,RUN,4631.786961,4631.787007,0.046000
rollio,RUN,4631.787140,4631.787210,0.070000
rollio,RUN,4631.787334,4631.787379,0.045000
rollio,RUN,4631.787509,4631.787645,0.136000
rollio,RUN,4631.787788,4631.787833,0.045000
rollio,RUN,4631.787969,4631.788036,0.067000
rollio,RUN,4631.788160,4631.788206,0.046000
rollio,RUN,4631.788339,4631.788409,0.070000
rollio,RUN,4631.788540,4631.788813,0.273000
rollio,RUN,4631.788937,4631.788984,0.047000
rollio,RUN,4631.789116,4631.789191,0.075000
rollio,RUN,4631.789314,4631.789359,0.045000
rollio,RUN,4631.789493,4631.789625,0.132000
rollio,RUN,4631.789765,4631.789811,0.046000
rollio,RUN,4631.789936,4631.790799,0.863000
rollio,RUN,4631.790898,4631.791432,0.534000
rollio,RUN,4632.325060,4632.355436,30.376000
rollio,RUN,4632.355713,4632.381527,25.814000
rollio,RUN,4632.925149,4632.969848,44.699000
rollio,RUN,4632.970140,4632.981335,11.195000
rollio,RUN,4633.525210,4633.546793,21.583000
rollio,RUN,4633.574298,4633.584256,9.958000
rollio,RUN,4633.584536,4633.609168,24.632000
rollio,RUN,4634.125297,4634.179918,54.621000
rollio,RUN,4634.725324,4634.781980,56.656000
rollio,RUN,4635.325402,4635.381376,55.974000
rollio,RUN,4635.925557,4635.939466,13.909000
rollio,RUN,4635.939520,4635.980629,41.109000
rollio,RUN,4636.525524,4636.547122,21.598000
rollio,RUN,4636.575834,4636.612100,36.266000
rollio,RUN,4637.125610,4637.168324,42.714000
rollio,RUN,4637.168615,4637.181217,12.602000
rollio,RUN,4637.725675,4637.781795,56.120000
rollio,RUN,4638.325720,4638.381623,55.903000
rollio,RUN,4638.925787,4638.926093,0.306000
rollio,RUN,4638.926217,4638.926262,0.045000
rollio,RUN,4638.926387,4638.926534,0.147000
rollio,RUN,4638.926665,4638.926733,0.068000
rollio,RUN,4638.926856,4638.926902,0.046000
rollio,RUN,4638.927039,4638.927114,0.075000
rollio,RUN,4638.927238,4638.927284,0.046000
rollio,RUN,4638.927417,4638.927512,0.095000
rollio,RUN,4638.927648,4638.927910,0.262000
rollio,RUN,4638.928034,4638.928080,0.046000
rollio,RUN,4638.928206,4638.928338,0.132000
rollio,RUN,4638.928467,4638.928512,0.045000
rollio,RUN,4638.928639,4638.928770,0.131000
rollio,RUN,4638.928896,4638.928941,0.045000
rollio,RUN,4638.929066,4638.929206,0.140000
rollio,RUN,4638.929329,4638.929375,0.046000
rollio,RUN,4638.929510,4638.929576,0.066000
rollio,RUN,4638.929700,4638.929746,0.046000
rollio,RUN,4638.929881,4638.929929,0.048000
rollio,RUN,4638.930026,4638.930365,0.339000
rollio,RUN,4638.930502,4638.930548,0.046000
rollio,RUN,4638.930674,4638.930824,0.150000
rollio,RUN,4638.930947,4638.930993,0.046000
rollio,RUN,4638.931120,4638.931252,0.132000
rollio,RUN,4638.931375,4638.931421,0.046000
rollio,RUN,4638.931548,4638.931701,0.153000
rollio,RUN,4638.931825,4638.931871,0.046000
rollio,RUN,4638.931997,4638.932130,0.133000
rollio,RUN,4638.932254,4638.932299,0.045000
rollio,RUN,4638.932426,4638.933152,0.726000
rollio,RUN,4638.933275,4638.933321,0.046000
rollio,RUN,4638.933448,4638.933586,0.138000
rollio,RUN,4638.933717,4638.933784,0.067000
rollio,RUN,4638.933909,4638.933954,0.045000
rollio,RUN,4638.934092,4638.934166,0.074000
rollio,RUN,4638.934290,4638.934336,0.046000
rollio,RUN,4638.934484,4638.934558,0.074000
rollio,RUN,4638.934675,4638.934970,0.295000
rollio,RUN,4638.935094,4638.935140,0.046000
rollio,RUN,4638.935267,4638.935429,0.162000
rollio,RUN,4638.935554,4638.935599,0.045000
rollio,RUN,4638.935725,4638.935870,0.145000
rollio,RUN,4638.935993,4638.936038,0.045000
rollio,RUN,4638.936168,4638.936311,0.143000
rollio,RUN,4638.936442,4638.936510,0.068000
rollio,RUN,4638.936634,4638.936679,0.045000
rollio,RUN,4638.936816,4638.936887,0.071000
rollio,RUN,4638.937010,4638.937305,0.295000
rollio,RUN,4638.937437,4638.937625,0.188000
rollio,RUN,4638.937749,4638.937794,0.045000
rollio,RUN,4638.937920,4638.938053,0.133000
rollio,RUN,4638.938176,4638.938221,0.045000
rollio,RUN,4638.938348,4638.938479,0.131000
rollio,RUN,4638.938603,4638.938648,0.045000
rollio,RUN,4638.938774,4638.938911,0.137000
rollio,RUN,4638.939035,4638.939080,0.045000
rollio,RUN,4638.939206,4638.939342,0.136000
rollio,RUN,4638.939468,4638.939512,0.044000
rollio,RUN,4638.939638,4638.939928,0.290000
rollio,RUN,4638.940065,4638.940137,0.072000
rollio,RUN,4638.940260,4638.940307,0.047000
rollio,RUN,4638.940444,4638.940516,0.072000
rollio,RUN,4638.940641,4638.940686,0.045000
rollio,RUN,4638.940819,4638.940890,0.071000
rollio,RUN,4638.941025,4638.941274,0.249000
rollio,RUN,4638.941398,4638.941444,0.046000
rollio,RUN,4638.941573,4638.943263,1.690000
rollio,RUN,4638.943361,4638.990949,47.588000
rollio,RUN,4639.525854,4639.547454,21.600000
rollio,RUN,4639.574749,4639.609709,34.960000
rollio,RUN,4640.125938,4640.137968,12.030000
rollio,RUN,4640.138206,4640.166452,28.246000
rollio,RUN,4640.166454,4640.181700,15.246000
rollio,RUN,4640.265461,4640.265470,0.009000
rollio,PREEMPT,4626.296024,4626.324400,28.376000
rollio,SLEEP,4626.380529,4626.924490,543.961000
rollio,PREEMPT,4626.928160,4626.928400,0.240000
rollio,SLEEP,4626.979571,4627.524537,544.966000
rollio,PREEMPT,4627.542581,4627.542821,0.240000
rollio,PREEMPT,4627.546136,4627.573367,27.231000
rollio,SLEEP,4627.608488,4628.124622,516.134000
rollio,PREEMPT,4628.156982,4628.157272,0.290000
rollio,PREEMPT,4628.165135,4628.165137,0.002000
rollio,SLEEP,4628.180028,4628.724687,544.659000
rollio,PREEMPT,4628.734872,4628.734981,0.109000
rollio,PREEMPT,4628.736424,4628.736558,0.134000
rollio,PREEMPT,4628.737013,4628.737137,0.124000
rollio,PREEMPT,4628.737182,4628.737313,0.131000
rollio,PREEMPT,4628.737384,4628.737516,0.132000
rollio,PREEMPT,4628.737585,4628.737709,0.124000
rollio,PREEMPT,4628.737754,4628.737886,0.132000
rollio,PREEMPT,4628.737960,4628.738083,0.123000
rollio,PREEMPT,4628.738129,4628.738262,0.133000
rollio,PREEMPT,4628.738351,4628.738487,0.136000
rollio,PREEMPT,4628.738746,4628.738871,0.125000
rollio,PREEMPT,4628.738917,4628.739043,0.126000
rollio,PREEMPT,4628.739182,4628.739305,0.123000
rollio,PREEMPT,4628.739351,4628.739476,0.125000
rollio,PREEMPT,4628.739584,4628.739707,0.123000
rollio,PREEMPT,4628.739753,4628.739880,0.127000
rollio,PREEMPT,4628.740023,4628.740147,0.124000
rollio,PREEMPT,4628.740192,4628.740319,0.127000
rollio,PREEMPT,4628.740428,4628.740551,0.123000
rollio,PREEMPT,4628.740597,4628.740724,0.127000
rollio,PREEMPT,4628.740769,4628.740866,0.097000
rollio,PREEMPT,4628.741195,4628.741318,0.123000
rollio,PREEMPT,4628.741364,4628.741498,0.134000
rollio,PREEMPT,4628.741589,4628.741713,0.124000
rollio,PREEMPT,4628.741758,4628.741885,0.127000
rollio,PREEMPT,4628.742018,4628.742141,0.123000
rollio,PREEMPT,4628.742187,4628.742315,0.128000
rollio,PREEMPT,4628.742466,4628.742591,0.125000
rollio,PREEMPT,4628.742636,4628.742763,0.127000
rollio,PREEMPT,4628.742895,4628.743019,0.124000
rollio,PREEMPT,4628.743064,4628.743192,0.128000
rollio,PREEMPT,4628.743241,4628.743339,0.098000
rollio,PREEMPT,4628.743929,4628.744053,0.124000
rollio,PREEMPT,4628.744098,4628.744224,0.126000
rollio,PREEMPT,4628.744387,4628.744517,0.130000
rollio,PREEMPT,4628.744585,4628.744709,0.124000
rollio,PREEMPT,4628.744753,4628.744912,0.159000
rollio,PREEMPT,4628.744957,4628.745081,0.124000
rollio,PREEMPT,4628.745127,4628.745305,0.178000
rollio,PREEMPT,4628.745351,4628.745461,0.110000
rollio,PREEMPT,4628.745769,4628.745893,0.124000
rollio,PREEMPT,4628.745939,4628.746065,0.126000
rollio,PREEMPT,4628.746224,4628.746350,0.126000
rollio,PREEMPT,4628.746395,4628.746528,0.133000
rollio,PREEMPT,4628.746603,4628.746726,0.123000
rollio,PREEMPT,4628.746772,4628.746896,0.124000
rollio,PREEMPT,4628.747010,4628.747141,0.131000
rollio,PREEMPT,4628.747204,4628.747328,0.124000
rollio,PREEMPT,4628.747373,4628.747506,0.133000
rollio,PREEMPT,4628.747579,4628.747703,0.124000
rollio,PREEMPT,4628.747748,4628.747881,0.133000
rollio,PREEMPT,4628.748104,4628.748227,0.123000
rollio,PREEMPT,4628.748273,4628.748404,0.131000
rollio,PREEMPT,4628.748474,4628.748598,0.124000
rollio,PREEMPT,4628.748644,4628.748770,0.126000
rollio,PREEMPT,4628.748877,4628.749001,0.124000
rollio,PREEMPT,4628.749046,4628.749172,0.126000
rollio,PREEMPT,4628.749312,4628.749437,0.125000
rollio,PREEMPT,4628.749482,4628.749614,0.132000
rollio,PREEMPT,4628.749683,4628.749807,0.124000
rollio,PREEMPT,4628.749853,4628.749979,0.126000
rollio,PREEMPT,4628.750087,4628.750217,0.130000
rollio,PREEMPT,4628.750494,4628.750617,0.123000
rollio,PREEMPT,4628.750664,4628.750823,0.159000
rollio,PREEMPT,4628.750872,4628.750995,0.123000
rollio,PREEMPT,4628.751041,4628.751184,0.143000
rollio,PREEMPT,4628.751290,4628.751415,0.125000
rollio,PREEMPT,4628.751460,4628.751587,0.127000
rollio,PREEMPT,4628.752480,4628.752580,0.100000
rollio,PREEMPT,4628.771386,4628.771674,0.288000
rollio,SLEEP,4628.791044,4629.324734,533.690000
rollio,SLEEP,4629.380981,4629.924815,543.834000
rollio,SLEEP,4629.979816,4630.524862,545.046000
rollio,PREEMPT,4630.546463,4630.574779,28.316000
rollio,SLEEP,4630.611584,4631.124951,513.367000
rollio,PREEMPT,4631.126647,4631.126886,0.239000
rollio,SLEEP,4631.181935,4631.725107,543.172000
rollio,PREEMPT,4631.741056,4631.741297,0.241000
rollio,PREEMPT,4631.741857,4631.742079,0.222000
rollio,PREEMPT,4631.761505,4631.761743,0.238000
rollio,PREEMPT,4631.772732,4631.772901,0.169000
rollio,PREEMPT,4631.774778,4631.774883,0.105000
rollio,PREEMPT,4631.775022,4631.775146,0.124000
rollio,PREEMPT,4631.775192,4631.775320,0.128000
rollio,PREEMPT,4631.775429,4631.775560,0.131000
rollio,PREEMPT,4631.775627,4631.775752,0.125000
rollio,PREEMPT,4631.775798,4631.775928,0.130000
rollio,PREEMPT,4631.775995,4631.776119,0.124000
rollio,PREEMPT,4631.776165,4631.776297,0.132000
rollio,PREEMPT,4631.776375,4631.776484,0.109000
rollio,PREEMPT,4631.776772,4631.776896,0.124000
rollio,PREEMPT,4631.776942,4631.777067,0.125000
rollio,PREEMPT,4631.777200,4631.777323,0.123000
rollio,PREEMPT,4631.777369,4631.777495,0.126000
rollio,PREEMPT,4631.777602,4631.777727,0.125000
rollio,PREEMPT,4631.777773,4631.777899,0.126000
rollio,PREEMPT,4631.778044,4631.778168,0.124000
rollio,PREEMPT,4631.778213,4631.778357,0.144000
rollio,PREEMPT,4631.778440,4631.778564,0.124000
rollio,PREEMPT,4631.778610,4631.778758,0.148000
rollio,PREEMPT,4631.778802,4631.778901,0.099000
rollio,PREEMPT,4631.779218,4631.779341,0.123000
rollio,PREEMPT,4631.779386,4631.779513,0.127000
rollio,PREEMPT,4631.779653,4631.779781,0.128000
rollio,PREEMPT,4631.779827,4631.779952,0.125000
rollio,PREEMPT,4631.780089,4631.780213,0.124000
rollio,PREEMPT,4631.780258,4631.780384,0.126000
rollio,PREEMPT,4631.780516,4631.780639,0.123000
rollio,PREEMPT,4631.780684,4631.780810,0.126000
rollio,PREEMPT,4631.780918,4631.781042,0.124000
rollio,PREEMPT,4631.781087,4631.781221,0.134000
rollio,PREEMPT,4631.781269,4631.781367,0.098000
rollio,PREEMPT,4631.781952,4631.782076,0.124000
rollio,PREEMPT,4631.782121,4631.782246,0.125000
rollio,PREEMPT,4631.782401,4631.782532,0.131000
rollio,PREEMPT,4631.782595,4631.782723,0.128000
rollio,PREEMPT,4631.782768,4631.782909,0.141000
rollio,PREEMPT,4631.782978,4631.783102,0.124000
rollio,PREEMPT,4631.783148,4631.783326,0.178000
rollio,PREEMPT,4631.783372,4631.783472,0.100000
rollio,PREEMPT,4631.783793,4631.783916,0.123000
rollio,PREEMPT,4631.783963,4631.784088,0.125000
rollio,PREEMPT,4631.784247,4631.784371,0.124000
rollio,PREEMPT,4631.784416,4631.784541,0.125000
rollio,PREEMPT,4631.784676,4631.784800,0.124000
rollio,PREEMPT,4631.784845,4631.784972,0.127000
rollio,PREEMPT,4631.785128,4631.785259,0.131000
rollio,PREEMPT,4631.785329,4631.785452,0.123000
rollio,PREEMPT,4631.785498,4631.785658,0.160000
rollio,PREEMPT,4631.785703,4631.785827,0.124000
rollio,PREEMPT,4631.786126,4631.786268,0.142000
rollio,PREEMPT,4631.786462,4631.786587,0.125000
rollio,PREEMPT,4631.786633,4631.786770,0.137000
rollio,PREEMPT,4631.786837,4631.786961,0.124000
rollio,PREEMPT,4631.787007,4631.787140,0.133000
rollio,PREEMPT,4631.787210,4631.787334,0.124000
rollio,PREEMPT,4631.787379,4631.787509,0.130000
rollio,PREEMPT,4631.787645,4631.787788,0.143000
rollio,PREEMPT,4631.787833,4631.787969,0.136000
rollio,PREEMPT,4631.788036,4631.788160,0.124000
rollio,PREEMPT,4631.788206,4631.788339,0.133000
rollio,PREEMPT,4631.788409,4631.788540,0.131000
rollio,PREEMPT,4631.788813,4631.788937,0.124000
rollio,PREEMPT,4631.788984,4631.789116,0.132000
rollio,PREEMPT,4631.789191,4631.789314,0.123000
rollio,PREEMPT,4631.789359,4631.789493,0.134000
rollio,PREEMPT,4631.789625,4631.789765,0.140000
rollio,PREEMPT,4631.789811,4631.789936,0.125000
rollio,PREEMPT,4631.790799,4631.790898,0.099000
rollio,SLEEP,4631.791432,4632.325060,533.628000
rollio,PREEMPT,4632.355436,4632.355713,0.277000
rollio,SLEEP,4632.381527,4632.925149,543.622000
rollio,PREEMPT,4632.969848,4632.970140,0.292000
rollio,SLEEP,4632.981335,4633.525210,543.875000
rollio,PREEMPT,4633.546793,4633.574298,27.505000
rollio,PREEMPT,4633.584256,4633.584536,0.280000
rollio,SLEEP,4633.609168,4634.125297,516.129000
rollio,SLEEP,4634.179918,4634.725324,545.406000
rollio,SLEEP,4634.781980,4635.325402,543.422000
rollio,SLEEP,4635.381376,4635.925557,544.181000
rollio,PREEMPT,4635.939466,4635.939520,0.054000
rollio,SLEEP,4635.980629,4636.525524,544.895000
rollio,PREEMPT,4636.547122,4636.575834,28.712000
rollio,SLEEP,4636.612100,4637.125610,513.510000
rollio,PREEMPT,4637.168324,4637.168615,0.291000
rollio,SLEEP,4637.181217,4637.725675,544.458000
rollio,SLEEP,4637.781795,4638.325720,543.925000
rollio,SLEEP,4638.381623,4638.925787,544.164000
rollio,PREEMPT,4638.926093,4638.926217,0.124000
rollio,PREEMPT,4638.926262,4638.926387,0.125000
rollio,PREEMPT,4638.926534,4638.926665,0.131000
rollio,PREEMPT,4638.926733,4638.926856,0.123000
rollio,PREEMPT,4638.926902,4638.927039,0.137000
rollio,PREEMPT,4638.927114,4638.927238,0.124000
rollio,PREEMPT,4638.927284,4638.927417,0.133000
rollio,PREEMPT,4638.927512,4638.927648,0.136000
rollio,PREEMPT,4638.927910,4638.928034,0.124000
rollio,PREEMPT,4638.928080,4638.928206,0.126000
rollio,PREEMPT,4638.928338,4638.928467,0.129000
rollio,PREEMPT,4638.928512,4638.928639,0.127000
rollio,PREEMPT,4638.928770,4638.928896,0.126000
rollio,PREEMPT,4638.928941,4638.929066,0.125000
rollio,PREEMPT,4638.929206,4638.929329,0.123000
rollio,PREEMPT,4638.929375,4638.929510,0.135000
rollio,PREEMPT,4638.929576,4638.929700,0.124000
rollio,PREEMPT,4638.929746,4638.929881,0.135000
rollio,PREEMPT,4638.929929,4638.930026,0.097000
rollio,PREEMPT,4638.930365,4638.930502,0.137000
rollio,PREEMPT,4638.930548,4638.930674,0.126000
rollio,PREEMPT,4638.930824,4638.930947,0.123000
rollio,PREEMPT,4638.930993,4638.931120,0.127000
rollio,PREEMPT,4638.931252,4638.931375,0.123000
rollio,PREEMPT,4638.931421,4638.931548,0.127000
rollio,PREEMPT,4638.931701,4638.931825,0.124000
rollio,PREEMPT,4638.931871,4638.931997,0.126000
rollio,PREEMPT,4638.932130,4638.932254,0.124000
rollio,PREEMPT,4638.932299,4638.932426,0.127000
rollio,PREEMPT,4638.933152,4638.933275,0.123000
rollio,PREEMPT,4638.933321,4638.933448,0.127000
rollio,PREEMPT,4638.933586,4638.933717,0.131000
rollio,PREEMPT,4638.933784,4638.933909,0.125000
rollio,PREEMPT,4638.933954,4638.934092,0.138000
rollio,PREEMPT,4638.934166,4638.934290,0.124000
rollio,PREEMPT,4638.934336,4638.934484,0.148000
rollio,PREEMPT,4638.934558,4638.934675,0.117000
rollio,PREEMPT,4638.934970,4638.935094,0.124000
rollio,PREEMPT,4638.935140,4638.935267,0.127000
rollio,PREEMPT,4638.935429,4638.935554,0.125000
rollio,PREEMPT,4638.935599,4638.935725,0.126000
rollio,PREEMPT,4638.935870,4638.935993,0.123000
rollio,PREEMPT,4638.936038,4638.936168,0.130000
rollio,PREEMPT,4638.936311,4638.936442,0.131000
rollio,PREEMPT,4638.936510,4638.936634,0.124000
rollio,PREEMPT,4638.936679,4638.936816,0.137000
rollio,PREEMPT,4638.936887,4638.937010,0.123000
rollio,PREEMPT,4638.937305,4638.937437,0.132000
rollio,PREEMPT,4638.937625,4638.937749,0.124000
rollio,PREEMPT,4638.937794,4638.937920,0.126000
rollio,PREEMPT,4638.938053,4638.938176,0.123000
rollio,PREEMPT,4638.938221,4638.938348,0.127000
rollio,PREEMPT,4638.938479,4638.938603,0.124000
rollio,PREEMPT,4638.938648,4638.938774,0.126000
rollio,PREEMPT,4638.938911,4638.939035,0.124000
rollio,PREEMPT,4638.939080,4638.939206,0.126000
rollio,PREEMPT,4638.939342,4638.939468,0.126000
rollio,PREEMPT,4638.939512,4638.939638,0.126000
rollio,PREEMPT,4638.939928,4638.940065,0.137000
rollio,PREEMPT,4638.940137,4638.940260,0.123000
rollio,PREEMPT,4638.940307,4638.940444,0.137000
rollio,PREEMPT,4638.940516,4638.940641,0.125000
rollio,PREEMPT,4638.940686,4638.940819,0.133000
rollio,PREEMPT,4638.940890,4638.941025,0.135000
rollio,PREEMPT,4638.941274,4638.941398,0.124000
rollio,PREEMPT,4638.941444,4638.941573,0.129000
rollio,PREEMPT,4638.943263,4638.943361,0.098000
rollio,SLEEP,4638.990949,4639.525854,534.905000
rollio,PREEMPT,4639.547454,4639.574749,27.295000
rollio,SLEEP,4639.609709,4640.125938,516.229000
rollio,PREEMPT,4640.137968,4640.138206,0.238000
rollio,PREEMPT,4640.166452,4640.166454,0.002000
rollio,SLEEP,4640.181700,4640.265461,83.761000
rollio,MARKER_PERIOD_START_rollio,4626.324403,4626.324403,0.0
rollio,MARKER_FUNCTION_START_rollio,4626.324403,4626.324403,0.0
rollio,MARKER_FUNCTION_END_rollio,4626.380515,4626.380515,0.0
rollio,MARKER_SLEEP_START_rollio,4626.380525,4626.380525,0.0
rollio,MARKER_PERIOD_END_rollio,4626.924516,4626.924516,0.0
rollio,MARKER_PERIOD_START_rollio,4626.924517,4626.924517,0.0
rollio,MARKER_FUNCTION_START_rollio,4626.924517,4626.924517,0.0
rollio,MARKER_FUNCTION_END_rollio,4626.979559,4626.979559,0.0
rollio,MARKER_SLEEP_START_rollio,4626.979569,4626.979569,0.0
rollio,MARKER_PERIOD_END_rollio,4627.524546,4627.524546,0.0
rollio,MARKER_PERIOD_START_rollio,4627.524547,4627.524547,0.0
rollio,MARKER_FUNCTION_START_rollio,4627.524548,4627.524548,0.0
rollio,MARKER_FUNCTION_END_rollio,4627.608480,4627.608480,0.0
rollio,MARKER_SLEEP_START_rollio,4627.608486,4627.608486,0.0
rollio,MARKER_PERIOD_END_rollio,4628.124635,4628.124635,0.0
rollio,MARKER_PERIOD_START_rollio,4628.124637,4628.124637,0.0
rollio,MARKER_FUNCTION_START_rollio,4628.124637,4628.124637,0.0
rollio,MARKER_FUNCTION_END_rollio,4628.180013,4628.180013,0.0
rollio,MARKER_SLEEP_START_rollio,4628.180026,4628.180026,0.0
rollio,MARKER_PERIOD_END_rollio,4628.724703,4628.724703,0.0
rollio,MARKER_PERIOD_START_rollio,4628.724705,4628.724705,0.0
rollio,MARKER_FUNCTION_START_rollio,4628.724705,4628.724705,0.0
rollio,MARKER_FUNCTION_END_rollio,4628.791027,4628.791027,0.0
rollio,MARKER_SLEEP_START_rollio,4628.791041,4628.791041,0.0
rollio,MARKER_PERIOD_END_rollio,4629.324740,4629.324740,0.0
rollio,MARKER_PERIOD_START_rollio,4629.324741,4629.324741,0.0
rollio,MARKER_FUNCTION_START_rollio,4629.324741,4629.324741,0.0
rollio,MARKER_FUNCTION_END_rollio,4629.380965,4629.380965,0.0
rollio,MARKER_SLEEP_START_rollio,4629.380978,4629.380978,0.0
rollio,MARKER_PERIOD_END_rollio,4629.924829,4629.924829,0.0
rollio,MARKER_PERIOD_START_rollio,4629.924831,4629.924831,0.0
rollio,MARKER_FUNCTION_START_rollio,4629.924832,4629.924832,0.0
rollio,MARKER_FUNCTION_END_rollio,4629.979803,4629.979803,0.0
rollio,MARKER_SLEEP_START_rollio,4629.979814,4629.979814,0.0
rollio,MARKER_PERIOD_END_rollio,4630.524870,4630.524870,0.0
rollio,MARKER_PERIOD_START_rollio,4630.524871,4630.524871,0.0
rollio,MARKER_FUNCTION_START_rollio,4630.524871,4630.524871,0.0
rollio,MARKER_FUNCTION_END_rollio,4630.611568,4630.611568,0.0
rollio,MARKER_SLEEP_START_rollio,4630.611581,4630.611581,0.0
rollio,MARKER_PERIOD_END_rollio,4631.124974,4631.124974,0.0
rollio,MARKER_PERIOD_START_rollio,4631.124975,4631.124975,0.0
rollio,MARKER_FUNCTION_START_rollio,4631.124976,4631.124976,0.0
rollio,MARKER_FUNCTION_END_rollio,4631.181922,4631.181922,0.0
rollio,MARKER_SLEEP_START_rollio,4631.181933,4631.181933,0.0
rollio,MARKER_PERIOD_END_rollio,4631.725118,4631.725118,0.0
rollio,MARKER_PERIOD_START_rollio,4631.725119,4631.725119,0.0
rollio,MARKER_FUNCTION_START_rollio,4631.725119,4631.725119,0.0
rollio,MARKER_FUNCTION_END_rollio,4631.791419,4631.791419,0.0
rollio,MARKER_SLEEP_START_rollio,4631.791430,4631.791430,0.0
rollio,MARKER_PERIOD_END_rollio,4632.325065,4632.325065,0.0
rollio,MARKER_PERIOD_START_rollio,4632.325066,4632.325066,0.0
rollio,MARKER_FUNCTION_START_rollio,4632.325067,4632.325067,0.0
rollio,MARKER_FUNCTION_END_rollio,4632.381511,4632.381511,0.0
rollio,MARKER_SLEEP_START_rollio,4632.381524,4632.381524,0.0
rollio,MARKER_PERIOD_END_rollio,4632.925174,4632.925174,0.0
rollio,MARKER_PERIOD_START_rollio,4632.925175,4632.925175,0.0
rollio,MARKER_FUNCTION_START_rollio,4632.925175,4632.925175,0.0
rollio,MARKER_FUNCTION_END_rollio,4632.981314,4632.981314,0.0
rollio,MARKER_SLEEP_START_rollio,4632.981331,4632.981331,0.0
rollio,MARKER_PERIOD_END_rollio,4633.525226,4633.525226,0.0
rollio,MARKER_PERIOD_START_rollio,4633.525227,4633.525227,0.0
rollio,MARKER_FUNCTION_START_rollio,4633.525227,4633.525227,0.0
rollio,MARKER_FUNCTION_END_rollio,4633.609159,4633.609159,0.0
rollio,MARKER_SLEEP_START_rollio,4633.609167,4633.609167,0.0
rollio,MARKER_PERIOD_END_rollio,4634.125308,4634.125308,0.0
rollio,MARKER_PERIOD_START_rollio,4634.125309,4634.125309,0.0
rollio,MARKER_FUNCTION_START_rollio,4634.125309,4634.125309,0.0
rollio,MARKER_FUNCTION_END_rollio,4634.179903,4634.179903,0.0
rollio,MARKER_SLEEP_START_rollio,4634.179915,4634.179915,0.0
rollio,MARKER_PERIOD_END_rollio,4634.725333,4634.725333,0.0
rollio,MARKER_PERIOD_START_rollio,4634.725334,4634.725334,0.0
rollio,MARKER_FUNCTION_START_rollio,4634.725334,4634.725334,0.0
rollio,MARKER_FUNCTION_END_rollio,4634.781965,4634.781965,0.0
rollio,MARKER_SLEEP_START_rollio,4634.781977,4634.781977,0.0
rollio,MARKER_PERIOD_END_rollio,4635.325406,4635.325406,0.0
rollio,MARKER_PERIOD_START_rollio,4635.325407,4635.325407,0.0
rollio,MARKER_FUNCTION_START_rollio,4635.325407,4635.325407,0.0
rollio,MARKER_FUNCTION_END_rollio,4635.381361,4635.381361,0.0
rollio,MARKER_SLEEP_START_rollio,4635.381373,4635.381373,0.0
rollio,MARKER_PERIOD_END_rollio,4635.925569,4635.925569,0.0
rollio,MARKER_PERIOD_START_rollio,4635.925570,4635.925570,0.0
rollio,MARKER_FUNCTION_START_rollio,4635.925570,4635.925570,0.0
rollio,MARKER_FUNCTION_END_rollio,4635.980614,4635.980614,0.0
rollio,MARKER_SLEEP_START_rollio,4635.980626,4635.980626,0.0
rollio,MARKER_PERIOD_END_rollio,4636.525533,4636.525533,0.0
rollio,MARKER_PERIOD_START_rollio,4636.525535,4636.525535,0.0
rollio,MARKER_FUNCTION_START_rollio,4636.525535,4636.525535,0.0
rollio,MARKER_FUNCTION_END_rollio,4636.612090,4636.612090,0.0
rollio,MARKER_SLEEP_START_rollio,4636.612098,4636.612098,0.0
rollio,MARKER_PERIOD_END_rollio,4637.125647,4637.125647,0.0
rollio,MARKER_PERIOD_START_rollio,4637.125648,4637.125648,0.0
rollio,MARKER_FUNCTION_START_rollio,4637.125649,4637.125649,0.0
rollio,MARKER_FUNCTION_END_rollio,4637.181203,4637.181203,0.0
rollio,MARKER_SLEEP_START_rollio,4637.181215,4637.181215,0.0
rollio,MARKER_PERIOD_END_rollio,4637.725688,4637.725688,0.0
rollio,MARKER_PERIOD_START_rollio,4637.725689,4637.725689,0.0
rollio,MARKER_FUNCTION_START_rollio,4637.725689,4637.725689,0.0
rollio,MARKER_FUNCTION_END_rollio,4637.781780,4637.781780,0.0
rollio,MARKER_SLEEP_START_rollio,4637.781792,4637.781792,0.0
rollio,MARKER_PERIOD_END_rollio,4638.325722,4638.325722,0.0
rollio,MARKER_PERIOD_START_rollio,4638.325722,4638.325722,0.0
rollio,MARKER_FUNCTION_START_rollio,4638.325723,4638.325723,0.0
rollio,MARKER_FUNCTION_END_rollio,4638.381610,4638.381610,0.0
rollio,MARKER_SLEEP_START_rollio,4638.381620,4638.381620,0.0
rollio,MARKER_PERIOD_END_rollio,4638.925796,4638.925796,0.0
rollio,MARKER_PERIOD_START_rollio,4638.925797,4638.925797,0.0
rollio,MARKER_FUNCTION_START_rollio,4638.925798,4638.925798,0.0
rollio,MARKER_FUNCTION_END_rollio,4638.990934,4638.990934,0.0
rollio,MARKER_SLEEP_START_rollio,4638.990947,4638.990947,0.0
rollio,MARKER_PERIOD_END_rollio,4639.525863,4639.525863,0.0
rollio,MARKER_PERIOD_START_rollio,4639.525864,4639.525864,0.0
rollio,MARKER_FUNCTION_START_rollio,4639.525865,4639.525865,0.0
rollio,MARKER_FUNCTION_END_rollio,4639.609697,4639.609697,0.0
rollio,MARKER_SLEEP_START_rollio,4639.609707,4639.609707,0.0
rollio,MARKER_PERIOD_END_rollio,4640.125947,4640.125947,0.0
rollio,MARKER_PERIOD_START_rollio,4640.125949,4640.125949,0.0
rollio,MARKER_FUNCTION_START_rollio,4640.125949,4640.125949,0.0
rollio,MARKER_FUNCTION_END_rollio,4640.181685,4640.181685,0.0
rollio,MARKER_SLEEP_START_rollio,4640.181698,4640.181698,0.0
rollio,STAT_PERIOD,0,0,600.000000
rollio,STAT_MEASURED,0,0,600.073000
rollio,STAT_DEADLINE,0,0,500.000000
rollio,STAT_WCET,0,0,58.420000
rollio,STAT_ACET,0,0,56.174783
rollio,STAT_JITTER,0,0,0.049341
rollio,STAT_UTIL,0,0,0.097650
rollio,STAT_NRUN,0,0,252
rollio,STAT_NPRE,0,0,227
rollio,STAT_NSLP,0,0,24
rollio,STAT_NMISS,0,0,0
rollio,STAT_WSLACK,0,0,413.303000
rollio,STAT_HGAPS,0,0,1.000000
rollio,STAT_NGAPS,0,0,251
rollio,STAT_MAXGAP,0,0,545.406000
rollio,STAT_RUNTOT,0,0,1347.574000
rollio,STAT_PRETOT,0,0,196.937000
rollio,STAT_SLPTOT,0,0,12424.939000
