task,type,start,end,duration_ms
DDS_Comm,RUN,22972.263521,22972.263533,0.012000
DDS_Comm,RUN,22972.263549,22972.263563,0.014000
DDS_Comm,RUN,22972.616877,22972.616881,0.004000
DDS_Comm,RUN,22972.616883,22972.617059,0.176000
DDS_Comm,RUN,22973.089602,22973.089606,0.004000
DDS_Comm,RUN,22973.089608,22973.089710,0.102000
DDS_Comm,RUN,22973.585813,22973.585817,0.004000
DDS_Comm,RUN,22973.585819,22973.585920,0.101000
DDS_Comm,RUN,22974.082738,22974.082741,0.003000
DDS_Comm,RUN,22974.082743,22974.082841,0.098000
DDS_Comm,RUN,22974.585158,22974.585161,0.003000
DDS_Comm,RUN,22974.585163,22974.585259,0.096000
DDS_Comm,RUN,22975.084465,22975.084469,0.004000
DDS_Comm,RUN,22975.084471,22975.084563,0.092000
DDS_Comm,RUN,22975.585672,22975.585676,0.004000
DDS_Comm,RUN,22975.585678,22975.585782,0.104000
DDS_Comm,RUN,22976.081483,22976.081487,0.004000
DDS_Comm,RUN,22976.081489,22976.081582,0.093000
DDS_Comm,RUN,22976.588054,22976.588058,0.004000
DDS_Comm,RUN,22976.588061,22976.588161,0.100000
DDS_Comm,RUN,22977.083507,22977.083511,0.004000
DDS_Comm,RUN,22977.083513,22977.083607,0.094000
DDS_Comm,RUN,22977.582817,22977.582821,0.004000
DDS_Comm,RUN,22977.582822,22977.582915,0.093000
DDS_Comm,RUN,22978.083500,22978.083505,0.005000
DDS_Comm,RUN,22978.083507,22978.083603,0.096000
DDS_Comm,RUN,22978.587090,22978.587099,0.009000
DDS_Comm,RUN,22978.587102,22978.587284,0.182000
DDS_Comm,RUN,22979.093777,22979.093781,0.004000
DDS_Comm,RUN,22979.093782,22979.093877,0.095000
DDS_Comm,RUN,22979.578860,22979.578864,0.004000
DDS_Comm,RUN,22979.578866,22979.578968,0.102000
DDS_Comm,RUN,22980.098575,22980.098578,0.003000
DDS_Comm,RUN,22980.098580,22980.098679,0.099000
DDS_Comm,RUN,22980.599217,22980.599221,0.004000
DDS_Comm,RUN,22980.599223,22980.599318,0.095000
DDS_Comm,RUN,22981.081612,22981.081616,0.004000
DDS_Comm,RUN,22981.081618,22981.081715,0.097000
DDS_Comm,RUN,22981.583067,22981.583071,0.004000
DDS_Comm,RUN,22981.583072,22981.583180,0.108000
DDS_Comm,RUN,22982.077942,22982.077946,0.004000
DDS_Comm,RUN,22982.077947,22982.078042,0.095000
DDS_Comm,RUN,22982.582029,22982.582032,0.003000
DDS_Comm,RUN,22982.582034,22982.582100,0.066000
DDS_Comm,RUN,22983.083010,22983.083014,0.004000
DDS_Comm,RUN,22983.083015,22983.083112,0.097000
DDS_Comm,RUN,22983.578090,22983.578094,0.004000
DDS_Comm,RUN,22983.578096,22983.578188,0.092000
DDS_Comm,RUN,22984.082941,22984.082945,0.004000
DDS_Comm,RUN,22984.082947,22984.083051,0.104000
DDS_Comm,RUN,22984.585166,22984.585171,0.005000
DDS_Comm,RUN,22984.585173,22984.585272,0.099000
DDS_Comm,RUN,22985.074592,22985.074595,0.003000
DDS_Comm,RUN,22985.074597,22985.074697,0.100000
DDS_Comm,RUN,22985.591732,22985.591736,0.004000
DDS_Comm,RUN,22985.591738,22985.591830,0.092000
DDS_Comm,RUN,22986.082980,22986.082984,0.004000
DDS_Comm,RUN,22986.082986,22986.083080,0.094000
DDS_Comm,RUN,22986.588910,22986.588914,0.004000
DDS_Comm,RUN,22986.588916,22986.589019,0.103000
DDS_Comm,RUN,22987.085566,22987.085570,0.004000
DDS_Comm,RUN,22987.085573,22987.085679,0.106000
DDS_Comm,RUN,22987.585595,22987.585599,0.004000
DDS_Comm,RUN,22987.585601,22987.585714,0.113000
DDS_Comm,RUN,22988.081045,22988.081049,0.004000
DDS_Comm,RUN,22988.081050,22988.081178,0.128000
DDS_Comm,RUN,22988.599548,22988.599552,0.004000
DDS_Comm,RUN,22988.599554,22988.599674,0.120000
DDS_Comm,RUN,22989.087134,22989.087137,0.003000
DDS_Comm,RUN,22989.087139,22989.087232,0.093000
DDS_Comm,RUN,22989.582551,22989.582555,0.004000
DDS_Comm,RUN,22989.582557,22989.582655,0.098000
DDS_Comm,RUN,22990.088349,22990.088355,0.006000
DDS_Comm,RUN,22990.088358,22990.088573,0.215000
DDS_Comm,RUN,22990.596701,22990.596705,0.004000
DDS_Comm,RUN,22990.596707,22990.596828,0.121000
DDS_Comm,RUN,22991.135007,22991.135011,0.004000
DDS_Comm,RUN,22991.135013,22991.135108,0.095000
DDS_Comm,RUN,22991.629742,22991.629746,0.004000
DDS_Comm,RUN,22991.629748,22991.629845,0.097000
DDS_Comm,RUN,22992.107189,22992.107193,0.004000
DDS_Comm,RUN,22992.107195,22992.107341,0.146000
DDS_Comm,RUN,22992.592307,22992.592310,0.003000
DDS_Comm,RUN,22992.592313,22992.592408,0.095000
DDS_Comm,RUN,22993.112970,22993.112973,0.003000
DDS_Comm,RUN,22993.112975,22993.113073,0.098000
DDS_Comm,RUN,22993.613050,22993.613055,0.005000
DDS_Comm,RUN,22993.613057,22993.613150,0.093000
DDS_Comm,RUN,22994.090700,22994.090704,0.004000
DDS_Comm,RUN,22994.090706,22994.090802,0.096000
DDS_Comm,RUN,22994.608479,22994.608484,0.005000
DDS_Comm,RUN,22994.608486,22994.608617,0.131000
DDS_Comm,RUN,22995.085474,22995.085478,0.004000
DDS_Comm,RUN,22995.085480,22995.085584,0.104000
DDS_Comm,RUN,22995.580605,22995.580608,0.003000
DDS_Comm,RUN,22995.580610,22995.580703,0.093000
DDS_Comm,RUN,22996.076917,22996.076921,0.004000
DDS_Comm,RUN,22996.076923,22996.077017,0.094000
DDS_Comm,RUN,22996.605882,22996.605886,0.004000
DDS_Comm,RUN,22996.605887,22996.605989,0.102000
DDS_Comm,RUN,22997.078507,22997.078511,0.004000
DDS_Comm,RUN,22997.078513,22997.078608,0.095000
DDS_Comm,RUN,22997.581561,22997.581565,0.004000
DDS_Comm,RUN,22997.581568,22997.581675,0.107000
DDS_Comm,RUN,22998.079986,22998.079990,0.004000
DDS_Comm,RUN,22998.079992,22998.080090,0.098000
DDS_Comm,RUN,22998.611609,22998.611613,0.004000
DDS_Comm,RUN,22998.611616,22998.611723,0.107000
DDS_Comm,RUN,22999.076937,22999.076941,0.004000
DDS_Comm,RUN,22999.076943,22999.077048,0.105000
DDS_Comm,RUN,22999.585247,22999.585251,0.004000
DDS_Comm,RUN,22999.585253,22999.585349,0.096000
DDS_Comm,RUN,23000.080297,23000.080301,0.004000
DDS_Comm,RUN,23000.080302,23000.080398,0.096000
DDS_Comm,RUN,23000.579376,23000.579380,0.004000
DDS_Comm,RUN,23000.579382,23000.579484,0.102000
DDS_Comm,RUN,23001.101187,23001.101192,0.005000
DDS_Comm,RUN,23001.101193,23001.101294,0.101000
DDS_Comm,RUN,23001.577666,23001.577669,0.003000
DDS_Comm,RUN,23001.577671,23001.577792,0.121000
DDS_Comm,RUN,23002.084950,23002.084954,0.004000
DDS_Comm,RUN,23002.084956,23002.085064,0.108000
DDS_Comm,RUN,23002.589331,23002.589336,0.005000
DDS_Comm,RUN,23002.589338,23002.589438,0.100000
DDS_Comm,RUN,23003.097819,23003.097823,0.004000
DDS_Comm,RUN,23003.097825,23003.097924,0.099000
DDS_Comm,RUN,23003.581504,23003.581508,0.004000
DDS_Comm,RUN,23003.581510,23003.581610,0.100000
DDS_Comm,RUN,23004.093006,23004.093010,0.004000
DDS_Comm,RUN,23004.093012,23004.093115,0.103000
DDS_Comm,RUN,23004.579155,23004.579160,0.005000
DDS_Comm,RUN,23004.579162,23004.579281,0.119000
DDS_Comm,RUN,23005.088886,23005.088890,0.004000
DDS_Comm,RUN,23005.088892,23005.089005,0.113000
DDS_Comm,RUN,23005.576968,23005.576972,0.004000
DDS_Comm,RUN,23005.576973,23005.577077,0.104000
DDS_Comm,RUN,23006.078294,23006.078298,0.004000
DDS_Comm,RUN,23006.078299,23006.078392,0.093000
DDS_Comm,RUN,23006.576983,23006.576986,0.003000
DDS_Comm,RUN,23006.576988,23006.577079,0.091000
DDS_Comm,RUN,23007.077101,23007.077105,0.004000
DDS_Comm,RUN,23007.077107,23007.077209,0.102000
DDS_Comm,RUN,23007.085960,23007.086010,0.050000
DDS_Comm,SLEEP,22972.263533,22972.263549,0.016000
DDS_Comm,SLEEP,22972.263563,22972.616877,353.314000
DDS_Comm,SLEEP,22972.616881,22972.616883,0.002000
DDS_Comm,SLEEP,22972.617059,22973.089602,472.543000
DDS_Comm,SLEEP,22973.089606,22973.089608,0.002000
DDS_Comm,SLEEP,22973.089710,22973.585813,496.103000
DDS_Comm,SLEEP,22973.585817,22973.585819,0.002000
DDS_Comm,SLEEP,22973.585920,22974.082738,496.818000
DDS_Comm,SLEEP,22974.082741,22974.082743,0.002000
DDS_Comm,SLEEP,22974.082841,22974.585158,502.317000
DDS_Comm,SLEEP,22974.585161,22974.585163,0.002000
DDS_Comm,SLEEP,22974.585259,22975.084465,499.206000
DDS_Comm,SLEEP,22975.084469,22975.084471,0.002000
DDS_Comm,SLEEP,22975.084563,22975.585672,501.109000
DDS_Comm,SLEEP,22975.585676,22975.585678,0.002000
DDS_Comm,SLEEP,22975.585782,22976.081483,495.701000
DDS_Comm,SLEEP,22976.081487,22976.081489,0.002000
DDS_Comm,SLEEP,22976.081582,22976.588054,506.472000
DDS_Comm,SLEEP,22976.588058,22976.588061,0.003000
DDS_Comm,SLEEP,22976.588161,22977.083507,495.346000
DDS_Comm,SLEEP,22977.083511,22977.083513,0.002000
DDS_Comm,SLEEP,22977.083607,22977.582817,499.210000
DDS_Comm,SLEEP,22977.582821,22977.582822,0.001000
DDS_Comm,SLEEP,22977.582915,22978.083500,500.585000
DDS_Comm,SLEEP,22978.083505,22978.083507,0.002000
DDS_Comm,SLEEP,22978.083603,22978.587090,503.487000
DDS_Comm,SLEEP,22978.587099,22978.587102,0.003000
DDS_Comm,SLEEP,22978.587284,22979.093777,506.493000
DDS_Comm,SLEEP,22979.093781,22979.093782,0.001000
DDS_Comm,SLEEP,22979.093877,22979.578860,484.983000
DDS_Comm,SLEEP,22979.578864,22979.578866,0.002000
DDS_Comm,SLEEP,22979.578968,22980.098575,519.607000
DDS_Comm,SLEEP,22980.098578,22980.098580,0.002000
DDS_Comm,SLEEP,22980.098679,22980.599217,500.538000
DDS_Comm,SLEEP,22980.599221,22980.599223,0.002000
DDS_Comm,SLEEP,22980.599318,22981.081612,482.294000
DDS_Comm,SLEEP,22981.081616,22981.081618,0.002000
DDS_Comm,SLEEP,22981.081715,22981.583067,501.352000
DDS_Comm,SLEEP,22981.583071,22981.583072,0.001000
DDS_Comm,SLEEP,22981.583180,22982.077942,494.762000
DDS_Comm,SLEEP,22982.077946,22982.077947,0.001000
DDS_Comm,SLEEP,22982.078042,22982.582029,503.987000
DDS_Comm,SLEEP,22982.582032,22982.582034,0.002000
DDS_Comm,SLEEP,22982.582100,22983.083010,500.910000
DDS_Comm,SLEEP,22983.083014,22983.083015,0.001000
DDS_Comm,SLEEP,22983.083112,22983.578090,494.978000
DDS_Comm,SLEEP,22983.578094,22983.578096,0.002000
DDS_Comm,SLEEP,22983.578188,22984.082941,504.753000
DDS_Comm,SLEEP,22984.082945,22984.082947,0.002000
DDS_Comm,SLEEP,22984.083051,22984.585166,502.115000
DDS_Comm,SLEEP,22984.585171,22984.585173,0.002000
DDS_Comm,SLEEP,22984.585272,22985.074592,489.320000
DDS_Comm,SLEEP,22985.074595,22985.074597,0.002000
DDS_Comm,SLEEP,22985.074697,22985.591732,517.035000
DDS_Comm,SLEEP,22985.591736,22985.591738,0.002000
DDS_Comm,SLEEP,22985.591830,22986.082980,491.150000
DDS_Comm,SLEEP,22986.082984,22986.082986,0.002000
DDS_Comm,SLEEP,22986.083080,22986.588910,505.830000
DDS_Comm,SLEEP,22986.588914,22986.588916,0.002000
DDS_Comm,SLEEP,22986.589019,22987.085566,496.547000
DDS_Comm,SLEEP,22987.085570,22987.085573,0.003000
DDS_Comm,SLEEP,22987.085679,22987.585595,499.916000
DDS_Comm,SLEEP,22987.585599,22987.585601,0.002000
DDS_Comm,SLEEP,22987.585714,22988.081045,495.331000
DDS_Comm,SLEEP,22988.081049,22988.081050,0.001000
DDS_Comm,SLEEP,22988.081178,22988.599548,518.370000
DDS_Comm,SLEEP,22988.599552,22988.599554,0.002000
DDS_Comm,SLEEP,22988.599674,22989.087134,487.460000
DDS_Comm,SLEEP,22989.087137,22989.087139,0.002000
DDS_Comm,SLEEP,22989.087232,22989.582551,495.319000
DDS_Comm,SLEEP,22989.582555,22989.582557,0.002000
DDS_Comm,SLEEP,22989.582655,22990.088349,505.694000
DDS_Comm,SLEEP,22990.088355,22990.088358,0.003000
DDS_Comm,SLEEP,22990.088573,22990.596701,508.128000
DDS_Comm,SLEEP,22990.596705,22990.596707,0.002000
DDS_Comm,SLEEP,22990.596828,22991.135007,538.179000
DDS_Comm,SLEEP,22991.135011,22991.135013,0.002000
DDS_Comm,SLEEP,22991.135108,22991.629742,494.634000
DDS_Comm,SLEEP,22991.629746,22991.629748,0.002000
DDS_Comm,SLEEP,22991.629845,22992.107189,477.344000
DDS_Comm,SLEEP,22992.107193,22992.107195,0.002000
DDS_Comm,SLEEP,22992.107341,22992.592307,484.966000
DDS_Comm,SLEEP,22992.592310,22992.592313,0.003000
DDS_Comm,SLEEP,22992.592408,22993.112970,520.562000
DDS_Comm,SLEEP,22993.112973,22993.112975,0.002000
DDS_Comm,SLEEP,22993.113073,22993.613050,499.977000
DDS_Comm,SLEEP,22993.613055,22993.613057,0.002000
DDS_Comm,SLEEP,22993.613150,22994.090700,477.550000
DDS_Comm,SLEEP,22994.090704,22994.090706,0.002000
DDS_Comm,SLEEP,22994.090802,22994.608479,517.677000
DDS_Comm,SLEEP,22994.608484,22994.608486,0.002000
DDS_Comm,SLEEP,22994.608617,22995.085474,476.857000
DDS_Comm,SLEEP,22995.085478,22995.085480,0.002000
DDS_Comm,SLEEP,22995.085584,22995.580605,495.021000
DDS_Comm,SLEEP,22995.580608,22995.580610,0.002000
DDS_Comm,SLEEP,22995.580703,22996.076917,496.214000
DDS_Comm,SLEEP,22996.076921,22996.076923,0.002000
DDS_Comm,SLEEP,22996.077017,22996.605882,528.865000
DDS_Comm,SLEEP,22996.605886,22996.605887,0.001000
DDS_Comm,SLEEP,22996.605989,22997.078507,472.518000
DDS_Comm,SLEEP,22997.078511,22997.078513,0.002000
DDS_Comm,SLEEP,22997.078608,22997.581561,502.953000
DDS_Comm,SLEEP,22997.581565,22997.581568,0.003000
DDS_Comm,SLEEP,22997.581675,22998.079986,498.311000
DDS_Comm,SLEEP,22998.079990,22998.079992,0.002000
DDS_Comm,SLEEP,22998.080090,22998.611609,531.519000
DDS_Comm,SLEEP,22998.611613,22998.611616,0.003000
DDS_Comm,SLEEP,22998.611723,22999.076937,465.214000
DDS_Comm,SLEEP,22999.076941,22999.076943,0.002000
DDS_Comm,SLEEP,22999.077048,22999.585247,508.199000
DDS_Comm,SLEEP,22999.585251,22999.585253,0.002000
DDS_Comm,SLEEP,22999.585349,23000.080297,494.948000
DDS_Comm,SLEEP,23000.080301,23000.080302,0.001000
DDS_Comm,SLEEP,23000.080398,23000.579376,498.978000
DDS_Comm,SLEEP,23000.579380,23000.579382,0.002000
DDS_Comm,SLEEP,23000.579484,23001.101187,521.703000
DDS_Comm,SLEEP,23001.101192,23001.101193,0.001000
DDS_Comm,SLEEP,23001.101294,23001.577666,476.372000
DDS_Comm,SLEEP,23001.577669,23001.577671,0.002000
DDS_Comm,SLEEP,23001.577792,23002.084950,507.158000
DDS_Comm,SLEEP,23002.084954,23002.084956,0.002000
DDS_Comm,SLEEP,23002.085064,23002.589331,504.267000
DDS_Comm,SLEEP,23002.589336,23002.589338,0.002000
DDS_Comm,SLEEP,23002.589438,23003.097819,508.381000
DDS_Comm,SLEEP,23003.097823,23003.097825,0.002000
DDS_Comm,SLEEP,23003.097924,23003.581504,483.580000
DDS_Comm,SLEEP,23003.581508,23003.581510,0.002000
DDS_Comm,SLEEP,23003.581610,23004.093006,511.396000
DDS_Comm,SLEEP,23004.093010,23004.093012,0.002000
DDS_Comm,SLEEP,23004.093115,23004.579155,486.040000
DDS_Comm,SLEEP,23004.579160,23004.579162,0.002000
DDS_Comm,SLEEP,23004.579281,23005.088886,509.605000
DDS_Comm,SLEEP,23005.088890,23005.088892,0.002000
DDS_Comm,SLEEP,23005.089005,23005.576968,487.963000
DDS_Comm,SLEEP,23005.576972,23005.576973,0.001000
DDS_Comm,SLEEP,23005.577077,23006.078294,501.217000
DDS_Comm,SLEEP,23006.078298,23006.078299,0.001000
DDS_Comm,SLEEP,23006.078392,23006.576983,498.591000
DDS_Comm,SLEEP,23006.576986,23006.576988,0.002000
DDS_Comm,SLEEP,23006.577079,23007.077101,500.022000
DDS_Comm,SLEEP,23007.077105,23007.077107,0.002000
DDS_Comm,SLEEP,23007.077209,23007.085960,8.751000
DDS_Comm,MARKER_DDS_MSG_START_DDS_Comm,22972.616905,22972.616905,0.0
DDS_Comm,MARKER_DDS_WRITE_START,22972.616908,22972.616908,0.0
DDS_Comm,MARKER_DDS_WRITE_END,22972.617041,22972.617041,0.0
DDS_Comm,MARKER_DDS_MSG_END_DDS_Comm,22972.617042,22972.617042,0.0
DDS_Comm,MARKER_DDS_MSG_START_DDS_Comm,22973.089611,22973.089611,0.0
DDS_Comm,MARKER_DDS_WRITE_START,22973.089613,22973.089613,0.0
DDS_Comm,MARKER_DDS_WRITE_END,22973.089695,22973.089695,0.0
DDS_Comm,MARKER_DDS_MSG_END_DDS_Comm,22973.089695,22973.089695,0.0
DDS_Comm,MARKER_DDS_MSG_START_DDS_Comm,22973.585822,22973.585822,0.0
DDS_Comm,MARKER_DDS_WRITE_START,22973.585823,22973.585823,0.0
DDS_Comm,MARKER_DDS_WRITE_END,22973.585906,22973.585906,0.0
DDS_Comm,MARKER_DDS_MSG_END_DDS_Comm,22973.585906,22973.585906,0.0
DDS_Comm,MARKER_DDS_MSG_START_DDS_Comm,22974.082747,22974.082747,0.0
DDS_Comm,MARKER_DDS_WRITE_START,22974.082748,22974.082748,0.0
DDS_Comm,MARKER_DDS_WRITE_END,22974.082822,22974.082822,0.0
DDS_Comm,MARKER_DDS_MSG_END_DDS_Comm,22974.082826,22974.082826,0.0
DDS_Comm,MARKER_DDS_MSG_START_DDS_Comm,22974.585167,22974.585167,0.0
DDS_Comm,MARKER_DDS_WRITE_START,22974.585168,22974.585168,0.0
DDS_Comm,MARKER_DDS_WRITE_END,22974.585244,22974.585244,0.0
DDS_Comm,MARKER_DDS_MSG_END_DDS_Comm,22974.585244,22974.585244,0.0
DDS_Comm,MARKER_DDS_MSG_START_DDS_Comm,22975.084474,22975.084474,0.0
DDS_Comm,MARKER_DDS_WRITE_START,22975.084475,22975.084475,0.0
DDS_Comm,MARKER_DDS_WRITE_END,22975.084547,22975.084547,0.0
DDS_Comm,MARKER_DDS_MSG_END_DDS_Comm,22975.084548,22975.084548,0.0
DDS_Comm,MARKER_DDS_MSG_START_DDS_Comm,22975.585681,22975.585681,0.0
DDS_Comm,MARKER_DDS_WRITE_START,22975.585683,22975.585683,0.0
DDS_Comm,MARKER_DDS_WRITE_END,22975.585765,22975.585765,0.0
DDS_Comm,MARKER_DDS_MSG_END_DDS_Comm,22975.585766,22975.585766,0.0
DDS_Comm,MARKER_DDS_MSG_START_DDS_Comm,22976.081492,22976.081492,0.0
DDS_Comm,MARKER_DDS_WRITE_START,22976.081493,22976.081493,0.0
DDS_Comm,MARKER_DDS_WRITE_END,22976.081567,22976.081567,0.0
DDS_Comm,MARKER_DDS_MSG_END_DDS_Comm,22976.081568,22976.081568,0.0
DDS_Comm,MARKER_DDS_MSG_START_DDS_Comm,22976.588064,22976.588064,0.0
DDS_Comm,MARKER_DDS_WRITE_START,22976.588066,22976.588066,0.0
DDS_Comm,MARKER_DDS_WRITE_END,22976.588144,22976.588144,0.0
DDS_Comm,MARKER_DDS_MSG_END_DDS_Comm,22976.588144,22976.588144,0.0
DDS_Comm,MARKER_DDS_MSG_START_DDS_Comm,22977.083516,22977.083516,0.0
DDS_Comm,MARKER_DDS_WRITE_START,22977.083517,22977.083517,0.0
DDS_Comm,MARKER_DDS_WRITE_END,22977.083591,22977.083591,0.0
DDS_Comm,MARKER_DDS_MSG_END_DDS_Comm,22977.083591,22977.083591,0.0
DDS_Comm,MARKER_DDS_MSG_START_DDS_Comm,22977.582825,22977.582825,0.0
DDS_Comm,MARKER_DDS_WRITE_START,22977.582827,22977.582827,0.0
DDS_Comm,MARKER_DDS_WRITE_END,22977.582901,22977.582901,0.0
DDS_Comm,MARKER_DDS_MSG_END_DDS_Comm,22977.582901,22977.582901,0.0
DDS_Comm,MARKER_DDS_MSG_START_DDS_Comm,22978.083510,22978.083510,0.0
DDS_Comm,MARKER_DDS_WRITE_START,22978.083512,22978.083512,0.0
DDS_Comm,MARKER_DDS_WRITE_END,22978.083587,22978.083587,0.0
DDS_Comm,MARKER_DDS_MSG_END_DDS_Comm,22978.083588,22978.083588,0.0
DDS_Comm,MARKER_DDS_MSG_START_DDS_Comm,22978.587107,22978.587107,0.0
DDS_Comm,MARKER_DDS_WRITE_START,22978.587110,22978.587110,0.0
DDS_Comm,MARKER_DDS_WRITE_END,22978.587248,22978.587248,0.0
DDS_Comm,MARKER_DDS_MSG_END_DDS_Comm,22978.587249,22978.587249,0.0
DDS_Comm,MARKER_DDS_MSG_START_DDS_Comm,22979.093786,22979.093786,0.0
DDS_Comm,MARKER_DDS_WRITE_START,22979.093787,22979.093787,0.0
DDS_Comm,MARKER_DDS_WRITE_END,22979.093863,22979.093863,0.0
DDS_Comm,MARKER_DDS_MSG_END_DDS_Comm,22979.093863,22979.093863,0.0
DDS_Comm,MARKER_DDS_MSG_START_DDS_Comm,22979.578870,22979.578870,0.0
DDS_Comm,MARKER_DDS_WRITE_START,22979.578872,22979.578872,0.0
DDS_Comm,MARKER_DDS_WRITE_END,22979.578952,22979.578952,0.0
DDS_Comm,MARKER_DDS_MSG_END_DDS_Comm,22979.578953,22979.578953,0.0
DDS_Comm,MARKER_DDS_MSG_START_DDS_Comm,22980.098583,22980.098583,0.0
DDS_Comm,MARKER_DDS_WRITE_START,22980.098585,22980.098585,0.0
DDS_Comm,MARKER_DDS_WRITE_END,22980.098662,22980.098662,0.0
DDS_Comm,MARKER_DDS_MSG_END_DDS_Comm,22980.098663,22980.098663,0.0
DDS_Comm,MARKER_DDS_MSG_START_DDS_Comm,22980.599227,22980.599227,0.0
DDS_Comm,MARKER_DDS_WRITE_START,22980.599228,22980.599228,0.0
DDS_Comm,MARKER_DDS_WRITE_END,22980.599303,22980.599303,0.0
DDS_Comm,MARKER_DDS_MSG_END_DDS_Comm,22980.599303,22980.599303,0.0
DDS_Comm,MARKER_DDS_MSG_START_DDS_Comm,22981.081621,22981.081621,0.0
DDS_Comm,MARKER_DDS_WRITE_START,22981.081622,22981.081622,0.0
DDS_Comm,MARKER_DDS_WRITE_END,22981.081699,22981.081699,0.0
DDS_Comm,MARKER_DDS_MSG_END_DDS_Comm,22981.081699,22981.081699,0.0
DDS_Comm,MARKER_DDS_MSG_START_DDS_Comm,22981.583076,22981.583076,0.0
DDS_Comm,MARKER_DDS_WRITE_START,22981.583077,22981.583077,0.0
DDS_Comm,MARKER_DDS_WRITE_END,22981.583160,22981.583160,0.0
DDS_Comm,MARKER_DDS_MSG_END_DDS_Comm,22981.583162,22981.583162,0.0
DDS_Comm,MARKER_DDS_MSG_START_DDS_Comm,22982.077951,22982.077951,0.0
DDS_Comm,MARKER_DDS_WRITE_START,22982.077952,22982.077952,0.0
DDS_Comm,MARKER_DDS_WRITE_END,22982.078027,22982.078027,0.0
DDS_Comm,MARKER_DDS_MSG_END_DDS_Comm,22982.078028,22982.078028,0.0
DDS_Comm,MARKER_DDS_MSG_START_DDS_Comm,22982.582037,22982.582037,0.0
DDS_Comm,MARKER_DDS_WRITE_START,22982.582038,22982.582038,0.0
DDS_Comm,MARKER_DDS_WRITE_END,22982.582085,22982.582085,0.0
DDS_Comm,MARKER_DDS_MSG_END_DDS_Comm,22982.582085,22982.582085,0.0
DDS_Comm,MARKER_DDS_MSG_START_DDS_Comm,22983.083018,22983.083018,0.0
DDS_Comm,MARKER_DDS_WRITE_START,22983.083020,22983.083020,0.0
DDS_Comm,MARKER_DDS_WRITE_END,22983.083097,22983.083097,0.0
DDS_Comm,MARKER_DDS_MSG_END_DDS_Comm,22983.083098,22983.083098,0.0
DDS_Comm,MARKER_DDS_MSG_START_DDS_Comm,22983.578099,22983.578099,0.0
DDS_Comm,MARKER_DDS_WRITE_START,22983.578100,22983.578100,0.0
DDS_Comm,MARKER_DDS_WRITE_END,22983.578173,22983.578173,0.0
DDS_Comm,MARKER_DDS_MSG_END_DDS_Comm,22983.578174,22983.578174,0.0
DDS_Comm,MARKER_DDS_MSG_START_DDS_Comm,22984.082950,22984.082950,0.0
DDS_Comm,MARKER_DDS_WRITE_START,22984.082952,22984.082952,0.0
DDS_Comm,MARKER_DDS_WRITE_END,22984.083034,22984.083034,0.0
DDS_Comm,MARKER_DDS_MSG_END_DDS_Comm,22984.083035,22984.083035,0.0
DDS_Comm,MARKER_DDS_MSG_START_DDS_Comm,22984.585176,22984.585176,0.0
DDS_Comm,MARKER_DDS_WRITE_START,22984.585178,22984.585178,0.0
DDS_Comm,MARKER_DDS_WRITE_END,22984.585257,22984.585257,0.0
DDS_Comm,MARKER_DDS_MSG_END_DDS_Comm,22984.585257,22984.585257,0.0
DDS_Comm,MARKER_DDS_MSG_START_DDS_Comm,22985.074601,22985.074601,0.0
DDS_Comm,MARKER_DDS_WRITE_START,22985.074602,22985.074602,0.0
DDS_Comm,MARKER_DDS_WRITE_END,22985.074679,22985.074679,0.0
DDS_Comm,MARKER_DDS_MSG_END_DDS_Comm,22985.074679,22985.074679,0.0
DDS_Comm,MARKER_DDS_MSG_START_DDS_Comm,22985.591741,22985.591741,0.0
DDS_Comm,MARKER_DDS_WRITE_START,22985.591743,22985.591743,0.0
DDS_Comm,MARKER_DDS_WRITE_END,22985.591815,22985.591815,0.0
DDS_Comm,MARKER_DDS_MSG_END_DDS_Comm,22985.591816,22985.591816,0.0
DDS_Comm,MARKER_DDS_MSG_START_DDS_Comm,22986.082990,22986.082990,0.0
DDS_Comm,MARKER_DDS_WRITE_START,22986.082991,22986.082991,0.0
DDS_Comm,MARKER_DDS_WRITE_END,22986.083064,22986.083064,0.0
DDS_Comm,MARKER_DDS_MSG_END_DDS_Comm,22986.083065,22986.083065,0.0
DDS_Comm,MARKER_DDS_MSG_START_DDS_Comm,22986.588920,22986.588920,0.0
DDS_Comm,MARKER_DDS_WRITE_START,22986.588921,22986.588921,0.0
DDS_Comm,MARKER_DDS_WRITE_END,22986.588999,22986.588999,0.0
DDS_Comm,MARKER_DDS_MSG_END_DDS_Comm,22986.589000,22986.589000,0.0
DDS_Comm,MARKER_DDS_MSG_START_DDS_Comm,22987.085576,22987.085576,0.0
DDS_Comm,MARKER_DDS_WRITE_START,22987.085578,22987.085578,0.0
DDS_Comm,MARKER_DDS_WRITE_END,22987.085657,22987.085657,0.0
DDS_Comm,MARKER_DDS_MSG_END_DDS_Comm,22987.085658,22987.085658,0.0
DDS_Comm,MARKER_DDS_MSG_START_DDS_Comm,22987.585605,22987.585605,0.0
DDS_Comm,MARKER_DDS_WRITE_START,22987.585606,22987.585606,0.0
DDS_Comm,MARKER_DDS_WRITE_END,22987.585695,22987.585695,0.0
DDS_Comm,MARKER_DDS_MSG_END_DDS_Comm,22987.585695,22987.585695,0.0
DDS_Comm,MARKER_DDS_MSG_START_DDS_Comm,22988.081053,22988.081053,0.0
DDS_Comm,MARKER_DDS_WRITE_START,22988.081055,22988.081055,0.0
DDS_Comm,MARKER_DDS_WRITE_END,22988.081163,22988.081163,0.0
DDS_Comm,MARKER_DDS_MSG_END_DDS_Comm,22988.081163,22988.081163,0.0
DDS_Comm,MARKER_DDS_MSG_START_DDS_Comm,22988.599559,22988.599559,0.0
DDS_Comm,MARKER_DDS_WRITE_START,22988.599560,22988.599560,0.0
DDS_Comm,MARKER_DDS_WRITE_END,22988.599652,22988.599652,0.0
DDS_Comm,MARKER_DDS_MSG_END_DDS_Comm,22988.599652,22988.599652,0.0
DDS_Comm,MARKER_DDS_MSG_START_DDS_Comm,22989.087142,22989.087142,0.0
DDS_Comm,MARKER_DDS_WRITE_START,22989.087143,22989.087143,0.0
DDS_Comm,MARKER_DDS_WRITE_END,22989.087215,22989.087215,0.0
DDS_Comm,MARKER_DDS_MSG_END_DDS_Comm,22989.087216,22989.087216,0.0
DDS_Comm,MARKER_DDS_MSG_START_DDS_Comm,22989.582560,22989.582560,0.0
DDS_Comm,MARKER_DDS_WRITE_START,22989.582561,22989.582561,0.0
DDS_Comm,MARKER_DDS_WRITE_END,22989.582639,22989.582639,0.0
DDS_Comm,MARKER_DDS_MSG_END_DDS_Comm,22989.582640,22989.582640,0.0
DDS_Comm,MARKER_DDS_MSG_START_DDS_Comm,22990.088362,22990.088362,0.0
DDS_Comm,MARKER_DDS_WRITE_START,22990.088365,22990.088365,0.0
DDS_Comm,MARKER_DDS_WRITE_END,22990.088548,22990.088548,0.0
DDS_Comm,MARKER_DDS_MSG_END_DDS_Comm,22990.088549,22990.088549,0.0
DDS_Comm,MARKER_DDS_MSG_START_DDS_Comm,22990.596710,22990.596710,0.0
DDS_Comm,MARKER_DDS_WRITE_START,22990.596711,22990.596711,0.0
DDS_Comm,MARKER_DDS_WRITE_END,22990.596811,22990.596811,0.0
DDS_Comm,MARKER_DDS_MSG_END_DDS_Comm,22990.596812,22990.596812,0.0
DDS_Comm,MARKER_DDS_MSG_START_DDS_Comm,22991.135016,22991.135016,0.0
DDS_Comm,MARKER_DDS_WRITE_START,22991.135018,22991.135018,0.0
DDS_Comm,MARKER_DDS_WRITE_END,22991.135092,22991.135092,0.0
DDS_Comm,MARKER_DDS_MSG_END_DDS_Comm,22991.135092,22991.135092,0.0
DDS_Comm,MARKER_DDS_MSG_START_DDS_Comm,22991.629752,22991.629752,0.0
DDS_Comm,MARKER_DDS_WRITE_START,22991.629754,22991.629754,0.0
DDS_Comm,MARKER_DDS_WRITE_END,22991.629827,22991.629827,0.0
DDS_Comm,MARKER_DDS_MSG_END_DDS_Comm,22991.629828,22991.629828,0.0
DDS_Comm,MARKER_DDS_MSG_START_DDS_Comm,22992.107199,22992.107199,0.0
DDS_Comm,MARKER_DDS_WRITE_START,22992.107200,22992.107200,0.0
DDS_Comm,MARKER_DDS_WRITE_END,22992.107300,22992.107300,0.0
DDS_Comm,MARKER_DDS_MSG_END_DDS_Comm,22992.107300,22992.107300,0.0
DDS_Comm,MARKER_DDS_MSG_START_DDS_Comm,22992.592316,22992.592316,0.0
DDS_Comm,MARKER_DDS_WRITE_START,22992.592317,22992.592317,0.0
DDS_Comm,MARKER_DDS_WRITE_END,22992.592391,22992.592391,0.0
DDS_Comm,MARKER_DDS_MSG_END_DDS_Comm,22992.592392,22992.592392,0.0
DDS_Comm,MARKER_DDS_MSG_START_DDS_Comm,22993.112979,22993.112979,0.0
DDS_Comm,MARKER_DDS_WRITE_START,22993.112980,22993.112980,0.0
DDS_Comm,MARKER_DDS_WRITE_END,22993.113057,22993.113057,0.0
DDS_Comm,MARKER_DDS_MSG_END_DDS_Comm,22993.113058,22993.113058,0.0
DDS_Comm,MARKER_DDS_MSG_START_DDS_Comm,22993.613061,22993.613061,0.0
DDS_Comm,MARKER_DDS_WRITE_START,22993.613062,22993.613062,0.0
DDS_Comm,MARKER_DDS_WRITE_END,22993.613133,22993.613133,0.0
DDS_Comm,MARKER_DDS_MSG_END_DDS_Comm,22993.613133,22993.613133,0.0
DDS_Comm,MARKER_DDS_MSG_START_DDS_Comm,22994.090710,22994.090710,0.0
DDS_Comm,MARKER_DDS_WRITE_START,22994.090711,22994.090711,0.0
DDS_Comm,MARKER_DDS_WRITE_END,22994.090784,22994.090784,0.0
DDS_Comm,MARKER_DDS_MSG_END_DDS_Comm,22994.090785,22994.090785,0.0
DDS_Comm,MARKER_DDS_MSG_START_DDS_Comm,22994.608491,22994.608491,0.0
DDS_Comm,MARKER_DDS_WRITE_START,22994.608493,22994.608493,0.0
DDS_Comm,MARKER_DDS_WRITE_END,22994.608595,22994.608595,0.0
DDS_Comm,MARKER_DDS_MSG_END_DDS_Comm,22994.608596,22994.608596,0.0
DDS_Comm,MARKER_DDS_MSG_START_DDS_Comm,22995.085484,22995.085484,0.0
DDS_Comm,MARKER_DDS_WRITE_START,22995.085485,22995.085485,0.0
DDS_Comm,MARKER_DDS_WRITE_END,22995.085564,22995.085564,0.0
DDS_Comm,MARKER_DDS_MSG_END_DDS_Comm,22995.085564,22995.085564,0.0
DDS_Comm,MARKER_DDS_MSG_START_DDS_Comm,22995.580613,22995.580613,0.0
DDS_Comm,MARKER_DDS_WRITE_START,22995.580615,22995.580615,0.0
DDS_Comm,MARKER_DDS_WRITE_END,22995.580688,22995.580688,0.0
DDS_Comm,MARKER_DDS_MSG_END_DDS_Comm,22995.580689,22995.580689,0.0
DDS_Comm,MARKER_DDS_MSG_START_DDS_Comm,22996.076926,22996.076926,0.0
DDS_Comm,MARKER_DDS_WRITE_START,22996.076928,22996.076928,0.0
DDS_Comm,MARKER_DDS_WRITE_END,22996.077002,22996.077002,0.0
DDS_Comm,MARKER_DDS_MSG_END_DDS_Comm,22996.077003,22996.077003,0.0
DDS_Comm,MARKER_DDS_MSG_START_DDS_Comm,22996.605891,22996.605891,0.0
DDS_Comm,MARKER_DDS_WRITE_START,22996.605892,22996.605892,0.0
DDS_Comm,MARKER_DDS_WRITE_END,22996.605972,22996.605972,0.0
DDS_Comm,MARKER_DDS_MSG_END_DDS_Comm,22996.605973,22996.605973,0.0
DDS_Comm,MARKER_DDS_MSG_START_DDS_Comm,22997.078516,22997.078516,0.0
DDS_Comm,MARKER_DDS_WRITE_START,22997.078517,22997.078517,0.0
DDS_Comm,MARKER_DDS_WRITE_END,22997.078593,22997.078593,0.0
DDS_Comm,MARKER_DDS_MSG_END_DDS_Comm,22997.078593,22997.078593,0.0
DDS_Comm,MARKER_DDS_MSG_START_DDS_Comm,22997.581572,22997.581572,0.0
DDS_Comm,MARKER_DDS_WRITE_START,22997.581574,22997.581574,0.0
DDS_Comm,MARKER_DDS_WRITE_END,22997.581660,22997.581660,0.0
DDS_Comm,MARKER_DDS_MSG_END_DDS_Comm,22997.581660,22997.581660,0.0
DDS_Comm,MARKER_DDS_MSG_START_DDS_Comm,22998.079996,22998.079996,0.0
DDS_Comm,MARKER_DDS_WRITE_START,22998.079997,22998.079997,0.0
DDS_Comm,MARKER_DDS_WRITE_END,22998.080074,22998.080074,0.0
DDS_Comm,MARKER_DDS_MSG_END_DDS_Comm,22998.080075,22998.080075,0.0
DDS_Comm,MARKER_DDS_MSG_START_DDS_Comm,22998.611620,22998.611620,0.0
DDS_Comm,MARKER_DDS_WRITE_START,22998.611621,22998.611621,0.0
DDS_Comm,MARKER_DDS_WRITE_END,22998.611703,22998.611703,0.0
DDS_Comm,MARKER_DDS_MSG_END_DDS_Comm,22998.611704,22998.611704,0.0
DDS_Comm,MARKER_DDS_MSG_START_DDS_Comm,22999.076946,22999.076946,0.0
DDS_Comm,MARKER_DDS_WRITE_START,22999.076947,22999.076947,0.0
DDS_Comm,MARKER_DDS_WRITE_END,22999.077028,22999.077028,0.0
DDS_Comm,MARKER_DDS_MSG_END_DDS_Comm,22999.077029,22999.077029,0.0
DDS_Comm,MARKER_DDS_MSG_START_DDS_Comm,22999.585256,22999.585256,0.0
DDS_Comm,MARKER_DDS_WRITE_START,22999.585257,22999.585257,0.0
DDS_Comm,MARKER_DDS_WRITE_END,22999.585334,22999.585334,0.0
DDS_Comm,MARKER_DDS_MSG_END_DDS_Comm,22999.585335,22999.585335,0.0
DDS_Comm,MARKER_DDS_MSG_START_DDS_Comm,23000.080305,23000.080305,0.0
DDS_Comm,MARKER_DDS_WRITE_START,23000.080307,23000.080307,0.0
DDS_Comm,MARKER_DDS_WRITE_END,23000.080379,23000.080379,0.0
DDS_Comm,MARKER_DDS_MSG_END_DDS_Comm,23000.080379,23000.080379,0.0
DDS_Comm,MARKER_DDS_MSG_START_DDS_Comm,23000.579386,23000.579386,0.0
DDS_Comm,MARKER_DDS_WRITE_START,23000.579387,23000.579387,0.0
DDS_Comm,MARKER_DDS_WRITE_END,23000.579467,23000.579467,0.0
DDS_Comm,MARKER_DDS_MSG_END_DDS_Comm,23000.579468,23000.579468,0.0
DDS_Comm,MARKER_DDS_MSG_START_DDS_Comm,23001.101197,23001.101197,0.0
DDS_Comm,MARKER_DDS_WRITE_START,23001.101198,23001.101198,0.0
DDS_Comm,MARKER_DDS_WRITE_END,23001.101278,23001.101278,0.0
DDS_Comm,MARKER_DDS_MSG_END_DDS_Comm,23001.101279,23001.101279,0.0
DDS_Comm,MARKER_DDS_MSG_START_DDS_Comm,23001.577674,23001.577674,0.0
DDS_Comm,MARKER_DDS_WRITE_START,23001.577676,23001.577676,0.0
DDS_Comm,MARKER_DDS_WRITE_END,23001.577767,23001.577767,0.0
DDS_Comm,MARKER_DDS_MSG_END_DDS_Comm,23001.577767,23001.577767,0.0
DDS_Comm,MARKER_DDS_MSG_START_DDS_Comm,23002.084959,23002.084959,0.0
DDS_Comm,MARKER_DDS_WRITE_START,23002.084961,23002.084961,0.0
DDS_Comm,MARKER_DDS_WRITE_END,23002.085046,23002.085046,0.0
DDS_Comm,MARKER_DDS_MSG_END_DDS_Comm,23002.085047,23002.085047,0.0
DDS_Comm,MARKER_DDS_MSG_START_DDS_Comm,23002.589341,23002.589341,0.0
DDS_Comm,MARKER_DDS_WRITE_START,23002.589343,23002.589343,0.0
DDS_Comm,MARKER_DDS_WRITE_END,23002.589421,23002.589421,0.0
DDS_Comm,MARKER_DDS_MSG_END_DDS_Comm,23002.589422,23002.589422,0.0
DDS_Comm,MARKER_DDS_MSG_START_DDS_Comm,23003.097828,23003.097828,0.0
DDS_Comm,MARKER_DDS_WRITE_START,23003.097830,23003.097830,0.0
DDS_Comm,MARKER_DDS_WRITE_END,23003.097908,23003.097908,0.0
DDS_Comm,MARKER_DDS_MSG_END_DDS_Comm,23003.097908,23003.097908,0.0
DDS_Comm,MARKER_DDS_MSG_START_DDS_Comm,23003.581513,23003.581513,0.0
DDS_Comm,MARKER_DDS_WRITE_START,23003.581514,23003.581514,0.0
DDS_Comm,MARKER_DDS_WRITE_END,23003.581594,23003.581594,0.0
DDS_Comm,MARKER_DDS_MSG_END_DDS_Comm,23003.581594,23003.581594,0.0
DDS_Comm,MARKER_DDS_MSG_START_DDS_Comm,23004.093015,23004.093015,0.0
DDS_Comm,MARKER_DDS_WRITE_START,23004.093017,23004.093017,0.0
DDS_Comm,MARKER_DDS_WRITE_END,23004.093095,23004.093095,0.0
DDS_Comm,MARKER_DDS_MSG_END_DDS_Comm,23004.093096,23004.093096,0.0
DDS_Comm,MARKER_DDS_MSG_START_DDS_Comm,23004.579165,23004.579165,0.0
DDS_Comm,MARKER_DDS_WRITE_START,23004.579167,23004.579167,0.0
DDS_Comm,MARKER_DDS_WRITE_END,23004.579260,23004.579260,0.0
DDS_Comm,MARKER_DDS_MSG_END_DDS_Comm,23004.579261,23004.579261,0.0
DDS_Comm,MARKER_DDS_MSG_START_DDS_Comm,23005.088895,23005.088895,0.0
DDS_Comm,MARKER_DDS_WRITE_START,23005.088897,23005.088897,0.0
DDS_Comm,MARKER_DDS_WRITE_END,23005.088987,23005.088987,0.0
DDS_Comm,MARKER_DDS_MSG_END_DDS_Comm,23005.088987,23005.088987,0.0
DDS_Comm,MARKER_DDS_MSG_START_DDS_Comm,23005.576976,23005.576976,0.0
DDS_Comm,MARKER_DDS_WRITE_START,23005.576978,23005.576978,0.0
DDS_Comm,MARKER_DDS_WRITE_END,23005.577051,23005.577051,0.0
DDS_Comm,MARKER_DDS_MSG_END_DDS_Comm,23005.577060,23005.577060,0.0
DDS_Comm,MARKER_DDS_MSG_START_DDS_Comm,23006.078303,23006.078303,0.0
DDS_Comm,MARKER_DDS_WRITE_START,23006.078304,23006.078304,0.0
DDS_Comm,MARKER_DDS_WRITE_END,23006.078377,23006.078377,0.0
DDS_Comm,MARKER_DDS_MSG_END_DDS_Comm,23006.078377,23006.078377,0.0
DDS_Comm,MARKER_DDS_MSG_START_DDS_Comm,23006.576991,23006.576991,0.0
DDS_Comm,MARKER_DDS_WRITE_START,23006.576993,23006.576993,0.0
DDS_Comm,MARKER_DDS_WRITE_END,23006.577064,23006.577064,0.0
DDS_Comm,MARKER_DDS_MSG_END_DDS_Comm,23006.577065,23006.577065,0.0
DDS_Comm,MARKER_DDS_MSG_START_DDS_Comm,23007.077110,23007.077110,0.0
DDS_Comm,MARKER_DDS_WRITE_START,23007.077111,23007.077111,0.0
DDS_Comm,MARKER_DDS_WRITE_END,23007.077193,23007.077193,0.0
DDS_Comm,MARKER_DDS_MSG_END_DDS_Comm,23007.077193,23007.077193,0.0
DDS_Comm,DDS_MSG,22972.616905,22972.617041,0.136000
DDS_Comm,DDS_MSG,22972.616908,22972.617042,0.134000
DDS_Comm,DDS_MSG,22973.089611,22973.089695,0.084000
DDS_Comm,DDS_MSG,22973.089613,22973.089695,0.082000
DDS_Comm,DDS_MSG,22973.585822,22973.585906,0.084000
DDS_Comm,DDS_MSG,22973.585823,22973.585906,0.083000
DDS_Comm,DDS_MSG,22974.082747,22974.082822,0.075000
DDS_Comm,DDS_MSG,22974.082748,22974.082826,0.078000
DDS_Comm,DDS_MSG,22974.585167,22974.585244,0.077000
DDS_Comm,DDS_MSG,22974.585168,22974.585244,0.076000
DDS_Comm,DDS_MSG,22975.084474,22975.084547,0.073000
DDS_Comm,DDS_MSG,22975.084475,22975.084548,0.073000
DDS_Comm,DDS_MSG,22975.585681,22975.585765,0.084000
DDS_Comm,DDS_MSG,22975.585683,22975.585766,0.083000
DDS_Comm,DDS_MSG,22976.081492,22976.081567,0.075000
DDS_Comm,DDS_MSG,22976.081493,22976.081568,0.075000
DDS_Comm,DDS_MSG,22976.588064,22976.588144,0.080000
DDS_Comm,DDS_MSG,22976.588066,22976.588144,0.078000
DDS_Comm,DDS_MSG,22977.083516,22977.083591,0.075000
DDS_Comm,DDS_MSG,22977.083517,22977.083591,0.074000
DDS_Comm,DDS_MSG,22977.582825,22977.582901,0.076000
DDS_Comm,DDS_MSG,22977.582827,22977.582901,0.074000
DDS_Comm,DDS_MSG,22978.083510,22978.083587,0.077000
DDS_Comm,DDS_MSG,22978.083512,22978.083588,0.076000
DDS_Comm,DDS_MSG,22978.587107,22978.587248,0.141000
DDS_Comm,DDS_MSG,22978.587110,22978.587249,0.139000
DDS_Comm,DDS_MSG,22979.093786,22979.093863,0.077000
DDS_Comm,DDS_MSG,22979.093787,22979.093863,0.076000
DDS_Comm,DDS_MSG,22979.578870,22979.578952,0.082000
DDS_Comm,DDS_MSG,22979.578872,22979.578953,0.081000
DDS_Comm,DDS_MSG,22980.098583,22980.098662,0.079000
DDS_Comm,DDS_MSG,22980.098585,22980.098663,0.078000
DDS_Comm,DDS_MSG,22980.599227,22980.599303,0.076000
DDS_Comm,DDS_MSG,22980.599228,22980.599303,0.075000
DDS_Comm,DDS_MSG,22981.081621,22981.081699,0.078000
DDS_Comm,DDS_MSG,22981.081622,22981.081699,0.077000
DDS_Comm,DDS_MSG,22981.583076,22981.583160,0.084000
DDS_Comm,DDS_MSG,22981.583077,22981.583162,0.085000
DDS_Comm,DDS_MSG,22982.077951,22982.078027,0.076000
DDS_Comm,DDS_MSG,22982.077952,22982.078028,0.076000
DDS_Comm,DDS_MSG,22982.582037,22982.582085,0.048000
DDS_Comm,DDS_MSG,22982.582038,22982.582085,0.047000
DDS_Comm,DDS_MSG,22983.083018,22983.083097,0.079000
DDS_Comm,DDS_MSG,22983.083020,22983.083098,0.078000
DDS_Comm,DDS_MSG,22983.578099,22983.578173,0.074000
DDS_Comm,DDS_MSG,22983.578100,22983.578174,0.074000
DDS_Comm,DDS_MSG,22984.082950,22984.083034,0.084000
DDS_Comm,DDS_MSG,22984.082952,22984.083035,0.083000
DDS_Comm,DDS_MSG,22984.585176,22984.585257,0.081000
DDS_Comm,DDS_MSG,22984.585178,22984.585257,0.079000
DDS_Comm,DDS_MSG,22985.074601,22985.074679,0.078000
DDS_Comm,DDS_MSG,22985.074602,22985.074679,0.077000
DDS_Comm,DDS_MSG,22985.591741,22985.591815,0.074000
DDS_Comm,DDS_MSG,22985.591743,22985.591816,0.073000
DDS_Comm,DDS_MSG,22986.082990,22986.083064,0.074000
DDS_Comm,DDS_MSG,22986.082991,22986.083065,0.074000
DDS_Comm,DDS_MSG,22986.588920,22986.588999,0.079000
DDS_Comm,DDS_MSG,22986.588921,22986.589000,0.079000
DDS_Comm,DDS_MSG,22987.085576,22987.085657,0.081000
DDS_Comm,DDS_MSG,22987.085578,22987.085658,0.080000
DDS_Comm,DDS_MSG,22987.585605,22987.585695,0.090000
DDS_Comm,DDS_MSG,22987.585606,22987.585695,0.089000
DDS_Comm,DDS_MSG,22988.081053,22988.081163,0.110000
DDS_Comm,DDS_MSG,22988.081055,22988.081163,0.108000
DDS_Comm,DDS_MSG,22988.599559,22988.599652,0.093000
DDS_Comm,DDS_MSG,22988.599560,22988.599652,0.092000
DDS_Comm,DDS_MSG,22989.087142,22989.087215,0.073000
DDS_Comm,DDS_MSG,22989.087143,22989.087216,0.073000
DDS_Comm,DDS_MSG,22989.582560,22989.582639,0.079000
DDS_Comm,DDS_MSG,22989.582561,22989.582640,0.079000
DDS_Comm,DDS_MSG,22990.088362,22990.088548,0.186000
DDS_Comm,DDS_MSG,22990.088365,22990.088549,0.184000
DDS_Comm,DDS_MSG,22990.596710,22990.596811,0.101000
DDS_Comm,DDS_MSG,22990.596711,22990.596812,0.101000
DDS_Comm,DDS_MSG,22991.135016,22991.135092,0.076000
DDS_Comm,DDS_MSG,22991.135018,22991.135092,0.074000
DDS_Comm,DDS_MSG,22991.629752,22991.629827,0.075000
DDS_Comm,DDS_MSG,22991.629754,22991.629828,0.074000
DDS_Comm,DDS_MSG,22992.107199,22992.107300,0.101000
DDS_Comm,DDS_MSG,22992.107200,22992.107300,0.100000
DDS_Comm,DDS_MSG,22992.592316,22992.592391,0.075000
DDS_Comm,DDS_MSG,22992.592317,22992.592392,0.075000
DDS_Comm,DDS_MSG,22993.112979,22993.113057,0.078000
DDS_Comm,DDS_MSG,22993.112980,22993.113058,0.078000
DDS_Comm,DDS_MSG,22993.613061,22993.613133,0.072000
DDS_Comm,DDS_MSG,22993.613062,22993.613133,0.071000
DDS_Comm,DDS_MSG,22994.090710,22994.090784,0.074000
DDS_Comm,DDS_MSG,22994.090711,22994.090785,0.074000
DDS_Comm,DDS_MSG,22994.608491,22994.608595,0.104000
DDS_Comm,DDS_MSG,22994.608493,22994.608596,0.103000
DDS_Comm,DDS_MSG,22995.085484,22995.085564,0.080000
DDS_Comm,DDS_MSG,22995.085485,22995.085564,0.079000
DDS_Comm,DDS_MSG,22995.580613,22995.580688,0.075000
DDS_Comm,DDS_MSG,22995.580615,22995.580689,0.074000
DDS_Comm,DDS_MSG,22996.076926,22996.077002,0.076000
DDS_Comm,DDS_MSG,22996.076928,22996.077003,0.075000
DDS_Comm,DDS_MSG,22996.605891,22996.605972,0.081000
DDS_Comm,DDS_MSG,22996.605892,22996.605973,0.081000
DDS_Comm,DDS_MSG,22997.078516,22997.078593,0.077000
DDS_Comm,DDS_MSG,22997.078517,22997.078593,0.076000
DDS_Comm,DDS_MSG,22997.581572,22997.581660,0.088000
DDS_Comm,DDS_MSG,22997.581574,22997.581660,0.086000
DDS_Comm,DDS_MSG,22998.079996,22998.080074,0.078000
DDS_Comm,DDS_MSG,22998.079997,22998.080075,0.078000
DDS_Comm,DDS_MSG,22998.611620,22998.611703,0.083000
DDS_Comm,DDS_MSG,22998.611621,22998.611704,0.083000
DDS_Comm,DDS_MSG,22999.076946,22999.077028,0.082000
DDS_Comm,DDS_MSG,22999.076947,22999.077029,0.082000
DDS_Comm,DDS_MSG,22999.585256,22999.585334,0.078000
DDS_Comm,DDS_MSG,22999.585257,22999.585335,0.078000
DDS_Comm,DDS_MSG,23000.080305,23000.080379,0.074000
DDS_Comm,DDS_MSG,23000.080307,23000.080379,0.072000
DDS_Comm,DDS_MSG,23000.579386,23000.579467,0.081000
DDS_Comm,DDS_MSG,23000.579387,23000.579468,0.081000
DDS_Comm,DDS_MSG,23001.101197,23001.101278,0.081000
DDS_Comm,DDS_MSG,23001.101198,23001.101279,0.081000
DDS_Comm,DDS_MSG,23001.577674,23001.577767,0.093000
DDS_Comm,DDS_MSG,23001.577676,23001.577767,0.091000
DDS_Comm,DDS_MSG,23002.084959,23002.085046,0.087000
DDS_Comm,DDS_MSG,23002.084961,23002.085047,0.086000
DDS_Comm,DDS_MSG,23002.589341,23002.589421,0.080000
DDS_Comm,DDS_MSG,23002.589343,23002.589422,0.079000
DDS_Comm,DDS_MSG,23003.097828,23003.097908,0.080000
DDS_Comm,DDS_MSG,23003.097830,23003.097908,0.078000
DDS_Comm,DDS_MSG,23003.581513,23003.581594,0.081000
DDS_Comm,DDS_MSG,23003.581514,23003.581594,0.080000
DDS_Comm,DDS_MSG,23004.093015,23004.093095,0.080000
DDS_Comm,DDS_MSG,23004.093017,23004.093096,0.079000
DDS_Comm,DDS_MSG,23004.579165,23004.579260,0.095000
DDS_Comm,DDS_MSG,23004.579167,23004.579261,0.094000
DDS_Comm,DDS_MSG,23005.088895,23005.088987,0.092000
DDS_Comm,DDS_MSG,23005.088897,23005.088987,0.090000
DDS_Comm,DDS_MSG,23005.576976,23005.577051,0.075000
DDS_Comm,DDS_MSG,23005.576978,23005.577060,0.082000
DDS_Comm,DDS_MSG,23006.078303,23006.078377,0.074000
DDS_Comm,DDS_MSG,23006.078304,23006.078377,0.073000
DDS_Comm,DDS_MSG,23006.576991,23006.577064,0.073000
DDS_Comm,DDS_MSG,23006.576993,23006.577065,0.072000
DDS_Comm,DDS_MSG,23007.077110,23007.077193,0.083000
DDS_Comm,DDS_MSG,23007.077111,23007.077193,0.082000
DDS_Comm,STAT_DDS_COUNT,0,0,140
DDS_Comm,STAT_DDS_WCET,0,0,0.186000
DDS_Comm,STAT_DDS_ACET,0,0,0.083279
DDS_Comm,STAT_PERIOD,0,0,0.000000
DDS_Comm,STAT_MEASURED,0,0,-1.000000
DDS_Comm,STAT_DEADLINE,0,0,0.000000
DDS_Comm,STAT_WCET,0,0,0.215000
DDS_Comm,STAT_ACET,0,0,0.054000
DDS_Comm,STAT_JITTER,0,0,-1.000000
DDS_Comm,STAT_UTIL,0,0,0.000222
DDS_Comm,STAT_NRUN,0,0,143
DDS_Comm,STAT_NPRE,0,0,0
DDS_Comm,STAT_NSLP,0,0,142
DDS_Comm,STAT_NMISS,0,0,0
DDS_Comm,STAT_WSLACK,0,0,-999999.000000
DDS_Comm,STAT_HGAPS,0,0,1.000000
DDS_Comm,STAT_NGAPS,0,0,141
DDS_Comm,STAT_MAXGAP,0,0,538.179000
DDS_Comm,STAT_RUNTOT,0,0,7.722000
DDS_Comm,STAT_PRETOT,0,0,0.000000
DDS_Comm,STAT_SLPTOT,0,0,34814.767000
DDS_Publish,RUN,22972.263714,22972.263724,0.010000
DDS_Publish,RUN,22972.263743,22972.278110,14.367000
DDS_Publish,RUN,22972.278435,22972.320512,42.077000
DDS_Publish,RUN,22972.320805,22972.357469,36.664000
DDS_Publish,RUN,22972.357540,22972.357903,0.363000
DDS_Publish,RUN,22972.358134,22972.360646,2.512000
DDS_Publish,RUN,22972.360893,22972.361253,0.360000
DDS_Publish,RUN,22972.362365,22972.362656,0.291000
DDS_Publish,RUN,22972.362726,22972.362837,0.111000
DDS_Publish,RUN,22972.362908,22972.362935,0.027000
DDS_Publish,RUN,22972.363000,22972.363155,0.155000
DDS_Publish,RUN,22972.363385,22972.363459,0.074000
DDS_Publish,RUN,22972.363734,22972.378188,14.454000
DDS_Publish,RUN,22972.378417,22972.422937,44.520000
DDS_Publish,RUN,22972.423223,22972.423827,0.604000
DDS_Publish,RUN,22972.424057,22972.443423,19.366000
DDS_Publish,RUN,22972.443651,22972.457543,13.892000
DDS_Publish,RUN,22972.457617,22972.457969,0.352000
DDS_Publish,RUN,22972.458199,22972.463375,5.176000
DDS_Publish,RUN,22972.463607,22972.463964,0.357000
DDS_Publish,RUN,22972.464511,22972.464705,0.194000
DDS_Publish,RUN,22972.464932,22972.478098,13.166000
DDS_Publish,RUN,22972.478326,22972.525319,46.993000
DDS_Publish,RUN,22972.525598,22972.526238,0.640000
DDS_Publish,RUN,22972.526467,22972.545790,19.323000
DDS_Publish,RUN,22972.546017,22972.557633,11.616000
DDS_Publish,RUN,22972.557704,22972.558059,0.355000
DDS_Publish,RUN,22972.558285,22972.566657,8.372000
DDS_Publish,RUN,22972.566893,22972.567304,0.411000
DDS_Publish,RUN,22972.568928,22972.568931,0.003000
DDS_Publish,RUN,22972.569165,22972.578173,9.008000
DDS_Publish,RUN,22972.578447,22972.616877,38.430000
DDS_Publish,RUN,22972.616881,22972.616883,0.002000
DDS_Publish,RUN,22972.617059,22972.617078,0.019000
DDS_Publish,RUN,22972.763749,22972.772000,8.251000
DDS_Publish,RUN,22972.772233,22972.772697,0.464000
DDS_Publish,RUN,22972.773018,22972.798240,25.222000
DDS_Publish,RUN,22972.798509,22972.832540,34.031000
DDS_Publish,RUN,22972.832857,22972.934925,102.068000
DDS_Publish,RUN,22972.935227,22973.037332,102.105000
DDS_Publish,RUN,22973.037624,22973.089602,51.978000
DDS_Publish,RUN,22973.089606,22973.089608,0.002000
DDS_Publish,RUN,22973.089710,22973.089728,0.018000
DDS_Publish,RUN,22973.263743,22973.296841,33.098000
DDS_Publish,RUN,22973.296855,22973.330839,33.984000
DDS_Publish,RUN,22973.330849,22973.341838,10.989000
DDS_Publish,RUN,22973.341845,22973.344527,2.682000
DDS_Publish,RUN,22973.344818,22973.441842,97.024000
DDS_Publish,RUN,22973.441857,22973.446933,5.076000
DDS_Publish,RUN,22973.447225,22973.503839,56.614000
DDS_Publish,RUN,22973.503853,22973.549333,45.480000
DDS_Publish,RUN,22973.549625,22973.585813,36.188000
DDS_Publish,RUN,22973.585817,22973.585819,0.002000
DDS_Publish,RUN,22973.585920,22973.585935,0.015000
DDS_Publish,RUN,22973.763733,22973.856556,92.823000
DDS_Publish,RUN,22973.856852,22973.857417,0.565000
DDS_Publish,RUN,22973.857642,22973.858031,0.389000
DDS_Publish,RUN,22973.858263,22973.860686,2.423000
DDS_Publish,RUN,22973.860992,22973.861031,0.039000
DDS_Publish,RUN,22973.861106,22973.861423,0.317000
DDS_Publish,RUN,22973.861652,22973.877015,15.363000
DDS_Publish,RUN,22973.877244,22973.896835,19.591000
DDS_Publish,RUN,22973.896848,22973.913832,16.984000
DDS_Publish,RUN,22973.913835,22973.927833,13.998000
DDS_Publish,RUN,22973.927838,22973.958958,31.120000
DDS_Publish,RUN,22973.959254,22973.959768,0.514000
DDS_Publish,RUN,22973.959993,22973.963832,3.839000
DDS_Publish,RUN,22973.963846,22973.966712,2.866000
DDS_Publish,RUN,22973.966984,22973.979428,12.444000
DDS_Publish,RUN,22973.979651,22973.985831,6.180000
DDS_Publish,RUN,22973.985840,22973.991830,5.990000
DDS_Publish,RUN,22973.991840,22974.020586,28.746000
DDS_Publish,RUN,22974.020660,22974.020974,0.314000
DDS_Publish,RUN,22974.021201,22974.041117,19.916000
DDS_Publish,RUN,22974.041346,22974.041829,0.483000
DDS_Publish,RUN,22974.041838,22974.046829,4.991000
DDS_Publish,RUN,22974.046835,22974.061364,14.529000
DDS_Publish,RUN,22974.061606,22974.062249,0.643000
DDS_Publish,RUN,22974.062478,22974.074830,12.352000
DDS_Publish,RUN,22974.074838,22974.079833,4.995000
DDS_Publish,RUN,22974.079844,22974.081822,1.978000
DDS_Publish,RUN,22974.082101,22974.082738,0.637000
DDS_Publish,RUN,22974.082741,22974.082743,0.002000
DDS_Publish,RUN,22974.082841,22974.082852,0.011000
DDS_Publish,RUN,22974.263727,22974.266162,2.435000
DDS_Publish,RUN,22974.266404,22974.311828,45.424000
DDS_Publish,RUN,22974.311834,22974.368551,56.717000
DDS_Publish,RUN,22974.368773,22974.369380,0.607000
DDS_Publish,RUN,22974.369601,22974.369892,0.291000
DDS_Publish,RUN,22974.370103,22974.372498,2.395000
DDS_Publish,RUN,22974.373271,22974.373273,0.002000
DDS_Publish,RUN,22974.373498,22974.373517,0.019000
DDS_Publish,RUN,22974.373584,22974.373655,0.071000
DDS_Publish,RUN,22974.373728,22974.373804,0.076000
DDS_Publish,RUN,22974.373833,22974.373961,0.128000
DDS_Publish,RUN,22974.374190,22974.374280,0.090000
DDS_Publish,RUN,22974.374556,22974.375825,1.269000
DDS_Publish,RUN,22974.375830,22974.375927,0.097000
DDS_Publish,RUN,22974.375998,22974.376328,0.330000
DDS_Publish,RUN,22974.376519,22974.383830,7.311000
DDS_Publish,RUN,22974.383855,22974.389010,5.155000
DDS_Publish,RUN,22974.389210,22974.422827,33.617000
DDS_Publish,RUN,22974.422831,22974.439825,16.994000
DDS_Publish,RUN,22974.439836,22974.470966,31.130000
DDS_Publish,RUN,22974.471256,22974.472388,1.132000
DDS_Publish,RUN,22974.472639,22974.473218,0.579000
DDS_Publish,RUN,22974.473447,22974.477135,3.688000
DDS_Publish,RUN,22974.477365,22974.477804,0.439000
DDS_Publish,RUN,22974.478387,22974.478531,0.144000
DDS_Publish,RUN,22974.478806,22974.487830,9.024000
DDS_Publish,RUN,22974.487835,22974.498648,10.813000
DDS_Publish,RUN,22974.498928,22974.573373,74.445000
DDS_Publish,RUN,22974.573663,22974.574189,0.526000
DDS_Publish,RUN,22974.574414,22974.585158,10.744000
DDS_Publish,RUN,22974.585161,22974.585163,0.002000
DDS_Publish,RUN,22974.585259,22974.585275,0.016000
DDS_Publish,RUN,22974.763723,22974.880576,116.853000
DDS_Publish,RUN,22974.880874,22974.881462,0.588000
DDS_Publish,RUN,22974.881692,22974.882053,0.361000
DDS_Publish,RUN,22974.882278,22974.884946,2.668000
DDS_Publish,RUN,22974.885217,22974.887958,2.741000
DDS_Publish,RUN,22974.888030,22974.888817,0.787000
DDS_Publish,RUN,22974.889038,22974.901036,11.998000
DDS_Publish,RUN,22974.901264,22974.905292,4.028000
DDS_Publish,RUN,22974.905517,22974.940821,35.304000
DDS_Publish,RUN,22974.940839,22974.951818,10.979000
DDS_Publish,RUN,22974.951825,22974.955351,3.526000
DDS_Publish,RUN,22974.955354,22974.982972,27.618000
DDS_Publish,RUN,22974.983267,22974.983816,0.549000
DDS_Publish,RUN,22974.984040,22975.003422,19.382000
DDS_Publish,RUN,22975.003650,22975.014367,10.717000
DDS_Publish,RUN,22975.014638,22975.028820,14.182000
DDS_Publish,RUN,22975.028825,22975.084465,55.640000
DDS_Publish,RUN,22975.084469,22975.084471,0.002000
DDS_Publish,RUN,22975.084563,22975.084578,0.015000
DDS_Publish,RUN,22975.263716,22975.271815,8.099000
DDS_Publish,RUN,22975.271822,22975.290169,18.347000
DDS_Publish,RUN,22975.290455,22975.292482,2.027000
DDS_Publish,RUN,22975.292707,22975.296350,3.643000
DDS_Publish,RUN,22975.296582,22975.296814,0.232000
DDS_Publish,RUN,22975.296819,22975.297430,0.611000
DDS_Publish,RUN,22975.297691,22975.330320,32.629000
DDS_Publish,RUN,22975.330548,22975.394823,64.275000
DDS_Publish,RUN,22975.394830,22975.479157,84.327000
DDS_Publish,RUN,22975.479308,22975.479356,0.048000
DDS_Publish,RUN,22975.479498,22975.481122,1.624000
DDS_Publish,RUN,22975.481226,22975.524547,43.321000
DDS_Publish,RUN,22975.524825,22975.525115,0.290000
DDS_Publish,RUN,22975.525349,22975.544175,18.826000
DDS_Publish,RUN,22975.544454,22975.585672,41.218000
DDS_Publish,RUN,22975.585676,22975.585678,0.002000
DDS_Publish,RUN,22975.585782,22975.585797,0.015000
DDS_Publish,RUN,22975.763761,22975.802370,38.609000
DDS_Publish,RUN,22975.802689,22975.802717,0.028000
DDS_Publish,RUN,22975.802784,22975.803860,1.076000
DDS_Publish,RUN,22975.804090,22975.806127,2.037000
DDS_Publish,RUN,22975.806356,22975.822635,16.279000
DDS_Publish,RUN,22975.822862,22975.824398,1.536000
DDS_Publish,RUN,22975.824628,22975.847814,23.186000
DDS_Publish,RUN,22975.847824,22975.862807,14.983000
DDS_Publish,RUN,22975.862820,22975.871807,8.987000
DDS_Publish,RUN,22975.871814,22975.904611,32.797000
DDS_Publish,RUN,22975.904900,22975.906429,1.529000
DDS_Publish,RUN,22975.906658,22975.911807,5.149000
DDS_Publish,RUN,22975.911816,22975.925080,13.264000
DDS_Publish,RUN,22975.925310,22975.954805,29.495000
DDS_Publish,RUN,22975.954817,22975.975803,20.986000
DDS_Publish,RUN,22975.975813,22975.987806,11.993000
DDS_Publish,RUN,22975.987816,22975.996805,8.989000
DDS_Publish,RUN,22975.996815,22976.029806,32.991000
DDS_Publish,RUN,22976.029816,22976.039803,9.987000
DDS_Publish,RUN,22976.039811,22976.068448,28.637000
DDS_Publish,RUN,22976.068725,22976.081483,12.758000
DDS_Publish,RUN,22976.081487,22976.081489,0.002000
DDS_Publish,RUN,22976.081582,22976.081598,0.016000
DDS_Publish,RUN,22976.263725,22976.312807,49.082000
DDS_Publish,RUN,22976.312812,22976.314204,1.392000
DDS_Publish,RUN,22976.314457,22976.331806,17.349000
DDS_Publish,RUN,22976.331811,22976.348802,16.991000
DDS_Publish,RUN,22976.348806,22976.350798,1.992000
DDS_Publish,RUN,22976.350801,22976.359802,9.001000
DDS_Publish,RUN,22976.359808,22976.406802,46.994000
DDS_Publish,RUN,22976.406816,22976.423801,16.985000
DDS_Publish,RUN,22976.423810,22976.481334,57.524000
DDS_Publish,RUN,22976.481394,22976.494802,13.408000
DDS_Publish,RUN,22976.494807,22976.495798,0.991000
DDS_Publish,RUN,22976.495809,22976.518999,23.190000
DDS_Publish,RUN,22976.519291,22976.544804,25.513000
DDS_Publish,RUN,22976.544809,22976.588054,43.245000
DDS_Publish,RUN,22976.588058,22976.588061,0.003000
DDS_Publish,RUN,22976.588161,22976.588181,0.020000
DDS_Publish,RUN,22976.763696,22976.777795,14.099000
DDS_Publish,RUN,22976.777799,22976.795795,17.996000
DDS_Publish,RUN,22976.795809,22976.826204,30.395000
DDS_Publish,RUN,22976.826563,22976.878795,52.232000
DDS_Publish,RUN,22976.878806,22976.889793,10.987000
DDS_Publish,RUN,22976.889796,22976.895793,5.997000
DDS_Publish,RUN,22976.895796,22976.928596,32.800000
DDS_Publish,RUN,22976.928882,22976.935794,6.912000
DDS_Publish,RUN,22976.935800,22976.960797,24.997000
DDS_Publish,RUN,22976.960802,22976.962792,1.990000
DDS_Publish,RUN,22976.962808,22976.972794,9.986000
DDS_Publish,RUN,22976.972805,22977.045794,72.989000
DDS_Publish,RUN,22977.045805,22977.078793,32.988000
DDS_Publish,RUN,22977.078804,22977.083507,4.703000
DDS_Publish,RUN,22977.083511,22977.083513,0.002000
DDS_Publish,RUN,22977.083607,22977.083621,0.014000
DDS_Publish,RUN,22977.263690,22977.282253,18.563000
DDS_Publish,RUN,22977.282522,22977.383789,101.267000
DDS_Publish,RUN,22977.383798,22977.406787,22.989000
DDS_Publish,RUN,22977.406791,22977.407784,0.993000
DDS_Publish,RUN,22977.407795,22977.473917,66.122000
DDS_Publish,RUN,22977.474195,22977.474508,0.313000
DDS_Publish,RUN,22977.474743,22977.493492,18.749000
DDS_Publish,RUN,22977.493770,22977.527788,34.018000
DDS_Publish,RUN,22977.527793,22977.543027,15.234000
DDS_Publish,RUN,22977.543321,22977.560788,17.467000
DDS_Publish,RUN,22977.560792,22977.562788,1.996000
DDS_Publish,RUN,22977.562790,22977.574785,11.995000
DDS_Publish,RUN,22977.574789,22977.582817,8.028000
DDS_Publish,RUN,22977.582821,22977.582822,0.001000
DDS_Publish,RUN,22977.582915,22977.582931,0.016000
DDS_Publish,RUN,22977.763684,22977.828784,65.100000
DDS_Publish,RUN,22977.828788,22977.850659,21.871000
DDS_Publish,RUN,22977.850955,22977.895785,44.830000
DDS_Publish,RUN,22977.895793,22977.952614,56.821000
DDS_Publish,RUN,22977.952911,22977.959785,6.874000
DDS_Publish,RUN,22977.959794,22978.017780,57.986000
DDS_Publish,RUN,22978.017795,22978.023779,5.984000
DDS_Publish,RUN,22978.023784,22978.073781,49.997000
DDS_Publish,RUN,22978.073794,22978.083500,9.706000
DDS_Publish,RUN,22978.083505,22978.083507,0.002000
DDS_Publish,RUN,22978.083603,22978.083616,0.013000
DDS_Publish,RUN,22978.263677,22978.324779,61.102000
DDS_Publish,RUN,22978.324792,22978.398669,73.877000
DDS_Publish,RUN,22978.398930,22978.399212,0.282000
DDS_Publish,RUN,22978.399448,22978.407774,8.326000
DDS_Publish,RUN,22978.407782,22978.410776,2.994000
DDS_Publish,RUN,22978.410780,22978.418318,7.538000
DDS_Publish,RUN,22978.418547,22978.461775,43.228000
DDS_Publish,RUN,22978.461816,22978.464633,2.817000
DDS_Publish,RUN,22978.464896,22978.467772,2.876000
DDS_Publish,RUN,22978.467778,22978.471790,4.012000
DDS_Publish,RUN,22978.471833,22978.474772,2.939000
DDS_Publish,RUN,22978.474781,22978.567028,92.247000
DDS_Publish,RUN,22978.567328,22978.587090,19.762000
DDS_Publish,RUN,22978.587099,22978.587102,0.003000
DDS_Publish,RUN,22978.587284,22978.587314,0.030000
DDS_Publish,RUN,22978.763670,22978.771821,8.151000
DDS_Publish,RUN,22978.772110,22978.798750,26.640000
DDS_Publish,RUN,22978.799052,22978.864772,65.720000
DDS_Publish,RUN,22978.864778,22978.874234,9.456000
DDS_Publish,RUN,22978.874522,22978.919772,45.250000
DDS_Publish,RUN,22978.919782,22978.955301,35.519000
DDS_Publish,RUN,22978.955304,22978.983769,28.465000
DDS_Publish,RUN,22978.983778,22979.079046,95.268000
DDS_Publish,RUN,22979.079332,22979.093777,14.445000
DDS_Publish,RUN,22979.093781,22979.093782,0.001000
DDS_Publish,RUN,22979.093877,22979.093895,0.018000
DDS_Publish,RUN,22979.263665,22979.317060,53.395000
DDS_Publish,RUN,22979.317345,22979.317486,0.141000
DDS_Publish,RUN,22979.317765,22979.318848,1.083000
DDS_Publish,RUN,22979.318860,22979.336712,17.852000
DDS_Publish,RUN,22979.336940,22979.367761,30.821000
DDS_Publish,RUN,22979.367769,22979.386244,18.475000
DDS_Publish,RUN,22979.386484,22979.418764,32.280000
DDS_Publish,RUN,22979.418778,22979.483192,64.414000
DDS_Publish,RUN,22979.483350,22979.483395,0.045000
DDS_Publish,RUN,22979.483541,22979.485160,1.619000
DDS_Publish,RUN,22979.485265,22979.488653,3.388000
DDS_Publish,RUN,22979.488893,22979.578860,89.967000
DDS_Publish,RUN,22979.578864,22979.578866,0.002000
DDS_Publish,RUN,22979.578968,22979.578981,0.013000
DDS_Publish,RUN,22979.763660,22979.795843,32.183000
DDS_Publish,RUN,22979.796139,22979.913763,117.624000
DDS_Publish,RUN,22979.913778,22979.943761,29.983000
DDS_Publish,RUN,22979.943772,22980.007759,63.987000
DDS_Publish,RUN,22980.007769,22980.036757,28.988000
DDS_Publish,RUN,22980.036763,22980.037159,0.396000
DDS_Publish,RUN,22980.037390,22980.037562,0.172000
DDS_Publish,RUN,22980.037839,22980.056741,18.902000
DDS_Publish,RUN,22980.056970,22980.098575,41.605000
DDS_Publish,RUN,22980.098578,22980.098580,0.002000
DDS_Publish,RUN,22980.098679,22980.098690,0.011000
DDS_Publish,RUN,22980.263651,22980.263756,0.105000
DDS_Publish,RUN,22980.263767,22980.284566,20.799000
DDS_Publish,RUN,22980.284800,22980.341124,56.324000
DDS_Publish,RUN,22980.341403,22980.360739,19.336000
DDS_Publish,RUN,22980.361016,22980.391756,30.740000
DDS_Publish,RUN,22980.391763,22980.410274,18.511000
DDS_Publish,RUN,22980.410572,22980.455753,45.181000
DDS_Publish,RUN,22980.455764,22980.599217,143.453000
DDS_Publish,RUN,22980.599221,22980.599223,0.002000
DDS_Publish,RUN,22980.599318,22980.599331,0.013000
DDS_Publish,RUN,22980.763646,22980.955565,191.919000
DDS_Publish,RUN,22980.955849,22980.956274,0.425000
DDS_Publish,RUN,22980.956509,22980.967745,11.236000
DDS_Publish,RUN,22980.967751,22980.975160,7.409000
DDS_Publish,RUN,22980.975391,22981.024674,49.283000
DDS_Publish,RUN,22981.024968,22981.081612,56.644000
DDS_Publish,RUN,22981.081616,22981.081618,0.002000
DDS_Publish,RUN,22981.081715,22981.081728,0.013000
DDS_Publish,RUN,22981.263723,22981.282374,18.651000
DDS_Publish,RUN,22981.282651,22981.287741,5.090000
DDS_Publish,RUN,22981.287750,22981.331894,44.144000
DDS_Publish,RUN,22981.332187,22981.351742,19.555000
DDS_Publish,RUN,22981.351751,22981.368741,16.990000
DDS_Publish,RUN,22981.368746,22981.435741,66.995000
DDS_Publish,RUN,22981.435756,22981.567740,131.984000
DDS_Publish,RUN,22981.567744,22981.569973,2.229000
DDS_Publish,RUN,22981.570247,22981.570796,0.549000
DDS_Publish,RUN,22981.571031,22981.580738,9.707000
DDS_Publish,RUN,22981.580741,22981.583067,2.326000
DDS_Publish,RUN,22981.583071,22981.583072,0.001000
DDS_Publish,RUN,22981.583180,22981.583200,0.020000
DDS_Publish,RUN,22981.763633,22981.764247,0.614000
DDS_Publish,RUN,22981.764286,22981.764332,0.046000
DDS_Publish,RUN,22981.764361,22981.765507,1.146000
DDS_Publish,RUN,22981.765544,22981.765948,0.404000
DDS_Publish,RUN,22981.765985,22981.793355,27.370000
DDS_Publish,RUN,22981.793388,22981.895780,102.392000
DDS_Publish,RUN,22981.895813,22981.927732,31.919000
DDS_Publish,RUN,22981.927739,22981.946232,18.493000
DDS_Publish,RUN,22981.946291,22981.991736,45.445000
DDS_Publish,RUN,22981.991743,22981.998236,6.493000
DDS_Publish,RUN,22981.998271,22982.048640,50.369000
DDS_Publish,RUN,22982.048689,22982.055730,7.041000
DDS_Publish,RUN,22982.055735,22982.077942,22.207000
DDS_Publish,RUN,22982.077946,22982.077947,0.001000
DDS_Publish,RUN,22982.078042,22982.078054,0.012000
DDS_Publish,RUN,22982.263627,22982.273035,9.408000
DDS_Publish,RUN,22982.273071,22982.273438,0.367000
DDS_Publish,RUN,22982.273476,22982.274055,0.579000
DDS_Publish,RUN,22982.274114,22982.305560,31.446000
DDS_Publish,RUN,22982.305599,22982.353511,47.912000
DDS_Publish,RUN,22982.353549,22982.355856,2.307000
DDS_Publish,RUN,22982.355913,22982.356375,0.462000
DDS_Publish,RUN,22982.356413,22982.373136,16.723000
DDS_Publish,RUN,22982.373171,22982.373536,0.365000
DDS_Publish,RUN,22982.373573,22982.374496,0.923000
DDS_Publish,RUN,22982.374551,22982.375726,1.175000
DDS_Publish,RUN,22982.375734,22982.407986,32.252000
DDS_Publish,RUN,22982.408020,22982.439726,31.706000
DDS_Publish,RUN,22982.439735,22982.473245,33.510000
DDS_Publish,RUN,22982.473284,22982.473634,0.350000
DDS_Publish,RUN,22982.473671,22982.474047,0.376000
DDS_Publish,RUN,22982.474109,22982.510400,36.291000
DDS_Publish,RUN,22982.510434,22982.573288,62.854000
DDS_Publish,RUN,22982.573326,22982.573667,0.341000
DDS_Publish,RUN,22982.573704,22982.574025,0.321000
DDS_Publish,RUN,22982.574087,22982.582029,7.942000
DDS_Publish,RUN,22982.582032,22982.582034,0.002000
DDS_Publish,RUN,22982.582100,22982.582111,0.011000
DDS_Publish,RUN,22982.763624,22982.817723,54.099000
DDS_Publish,RUN,22982.817766,22982.920129,102.363000
DDS_Publish,RUN,22982.920164,22982.951721,31.557000
DDS_Publish,RUN,22982.951729,22982.955251,3.522000
DDS_Publish,RUN,22982.955253,22982.970268,15.015000
DDS_Publish,RUN,22982.970331,22983.022572,52.241000
DDS_Publish,RUN,22983.022606,22983.083010,60.404000
DDS_Publish,RUN,22983.083014,22983.083015,0.001000
DDS_Publish,RUN,22983.083112,22983.083125,0.013000
DDS_Publish,RUN,22983.263616,22983.271714,8.098000
DDS_Publish,RUN,22983.271722,22983.328854,57.132000
DDS_Publish,RUN,22983.328889,22983.399715,70.826000
DDS_Publish,RUN,22983.399725,22983.402400,2.675000
DDS_Publish,RUN,22983.402445,22983.431283,28.838000
DDS_Publish,RUN,22983.431320,22983.472714,41.394000
DDS_Publish,RUN,22983.472729,22983.487156,14.427000
DDS_Publish,RUN,22983.487269,22983.487311,0.042000
DDS_Publish,RUN,22983.487418,22983.489136,1.718000
DDS_Publish,RUN,22983.489229,22983.533723,44.494000
DDS_Publish,RUN,22983.533757,22983.578090,44.333000
DDS_Publish,RUN,22983.578094,22983.578096,0.002000
DDS_Publish,RUN,22983.578188,22983.578201,0.013000
DDS_Publish,RUN,22983.763610,22983.772713,9.103000
DDS_Publish,RUN,22983.772718,22983.782710,9.992000
DDS_Publish,RUN,22983.782714,22983.790500,7.786000
DDS_Publish,RUN,22983.790577,22983.794473,3.896000
DDS_Publish,RUN,22983.794516,22983.841004,46.488000
DDS_Publish,RUN,22983.841038,22983.891890,50.852000
DDS_Publish,RUN,22983.891949,22983.896709,4.760000
DDS_Publish,RUN,22983.896722,22983.911709,14.987000
DDS_Publish,RUN,22983.911716,22983.943404,31.688000
DDS_Publish,RUN,22983.943441,22983.975707,32.266000
DDS_Publish,RUN,22983.975717,22983.994272,18.555000
DDS_Publish,RUN,22983.994326,22984.015707,21.381000
DDS_Publish,RUN,22984.015712,22984.045853,30.141000
DDS_Publish,RUN,22984.045886,22984.082941,37.055000
DDS_Publish,RUN,22984.082945,22984.082947,0.002000
DDS_Publish,RUN,22984.083051,22984.083068,0.017000
DDS_Publish,RUN,22984.263637,22984.301510,37.873000
DDS_Publish,RUN,22984.301587,22984.344709,43.122000
DDS_Publish,RUN,22984.344715,22984.353125,8.410000
DDS_Publish,RUN,22984.353160,22984.359702,6.542000
DDS_Publish,RUN,22984.359709,22984.401560,41.851000
DDS_Publish,RUN,22984.401599,22984.423710,22.111000
DDS_Publish,RUN,22984.423723,22984.442706,18.983000
DDS_Publish,RUN,22984.442711,22984.449235,6.524000
DDS_Publish,RUN,22984.449284,22984.455542,6.258000
DDS_Publish,RUN,22984.455577,22984.487703,32.126000
DDS_Publish,RUN,22984.487710,22984.506268,18.558000
DDS_Publish,RUN,22984.506322,22984.557944,51.622000
DDS_Publish,RUN,22984.557978,22984.585166,27.188000
DDS_Publish,RUN,22984.585171,22984.585173,0.002000
DDS_Publish,RUN,22984.585272,22984.585292,0.020000
DDS_Publish,RUN,22984.763597,22984.764499,0.902000
DDS_Publish,RUN,22984.764533,22984.764578,0.045000
DDS_Publish,RUN,22984.764606,22984.765678,1.072000
DDS_Publish,RUN,22984.765715,22984.766205,0.490000
DDS_Publish,RUN,22984.766243,22984.865213,98.970000
DDS_Publish,RUN,22984.865247,22984.915891,50.644000
DDS_Publish,RUN,22984.915941,22984.967636,51.695000
DDS_Publish,RUN,22984.967670,22984.999695,32.025000
DDS_Publish,RUN,22984.999701,22985.020196,20.495000
DDS_Publish,RUN,22985.020280,22985.063695,43.415000
DDS_Publish,RUN,22985.063701,22985.070060,6.359000
DDS_Publish,RUN,22985.070095,22985.074592,4.497000
DDS_Publish,RUN,22985.074595,22985.074597,0.002000
DDS_Publish,RUN,22985.074697,22985.074709,0.012000
DDS_Publish,RUN,22985.263609,22985.274939,11.330000
DDS_Publish,RUN,22985.274977,22985.319697,44.720000
DDS_Publish,RUN,22985.319708,22985.377337,57.629000
DDS_Publish,RUN,22985.377375,22985.383692,6.317000
DDS_Publish,RUN,22985.383701,22985.427894,44.193000
DDS_Publish,RUN,22985.427955,22985.455693,27.738000
DDS_Publish,RUN,22985.455706,22985.479784,24.078000
DDS_Publish,RUN,22985.479822,22985.502386,22.564000
DDS_Publish,RUN,22985.502434,22985.530280,27.846000
DDS_Publish,RUN,22985.530334,22985.582199,51.865000
DDS_Publish,RUN,22985.582233,22985.591732,9.499000
DDS_Publish,RUN,22985.591736,22985.591738,0.002000
DDS_Publish,RUN,22985.591830,22985.591844,0.014000
DDS_Publish,RUN,22985.763586,22985.837573,73.987000
DDS_Publish,RUN,22985.837862,22985.864689,26.827000
DDS_Publish,RUN,22985.864694,22985.959685,94.991000
DDS_Publish,RUN,22985.959693,22986.023684,63.991000
DDS_Publish,RUN,22986.023692,22986.042719,19.027000
DDS_Publish,RUN,22986.042971,22986.082980,40.009000
DDS_Publish,RUN,22986.082984,22986.082986,0.002000
DDS_Publish,RUN,22986.083080,22986.083091,0.011000
DDS_Publish,RUN,22986.263580,22986.279684,16.104000
DDS_Publish,RUN,22986.279692,22986.281470,1.778000
DDS_Publish,RUN,22986.281703,22986.382853,101.150000
DDS_Publish,RUN,22986.383131,22986.402412,19.281000
DDS_Publish,RUN,22986.402642,22986.407680,5.038000
DDS_Publish,RUN,22986.407691,22986.451983,44.292000
DDS_Publish,RUN,22986.452275,22986.471681,19.406000
DDS_Publish,RUN,22986.471689,22986.547030,75.341000
DDS_Publish,RUN,22986.547312,22986.554376,7.064000
DDS_Publish,RUN,22986.554617,22986.588910,34.293000
DDS_Publish,RUN,22986.588914,22986.588916,0.002000
DDS_Publish,RUN,22986.589019,22986.589040,0.021000
DDS_Publish,RUN,22986.763573,22986.859676,96.103000
DDS_Publish,RUN,22986.859692,22986.861566,1.874000
DDS_Publish,RUN,22986.861858,22986.955205,93.347000
DDS_Publish,RUN,22986.955207,22986.983672,28.465000
DDS_Publish,RUN,22986.983679,22987.066380,82.701000
DDS_Publish,RUN,22987.066680,22987.085566,18.886000
DDS_Publish,RUN,22987.085570,22987.085573,0.003000
DDS_Publish,RUN,22987.085679,22987.085691,0.012000
DDS_Publish,RUN,22987.085696,22987.085699,0.003000
DDS_Publish,RUN,22987.085701,22987.085705,0.004000
DDS_Publish,RUN,22987.085707,22987.085709,0.002000
DDS_Publish,RUN,22987.085710,22987.085714,0.004000
DDS_Publish,RUN,22987.085716,22987.085719,0.003000
DDS_Publish,RUN,22987.085721,22987.085724,0.003000
DDS_Publish,RUN,22987.085727,22987.085729,0.002000
DDS_Publish,RUN,22987.085760,22987.085765,0.005000
DDS_Publish,RUN,22987.085827,22987.085830,0.003000
DDS_Publish,RUN,22987.085904,22987.085912,0.008000
DDS_Publish,RUN,22987.263569,22987.303670,40.101000
DDS_Publish,RUN,22987.303680,22987.367669,63.989000
DDS_Publish,RUN,22987.367679,22987.379669,11.990000
DDS_Publish,RUN,22987.379673,22987.406776,27.103000
DDS_Publish,RUN,22987.407056,22987.407540,0.484000
DDS_Publish,RUN,22987.407786,22987.408187,0.401000
DDS_Publish,RUN,22987.408712,22987.446386,37.674000
DDS_Publish,RUN,22987.446592,22987.475994,29.402000
DDS_Publish,RUN,22987.476279,22987.491017,14.738000
DDS_Publish,RUN,22987.491165,22987.491210,0.045000
DDS_Publish,RUN,22987.491354,22987.492983,1.629000
DDS_Publish,RUN,22987.493086,22987.562668,69.582000
DDS_Publish,RUN,22987.562673,22987.563663,0.990000
DDS_Publish,RUN,22987.563675,22987.585595,21.920000
DDS_Publish,RUN,22987.585599,22987.585601,0.002000
DDS_Publish,RUN,22987.585714,22987.585731,0.017000
DDS_Publish,RUN,22987.763561,22987.777105,13.544000
DDS_Publish,RUN,22987.777403,22987.783214,5.811000
DDS_Publish,RUN,22987.783456,22987.798544,15.088000
DDS_Publish,RUN,22987.798780,22987.885584,86.804000
DDS_Publish,RUN,22987.885900,22987.943661,57.761000
DDS_Publish,RUN,22987.943668,22988.007661,63.993000
DDS_Publish,RUN,22988.007670,22988.081045,73.375000
DDS_Publish,RUN,22988.081049,22988.081050,0.001000
DDS_Publish,RUN,22988.081312,22988.081331,0.019000
DDS_Publish,RUN,22988.263564,22988.271503,7.939000
DDS_Publish,RUN,22988.271530,22988.273659,2.129000
DDS_Publish,RUN,22988.273664,22988.290659,16.995000
DDS_Publish,RUN,22988.290665,22988.306818,16.153000
DDS_Publish,RUN,22988.306896,22988.307224,0.328000
DDS_Publish,RUN,22988.307454,22988.307836,0.382000
DDS_Publish,RUN,22988.308070,22988.327363,19.293000
DDS_Publish,RUN,22988.327592,22988.391657,64.065000
DDS_Publish,RUN,22988.391665,22988.430909,39.244000
DDS_Publish,RUN,22988.431185,22988.450511,19.326000
DDS_Publish,RUN,22988.450794,22988.455663,4.869000
DDS_Publish,RUN,22988.455675,22988.500022,44.347000
DDS_Publish,RUN,22988.500316,22988.500883,0.567000
DDS_Publish,RUN,22988.501114,22988.520476,19.362000
DDS_Publish,RUN,22988.520772,22988.575655,54.883000
DDS_Publish,RUN,22988.575670,22988.599548,23.878000
DDS_Publish,RUN,22988.599552,22988.599554,0.002000
DDS_Publish,RUN,22988.599674,22988.599714,0.040000
DDS_Publish,RUN,22988.763552,22988.807206,43.654000
DDS_Publish,RUN,22988.807497,22988.808011,0.514000
DDS_Publish,RUN,22988.808242,22988.827707,19.465000
DDS_Publish,RUN,22988.827983,22988.967650,139.667000
DDS_Publish,RUN,22988.967658,22988.992651,24.993000
DDS_Publish,RUN,22988.992668,22989.045269,52.601000
DDS_Publish,RUN,22989.045544,22989.064864,19.320000
DDS_Publish,RUN,22989.065092,22989.087134,22.042000
DDS_Publish,RUN,22989.087137,22989.087139,0.002000
DDS_Publish,RUN,22989.087232,22989.087244,0.012000
DDS_Publish,RUN,22989.263545,22989.287648,24.103000
DDS_Publish,RUN,22989.287657,22989.293648,5.991000
DDS_Publish,RUN,22989.293659,22989.336646,42.987000
DDS_Publish,RUN,22989.336658,22989.341642,4.984000
DDS_Publish,RUN,22989.341651,22989.351642,9.991000
DDS_Publish,RUN,22989.351650,22989.352513,0.863000
DDS_Publish,RUN,22989.352754,22989.372111,19.357000
DDS_Publish,RUN,22989.372403,22989.408648,36.245000
DDS_Publish,RUN,22989.408662,22989.421612,12.950000
DDS_Publish,RUN,22989.421864,22989.508646,86.782000
DDS_Publish,RUN,22989.508662,22989.521265,12.603000
DDS_Publish,RUN,22989.521508,22989.558645,37.137000
DDS_Publish,RUN,22989.558658,22989.582551,23.893000
DDS_Publish,RUN,22989.582555,22989.582557,0.002000
DDS_Publish,RUN,22989.582655,22989.582670,0.015000
DDS_Publish,RUN,22989.763539,22989.808645,45.106000
DDS_Publish,RUN,22989.808660,22989.831242,22.582000
DDS_Publish,RUN,22989.831531,22989.832178,0.647000
DDS_Publish,RUN,22989.832413,22989.834641,2.228000
DDS_Publish,RUN,22989.834646,22989.835840,1.194000
DDS_Publish,RUN,22989.836067,22989.836462,0.395000
DDS_Publish,RUN,22989.836736,22989.837065,0.329000
DDS_Publish,RUN,22989.837289,22989.869640,32.351000
DDS_Publish,RUN,22989.869651,22989.870400,0.749000
DDS_Publish,RUN,22989.870895,22989.891640,20.745000
DDS_Publish,RUN,22989.891650,22989.891822,0.172000
DDS_Publish,RUN,22989.892078,22989.892213,0.135000
DDS_Publish,RUN,22989.892243,22989.893350,1.107000
DDS_Publish,RUN,22989.893580,22989.908640,15.060000
DDS_Publish,RUN,22989.908653,22989.910698,2.045000
DDS_Publish,RUN,22989.910929,22989.927645,16.716000
DDS_Publish,RUN,22989.927658,22989.974638,46.980000
DDS_Publish,RUN,22989.974650,22989.991639,16.989000
DDS_Publish,RUN,22989.991657,22990.036020,44.363000
DDS_Publish,RUN,22990.036306,22990.036990,0.684000
DDS_Publish,RUN,22990.037216,22990.042038,4.822000
DDS_Publish,RUN,22990.042269,22990.042724,0.455000
DDS_Publish,RUN,22990.042978,22990.076149,33.171000
DDS_Publish,RUN,22990.076424,22990.088349,11.925000
DDS_Publish,RUN,22990.088355,22990.088358,0.003000
DDS_Publish,RUN,22990.088573,22990.088600,0.027000
DDS_Publish,RUN,22990.263536,22990.268375,4.839000
DDS_Publish,RUN,22990.268651,22990.298114,29.463000
DDS_Publish,RUN,22990.298214,22990.298272,0.058000
DDS_Publish,RUN,22990.298349,22990.298521,0.172000
DDS_Publish,RUN,22990.298801,22990.308644,9.843000
DDS_Publish,RUN,22990.308661,22990.318734,10.073000
DDS_Publish,RUN,22990.319052,22990.327637,8.585000
DDS_Publish,RUN,22990.327643,22990.330631,2.988000
DDS_Publish,RUN,22990.330643,22990.336632,5.989000
DDS_Publish,RUN,22990.336639,22990.341633,4.994000
DDS_Publish,RUN,22990.341643,22990.357631,15.988000
DDS_Publish,RUN,22990.357639,22990.375633,17.994000
DDS_Publish,RUN,22990.375640,22990.376449,0.809000
DDS_Publish,RUN,22990.376681,22990.377069,0.388000
DDS_Publish,RUN,22990.377298,22990.377633,0.335000
DDS_Publish,RUN,22990.378179,22990.402631,24.452000
DDS_Publish,RUN,22990.402643,22990.415774,13.131000
DDS_Publish,RUN,22990.416004,22990.439636,23.632000
DDS_Publish,RUN,22990.439647,22990.445648,6.001000
DDS_Publish,RUN,22990.445937,22990.458635,12.698000
DDS_Publish,RUN,22990.458652,22990.491635,32.983000
DDS_Publish,RUN,22990.491649,22990.503630,11.981000
DDS_Publish,RUN,22990.503636,22990.596701,93.065000
DDS_Publish,RUN,22990.596705,22990.596707,0.002000
DDS_Publish,RUN,22990.596828,22990.596845,0.017000
DDS_Publish,RUN,22990.763555,22990.792983,29.428000
DDS_Publish,RUN,22990.793208,22990.913373,120.165000
DDS_Publish,RUN,22990.913458,22990.913525,0.067000
DDS_Publish,RUN,22990.913601,22990.913857,0.256000
DDS_Publish,RUN,22990.914137,22990.914540,0.403000
DDS_Publish,RUN,22990.914775,22990.934035,19.260000
DDS_Publish,RUN,22990.934311,22990.955162,20.851000
DDS_Publish,RUN,22990.955166,22990.990852,35.686000
DDS_Publish,RUN,22990.991126,22990.991368,0.242000
DDS_Publish,RUN,22990.991601,22990.991969,0.368000
DDS_Publish,RUN,22990.992508,22991.030183,37.675000
DDS_Publish,RUN,22991.030462,22991.060053,29.591000
DDS_Publish,RUN,22991.060367,22991.135007,74.640000
DDS_Publish,RUN,22991.135011,22991.135013,0.002000
DDS_Publish,RUN,22991.135108,22991.135128,0.020000
DDS_Publish,RUN,22991.263551,22991.298095,34.544000
DDS_Publish,RUN,22991.298376,22991.298647,0.271000
DDS_Publish,RUN,22991.298899,22991.299209,0.310000
DDS_Publish,RUN,22991.299968,22991.300551,0.583000
DDS_Publish,RUN,22991.301968,22991.302090,0.122000
DDS_Publish,RUN,22991.302297,22991.317883,15.586000
DDS_Publish,RUN,22991.318164,22991.367261,49.097000
DDS_Publish,RUN,22991.367573,22991.374559,6.986000
DDS_Publish,RUN,22991.374840,22991.376121,1.281000
DDS_Publish,RUN,22991.376354,22991.376709,0.355000
DDS_Publish,RUN,22991.376936,22991.377156,0.220000
DDS_Publish,RUN,22991.377390,22991.377395,0.005000
DDS_Publish,RUN,22991.377920,22991.407407,29.487000
DDS_Publish,RUN,22991.407688,22991.469667,61.979000
DDS_Publish,RUN,22991.469958,22991.496263,26.305000
DDS_Publish,RUN,22991.496417,22991.496464,0.047000
DDS_Publish,RUN,22991.496593,22991.498227,1.634000
DDS_Publish,RUN,22991.498329,22991.572056,73.727000
DDS_Publish,RUN,22991.572348,22991.629742,57.394000
DDS_Publish,RUN,22991.629746,22991.629748,0.002000
DDS_Publish,RUN,22991.629845,22991.629867,0.022000
DDS_Publish,RUN,22991.763520,22991.789018,25.498000
DDS_Publish,RUN,22991.789304,22991.912526,123.222000
DDS_Publish,RUN,22991.912817,22991.913343,0.526000
DDS_Publish,RUN,22991.913578,22991.932143,18.565000
DDS_Publish,RUN,22991.932437,22991.981667,49.230000
DDS_Publish,RUN,22991.981961,22992.084051,102.090000
DDS_Publish,RUN,22992.084405,22992.107189,22.784000
DDS_Publish,RUN,22992.107193,22992.107195,0.002000
DDS_Publish,RUN,22992.107341,22992.107362,0.021000
DDS_Publish,RUN,22992.263511,22992.274614,11.103000
DDS_Publish,RUN,22992.274629,22992.281539,6.910000
DDS_Publish,RUN,22992.281755,22992.288853,7.098000
DDS_Publish,RUN,22992.289094,22992.337162,48.068000
DDS_Publish,RUN,22992.337260,22992.337333,0.073000
DDS_Publish,RUN,22992.337400,22992.337531,0.131000
DDS_Publish,RUN,22992.337798,22992.337973,0.175000
DDS_Publish,RUN,22992.338242,22992.357944,19.702000
DDS_Publish,RUN,22992.358225,22992.391264,33.039000
DDS_Publish,RUN,22992.391556,22992.392984,1.428000
DDS_Publish,RUN,22992.393213,22992.404423,11.210000
DDS_Publish,RUN,22992.405012,22992.410612,5.600000
DDS_Publish,RUN,22992.410617,22992.412608,1.991000
DDS_Publish,RUN,22992.412610,22992.423610,11.000000
DDS_Publish,RUN,22992.423619,22992.431413,7.794000
DDS_Publish,RUN,22992.431643,22992.433610,1.967000
DDS_Publish,RUN,22992.433613,22992.472610,38.997000
DDS_Publish,RUN,22992.472615,22992.487611,14.996000
DDS_Publish,RUN,22992.487617,22992.490608,2.991000
DDS_Publish,RUN,22992.490621,22992.506609,15.988000
DDS_Publish,RUN,22992.506619,22992.540610,33.991000
DDS_Publish,RUN,22992.540614,22992.563690,23.076000
DDS_Publish,RUN,22992.563700,22992.592307,28.607000
DDS_Publish,RUN,22992.592310,22992.592313,0.003000
DDS_Publish,RUN,22992.592408,22992.592420,0.012000
DDS_Publish,RUN,22992.763532,22992.936480,172.948000
DDS_Publish,RUN,22992.936759,22992.936995,0.236000
DDS_Publish,RUN,22992.937241,22992.956139,18.898000
DDS_Publish,RUN,22992.956415,22993.005690,49.275000
DDS_Publish,RUN,22993.005982,22993.109225,103.243000
DDS_Publish,RUN,22993.109517,22993.112970,3.453000
DDS_Publish,RUN,22993.112973,22993.112975,0.002000
DDS_Publish,RUN,22993.113073,22993.113092,0.019000
DDS_Publish,RUN,22993.263513,22993.312884,49.371000
DDS_Publish,RUN,22993.313195,22993.415273,102.078000
DDS_Publish,RUN,22993.415566,22993.613050,197.484000
DDS_Publish,RUN,22993.613055,22993.613057,0.002000
DDS_Publish,RUN,22993.613150,22993.613165,0.015000
DDS_Publish,RUN,22993.763493,22993.763696,0.203000
DDS_Publish,RUN,22993.763983,22993.801771,37.788000
DDS_Publish,RUN,22993.802047,22993.824882,22.835000
DDS_Publish,RUN,22993.825172,22993.927314,102.142000
DDS_Publish,RUN,22993.927612,22994.029699,102.087000
DDS_Publish,RUN,22994.029990,22994.090700,60.710000
DDS_Publish,RUN,22994.090704,22994.090706,0.002000
DDS_Publish,RUN,22994.090802,22994.090815,0.013000
DDS_Publish,RUN,22994.263489,22994.276875,13.386000
DDS_Publish,RUN,22994.277101,22994.279588,2.487000
DDS_Publish,RUN,22994.279595,22994.297589,17.994000
DDS_Publish,RUN,22994.297593,22994.336913,39.320000
DDS_Publish,RUN,22994.337257,22994.407589,70.332000
DDS_Publish,RUN,22994.407599,22994.471595,63.996000
DDS_Publish,RUN,22994.471608,22994.572224,100.616000
DDS_Publish,RUN,22994.572505,22994.572689,0.184000
DDS_Publish,RUN,22994.572959,22994.591864,18.905000
DDS_Publish,RUN,22994.592137,22994.608479,16.342000
DDS_Publish,RUN,22994.608484,22994.608486,0.002000
DDS_Publish,RUN,22994.608617,22994.608641,0.024000
DDS_Publish,RUN,22994.763483,22994.835582,72.099000
DDS_Publish,RUN,22994.835596,22994.839580,3.984000
DDS_Publish,RUN,22994.839587,22994.852579,12.992000
DDS_Publish,RUN,22994.852586,22994.882284,29.698000
DDS_Publish,RUN,22994.882514,22994.882997,0.483000
DDS_Publish,RUN,22994.883228,22994.901917,18.689000
DDS_Publish,RUN,22994.902194,22994.955115,52.921000
DDS_Publish,RUN,22994.955118,22995.052582,97.464000
DDS_Publish,RUN,22995.052597,22995.085474,32.877000
DDS_Publish,RUN,22995.085478,22995.085480,0.002000
DDS_Publish,RUN,22995.085584,22995.085595,0.011000
DDS_Publish,RUN,22995.263477,22995.281546,18.069000
DDS_Publish,RUN,22995.281826,22995.291769,9.943000
DDS_Publish,RUN,22995.291998,22995.303580,11.582000
DDS_Publish,RUN,22995.303590,22995.311418,7.828000
DDS_Publish,RUN,22995.311660,22995.360913,49.253000
DDS_Publish,RUN,22995.361213,22995.361787,0.574000
DDS_Publish,RUN,22995.362043,22995.367579,5.536000
DDS_Publish,RUN,22995.367590,22995.374578,6.988000
DDS_Publish,RUN,22995.374583,22995.406662,32.079000
DDS_Publish,RUN,22995.406666,22995.435577,28.911000
DDS_Publish,RUN,22995.435591,22995.456576,20.985000
DDS_Publish,RUN,22995.456584,22995.485576,28.992000
DDS_Publish,RUN,22995.485586,22995.500921,15.335000
DDS_Publish,RUN,22995.501069,22995.501114,0.045000
DDS_Publish,RUN,22995.501242,22995.502887,1.645000
DDS_Publish,RUN,22995.502990,22995.504576,1.586000
DDS_Publish,RUN,22995.504579,22995.580605,76.026000
DDS_Publish,RUN,22995.580608,22995.580610,0.002000
DDS_Publish,RUN,22995.580703,22995.580714,0.011000
DDS_Publish,RUN,22995.763473,22995.789578,26.105000
DDS_Publish,RUN,22995.789593,22995.801570,11.977000
DDS_Publish,RUN,22995.801573,22995.804371,2.798000
DDS_Publish,RUN,22995.804424,22995.822188,17.764000
DDS_Publish,RUN,22995.822222,22995.871573,49.351000
DDS_Publish,RUN,22995.871577,22995.913580,42.003000
DDS_Publish,RUN,22995.913598,22995.924621,11.023000
DDS_Publish,RUN,22995.924654,22995.943569,18.915000
DDS_Publish,RUN,22995.943576,22995.975287,31.711000
DDS_Publish,RUN,22995.975341,22996.007571,32.230000
DDS_Publish,RUN,22996.007579,22996.022568,14.989000
DDS_Publish,RUN,22996.022582,22996.027042,4.460000
DDS_Publish,RUN,22996.027076,22996.076917,49.841000
DDS_Publish,RUN,22996.076921,22996.076923,0.002000
DDS_Publish,RUN,22996.077017,22996.077028,0.011000
DDS_Publish,RUN,22996.263470,22996.263571,0.101000
DDS_Publish,RUN,22996.263588,22996.282500,18.912000
DDS_Publish,RUN,22996.282587,22996.287570,4.983000
DDS_Publish,RUN,22996.287576,22996.334355,46.779000
DDS_Publish,RUN,22996.334393,22996.391570,57.177000
DDS_Publish,RUN,22996.391580,22996.436806,45.226000
DDS_Publish,RUN,22996.436844,22996.455567,18.723000
DDS_Publish,RUN,22996.455577,22996.484954,29.377000
DDS_Publish,RUN,22996.484992,22996.527568,42.576000
DDS_Publish,RUN,22996.527573,22996.539219,11.646000
DDS_Publish,RUN,22996.539253,22996.589690,50.437000
DDS_Publish,RUN,22996.589745,22996.591563,1.818000
DDS_Publish,RUN,22996.591578,22996.605882,14.304000
DDS_Publish,RUN,22996.605886,22996.605887,0.001000
DDS_Publish,RUN,22996.605989,22996.606002,0.013000
DDS_Publish,RUN,22996.763461,22996.764431,0.970000
DDS_Publish,RUN,22996.764475,22996.764487,0.012000
DDS_Publish,RUN,22996.764516,22996.766952,2.436000
DDS_Publish,RUN,22996.766989,22996.773023,6.034000
DDS_Publish,RUN,22996.773060,22996.794488,21.428000
DDS_Publish,RUN,22996.794545,22996.846547,52.002000
DDS_Publish,RUN,22996.846581,22996.948957,102.376000
DDS_Publish,RUN,22996.948990,22997.051418,102.428000
DDS_Publish,RUN,22997.051456,22997.078507,27.051000
DDS_Publish,RUN,22997.078511,22997.078513,0.002000
DDS_Publish,RUN,22997.078608,22997.078621,0.013000
DDS_Publish,RUN,22997.263490,22997.287557,24.067000
DDS_Publish,RUN,22997.287566,22997.351556,63.990000
DDS_Publish,RUN,22997.351564,22997.358685,7.121000
DDS_Publish,RUN,22997.358720,22997.408902,50.182000
DDS_Publish,RUN,22997.408959,22997.426379,17.420000
DDS_Publish,RUN,22997.426618,22997.461140,34.522000
DDS_Publish,RUN,22997.461178,22997.494558,33.380000
DDS_Publish,RUN,22997.494575,22997.528556,33.981000
DDS_Publish,RUN,22997.528576,22997.563554,34.978000
DDS_Publish,RUN,22997.563600,22997.581561,17.961000
DDS_Publish,RUN,22997.581565,22997.581568,0.003000
DDS_Publish,RUN,22997.581675,22997.581688,0.013000
DDS_Publish,RUN,22997.763453,22997.768428,4.975000
DDS_Publish,RUN,22997.768462,22997.870826,102.364000
DDS_Publish,RUN,22997.870864,22997.927553,56.689000
DDS_Publish,RUN,22997.927560,22997.972282,44.722000
DDS_Publish,RUN,22997.972320,22997.991550,19.230000
DDS_Publish,RUN,22997.991558,22998.023296,31.738000
DDS_Publish,RUN,22998.023355,22998.032550,9.195000
DDS_Publish,RUN,22998.032563,22998.074725,42.162000
DDS_Publish,RUN,22998.074758,22998.079986,5.228000
DDS_Publish,RUN,22998.079990,22998.079992,0.002000
DDS_Publish,RUN,22998.080090,22998.080102,0.012000
DDS_Publish,RUN,22998.263445,22998.279535,16.090000
DDS_Publish,RUN,22998.279569,22998.330509,50.940000
DDS_Publish,RUN,22998.330569,22998.375551,44.982000
DDS_Publish,RUN,22998.375562,22998.381963,6.401000
DDS_Publish,RUN,22998.381997,22998.432909,50.912000
DDS_Publish,RUN,22998.432978,22998.433817,0.839000
DDS_Publish,RUN,22998.433883,22998.439551,5.668000
DDS_Publish,RUN,22998.439561,22998.484377,44.816000
DDS_Publish,RUN,22998.484416,22998.532989,48.573000
DDS_Publish,RUN,22998.533028,22998.586825,53.797000
DDS_Publish,RUN,22998.586863,22998.611609,24.746000
DDS_Publish,RUN,22998.611613,22998.611616,0.003000
DDS_Publish,RUN,22998.611723,22998.611747,0.024000
DDS_Publish,RUN,22998.763440,22998.791696,28.256000
DDS_Publish,RUN,22998.791730,22998.840201,48.471000
DDS_Publish,RUN,22998.840278,22998.840493,0.215000
DDS_Publish,RUN,22998.840524,22998.840554,0.030000
DDS_Publish,RUN,22998.840581,22998.843458,2.877000
DDS_Publish,RUN,22998.843495,22998.854544,11.049000
DDS_Publish,RUN,22998.854550,22998.856537,1.987000
DDS_Publish,RUN,22998.856540,22998.865375,8.835000
DDS_Publish,RUN,22998.865415,22998.865476,0.061000
DDS_Publish,RUN,22998.865608,22998.865627,0.019000
DDS_Publish,RUN,22998.865660,22998.865966,0.306000
DDS_Publish,RUN,22998.866002,22998.894070,28.068000
DDS_Publish,RUN,22998.894104,22998.955070,60.966000
DDS_Publish,RUN,22998.955072,22998.996515,41.443000
DDS_Publish,RUN,22998.996548,22999.014537,17.989000
DDS_Publish,RUN,22999.014550,22999.047337,32.787000
DDS_Publish,RUN,22999.047389,22999.076937,29.548000
DDS_Publish,RUN,22999.076941,22999.076943,0.002000
DDS_Publish,RUN,22999.077048,22999.077063,0.015000
DDS_Publish,RUN,22999.263437,22999.271537,8.100000
DDS_Publish,RUN,22999.271546,22999.303802,32.256000
DDS_Publish,RUN,22999.303836,22999.315537,11.701000
DDS_Publish,RUN,22999.315554,22999.354535,38.981000
DDS_Publish,RUN,22999.354602,22999.399538,44.936000
DDS_Publish,RUN,22999.399549,22999.406206,6.657000
DDS_Publish,RUN,22999.406240,22999.457836,51.596000
DDS_Publish,RUN,22999.457915,22999.504814,46.899000
DDS_Publish,RUN,22999.504920,22999.504963,0.043000
DDS_Publish,RUN,22999.505056,22999.506782,1.726000
DDS_Publish,RUN,22999.506868,22999.508633,1.765000
DDS_Publish,RUN,22999.508668,22999.559353,50.685000
DDS_Publish,RUN,22999.559410,22999.585247,25.837000
DDS_Publish,RUN,22999.585251,22999.585253,0.002000
DDS_Publish,RUN,22999.585349,22999.585366,0.017000
DDS_Publish,RUN,22999.763428,22999.764218,0.790000
DDS_Publish,RUN,22999.764503,22999.798646,34.143000
DDS_Publish,RUN,22999.798921,22999.819531,20.610000
DDS_Publish,RUN,22999.819545,22999.911528,91.983000
DDS_Publish,RUN,22999.911538,22999.968996,57.458000
DDS_Publish,RUN,22999.969288,22999.975527,6.239000
DDS_Publish,RUN,22999.975535,23000.071441,95.906000
DDS_Publish,RUN,23000.071751,23000.080297,8.546000
DDS_Publish,RUN,23000.080301,23000.080302,0.001000
DDS_Publish,RUN,23000.080398,23000.080410,0.012000
DDS_Publish,RUN,23000.263425,23000.276200,12.775000
DDS_Publish,RUN,23000.276492,23000.295524,19.032000
DDS_Publish,RUN,23000.295535,23000.299523,3.988000
DDS_Publish,RUN,23000.299526,23000.378611,79.085000
DDS_Publish,RUN,23000.378903,23000.423521,44.618000
DDS_Publish,RUN,23000.423532,23000.481956,58.424000
DDS_Publish,RUN,23000.482264,23000.487525,5.261000
DDS_Publish,RUN,23000.487533,23000.487660,0.127000
DDS_Publish,RUN,23000.487736,23000.488059,0.323000
DDS_Publish,RUN,23000.488289,23000.488664,0.375000
DDS_Publish,RUN,23000.488958,23000.508306,19.348000
DDS_Publish,RUN,23000.508537,23000.525246,16.709000
DDS_Publish,RUN,23000.525257,23000.525771,0.514000
DDS_Publish,RUN,23000.525775,23000.579376,53.601000
DDS_Publish,RUN,23000.579380,23000.579382,0.002000
DDS_Publish,RUN,23000.579484,23000.579499,0.015000
DDS_Publish,RUN,23000.763422,23000.923835,160.413000
DDS_Publish,RUN,23000.924119,23000.924553,0.434000
DDS_Publish,RUN,23000.924796,23000.943477,18.681000
DDS_Publish,RUN,23000.943765,23000.993027,49.262000
DDS_Publish,RUN,23000.993320,23000.999654,6.334000
DDS_Publish,RUN,23000.999731,23001.000076,0.345000
DDS_Publish,RUN,23001.000303,23001.002517,2.214000
DDS_Publish,RUN,23001.002523,23001.037110,34.587000
DDS_Publish,RUN,23001.037344,23001.038382,1.038000
DDS_Publish,RUN,23001.038924,23001.067916,28.992000
DDS_Publish,RUN,23001.067988,23001.068338,0.350000
DDS_Publish,RUN,23001.068568,23001.088513,19.945000
DDS_Publish,RUN,23001.088741,23001.101187,12.446000
DDS_Publish,RUN,23001.101192,23001.101193,0.001000
DDS_Publish,RUN,23001.101294,23001.101310,0.016000
DDS_Publish,RUN,23001.263412,23001.270334,6.922000
DDS_Publish,RUN,23001.270565,23001.300217,29.652000
DDS_Publish,RUN,23001.300512,23001.319520,19.008000
DDS_Publish,RUN,23001.319529,23001.383513,63.984000
DDS_Publish,RUN,23001.383523,23001.538266,154.743000
DDS_Publish,RUN,23001.538538,23001.538714,0.176000
DDS_Publish,RUN,23001.538990,23001.557898,18.908000
DDS_Publish,RUN,23001.558121,23001.575511,17.390000
DDS_Publish,RUN,23001.575520,23001.577666,2.146000
DDS_Publish,RUN,23001.577669,23001.577671,0.002000
DDS_Publish,RUN,23001.577792,23001.577804,0.012000
DDS_Publish,RUN,23001.763409,23001.947892,184.483000
DDS_Publish,RUN,23001.948168,23001.948451,0.283000
DDS_Publish,RUN,23001.948686,23001.949073,0.387000
DDS_Publish,RUN,23001.950514,23001.950743,0.229000
DDS_Publish,RUN,23001.950977,23001.951060,0.083000
DDS_Publish,RUN,23001.951327,23001.959513,8.186000
DDS_Publish,RUN,23001.959525,23001.967609,8.084000
DDS_Publish,RUN,23001.967887,23001.967890,0.003000
DDS_Publish,RUN,23001.968095,23002.017032,48.937000
DDS_Publish,RUN,23002.017275,23002.017954,0.679000
DDS_Publish,RUN,23002.018184,23002.023505,5.321000
DDS_Publish,RUN,23002.023513,23002.023626,0.113000
DDS_Publish,RUN,23002.023699,23002.024002,0.303000
DDS_Publish,RUN,23002.024232,23002.037494,13.262000
DDS_Publish,RUN,23002.037723,23002.084950,47.227000
DDS_Publish,RUN,23002.084954,23002.084956,0.002000
DDS_Publish,RUN,23002.085064,23002.085078,0.014000
DDS_Publish,RUN,23002.263403,23002.279504,16.101000
DDS_Publish,RUN,23002.279513,23002.324230,44.717000
DDS_Publish,RUN,23002.324523,23002.325146,0.623000
DDS_Publish,RUN,23002.325375,23002.325839,0.464000
DDS_Publish,RUN,23002.326071,23002.328462,2.391000
DDS_Publish,RUN,23002.329223,23002.329713,0.490000
DDS_Publish,RUN,23002.330161,23002.330772,0.611000
DDS_Publish,RUN,23002.331931,23002.332004,0.073000
DDS_Publish,RUN,23002.332077,23002.332084,0.007000
DDS_Publish,RUN,23002.332353,23002.332387,0.034000
DDS_Publish,RUN,23002.332660,23002.344701,12.041000
DDS_Publish,RUN,23002.344971,23002.407501,62.530000
DDS_Publish,RUN,23002.407513,23002.447502,39.989000
DDS_Publish,RUN,23002.447506,23002.471501,23.995000
DDS_Publish,RUN,23002.471509,23002.535526,64.017000
DDS_Publish,RUN,23002.535534,23002.535640,0.106000
DDS_Publish,RUN,23002.535713,23002.536042,0.329000
DDS_Publish,RUN,23002.536321,23002.539721,3.400000
DDS_Publish,RUN,23002.540258,23002.540441,0.183000
DDS_Publish,RUN,23002.540669,23002.556248,15.579000
DDS_Publish,RUN,23002.556477,23002.562278,5.801000
DDS_Publish,RUN,23002.562510,23002.579100,16.590000
DDS_Publish,RUN,23002.579328,23002.579729,0.401000
DDS_Publish,RUN,23002.580272,23002.589331,9.059000
DDS_Publish,RUN,23002.589336,23002.589338,0.002000
DDS_Publish,RUN,23002.589438,23002.589455,0.017000
DDS_Publish,RUN,23002.763396,23002.775631,12.235000
DDS_Publish,RUN,23002.775859,23002.798606,22.747000
DDS_Publish,RUN,23002.798835,23002.869596,70.761000
DDS_Publish,RUN,23002.869866,23002.889120,19.254000
DDS_Publish,RUN,23002.889349,23002.938657,49.308000
DDS_Publish,RUN,23002.938980,23002.955031,16.051000
DDS_Publish,RUN,23002.955035,23003.041066,86.031000
DDS_Publish,RUN,23003.041364,23003.097819,56.455000
DDS_Publish,RUN,23003.097823,23003.097825,0.002000
DDS_Publish,RUN,23003.097924,23003.097937,0.013000
DDS_Publish,RUN,23003.263392,23003.303494,40.102000
DDS_Publish,RUN,23003.303507,23003.348267,44.760000
DDS_Publish,RUN,23003.348562,23003.367493,18.931000
DDS_Publish,RUN,23003.367504,23003.423492,55.988000
DDS_Publish,RUN,23003.423498,23003.448491,24.993000
DDS_Publish,RUN,23003.448496,23003.450661,2.165000
DDS_Publish,RUN,23003.450902,23003.509068,58.166000
DDS_Publish,RUN,23003.509218,23003.509263,0.045000
DDS_Publish,RUN,23003.509393,23003.511036,1.643000
DDS_Publish,RUN,23003.511138,23003.559493,48.355000
DDS_Publish,RUN,23003.559499,23003.581504,22.005000
DDS_Publish,RUN,23003.581508,23003.581510,0.002000
DDS_Publish,RUN,23003.581610,23003.581629,0.019000
DDS_Publish,RUN,23003.763399,23003.778919,15.520000
DDS_Publish,RUN,23003.779169,23003.782303,3.134000
DDS_Publish,RUN,23003.782779,23003.782928,0.149000
DDS_Publish,RUN,23003.783217,23003.783223,0.006000
DDS_Publish,RUN,23003.783746,23003.783800,0.054000
DDS_Publish,RUN,23003.784072,23003.786809,2.737000
DDS_Publish,RUN,23003.787255,23003.787266,0.011000
DDS_Publish,RUN,23003.787337,23003.787658,0.321000
DDS_Publish,RUN,23003.787887,23003.795935,8.048000
DDS_Publish,RUN,23003.796216,23003.804909,8.693000
DDS_Publish,RUN,23003.805464,23003.805622,0.158000
DDS_Publish,RUN,23003.805851,23003.806835,0.984000
DDS_Publish,RUN,23003.807065,23003.807072,0.007000
DDS_Publish,RUN,23003.807343,23003.807510,0.167000
DDS_Publish,RUN,23003.807764,23003.807774,0.010000
DDS_Publish,RUN,23003.807849,23003.807921,0.072000
DDS_Publish,RUN,23003.807997,23003.808150,0.153000
DDS_Publish,RUN,23003.808411,23003.817654,9.243000
DDS_Publish,RUN,23003.817936,23003.907585,89.649000
DDS_Publish,RUN,23003.907599,23003.943486,35.887000
DDS_Publish,RUN,23003.943493,23003.963721,20.228000
DDS_Publish,RUN,23003.964013,23004.007489,43.476000
DDS_Publish,RUN,23004.007500,23004.020273,12.773000
DDS_Publish,RUN,23004.020353,23004.020419,0.066000
DDS_Publish,RUN,23004.020445,23004.020722,0.277000
DDS_Publish,RUN,23004.020949,23004.021992,1.043000
DDS_Publish,RUN,23004.022526,23004.023058,0.532000
DDS_Publish,RUN,23004.023336,23004.023630,0.294000
DDS_Publish,RUN,23004.023858,23004.037720,13.862000
DDS_Publish,RUN,23004.038235,23004.060588,22.353000
DDS_Publish,RUN,23004.060813,23004.065049,4.236000
DDS_Publish,RUN,23004.065287,23004.093006,27.719000
DDS_Publish,RUN,23004.093010,23004.093012,0.002000
DDS_Publish,RUN,23004.093115,23004.093129,0.014000
DDS_Publish,RUN,23004.263380,23004.263482,0.102000
DDS_Publish,RUN,23004.263492,23004.323482,59.990000
DDS_Publish,RUN,23004.323496,23004.327477,3.981000
DDS_Publish,RUN,23004.327483,23004.391480,63.997000
DDS_Publish,RUN,23004.391488,23004.405513,14.025000
DDS_Publish,RUN,23004.405782,23004.406184,0.402000
DDS_Publish,RUN,23004.406416,23004.406480,0.064000
DDS_Publish,RUN,23004.406483,23004.406998,0.515000
DDS_Publish,RUN,23004.407529,23004.444831,37.302000
DDS_Publish,RUN,23004.445061,23004.455478,10.417000
DDS_Publish,RUN,23004.455486,23004.474658,19.172000
DDS_Publish,RUN,23004.474952,23004.579155,104.203000
DDS_Publish,RUN,23004.579160,23004.579162,0.002000
DDS_Publish,RUN,23004.579281,23004.579297,0.016000
DDS_Publish,RUN,23004.763378,23004.781888,18.510000
DDS_Publish,RUN,23004.782180,23004.903484,121.304000
DDS_Publish,RUN,23004.903491,23005.019975,116.484000
DDS_Publish,RUN,23005.020253,23005.020668,0.415000
DDS_Publish,RUN,23005.020903,23005.039577,18.674000
DDS_Publish,RUN,23005.039797,23005.088886,49.089000
DDS_Publish,RUN,23005.088890,23005.088892,0.002000
DDS_Publish,RUN,23005.089005,23005.089017,0.012000
DDS_Publish,RUN,23005.263372,23005.287473,24.101000
DDS_Publish,RUN,23005.287486,23005.293882,6.396000
DDS_Publish,RUN,23005.294178,23005.294719,0.541000
DDS_Publish,RUN,23005.294949,23005.295261,0.312000
DDS_Publish,RUN,23005.295496,23005.298201,2.705000
DDS_Publish,RUN,23005.298456,23005.334029,35.573000
DDS_Publish,RUN,23005.334300,23005.371477,37.177000
DDS_Publish,RUN,23005.371483,23005.373468,1.985000
DDS_Publish,RUN,23005.373471,23005.376468,2.997000
DDS_Publish,RUN,23005.376471,23005.378466,1.995000
DDS_Publish,RUN,23005.378468,23005.415468,37.000000
DDS_Publish,RUN,23005.415478,23005.495473,79.995000
DDS_Publish,RUN,23005.495478,23005.497466,1.988000
DDS_Publish,RUN,23005.497468,23005.531914,34.446000
DDS_Publish,RUN,23005.532194,23005.532708,0.514000
DDS_Publish,RUN,23005.532943,23005.551579,18.636000
DDS_Publish,RUN,23005.551806,23005.576968,25.162000
DDS_Publish,RUN,23005.576972,23005.576973,0.001000
DDS_Publish,RUN,23005.577077,23005.577089,0.012000
DDS_Publish,RUN,23005.763365,23005.775229,11.864000
DDS_Publish,RUN,23005.775263,23005.794892,19.629000
DDS_Publish,RUN,23005.794968,23005.795087,0.119000
DDS_Publish,RUN,23005.795116,23005.795473,0.357000
DDS_Publish,RUN,23005.795509,23005.811936,16.427000
DDS_Publish,RUN,23005.811999,23005.826538,14.539000
DDS_Publish,RUN,23005.826551,23005.857840,31.289000
DDS_Publish,RUN,23005.857874,23005.908269,50.395000
DDS_Publish,RUN,23005.908325,23005.927464,19.139000
DDS_Publish,RUN,23005.927472,23005.960291,32.819000
DDS_Publish,RUN,23005.960325,23005.991466,31.141000
DDS_Publish,RUN,23005.991474,23006.010663,19.189000
DDS_Publish,RUN,23006.010718,23006.062736,52.018000
DDS_Publish,RUN,23006.062769,23006.078294,15.525000
DDS_Publish,RUN,23006.078298,23006.078299,0.001000
DDS_Publish,RUN,23006.078392,23006.078404,0.012000
DDS_Publish,RUN,23006.263361,23006.267596,4.235000
DDS_Publish,RUN,23006.267630,23006.311461,43.831000
DDS_Publish,RUN,23006.311468,23006.326459,14.991000
DDS_Publish,RUN,23006.326461,23006.370066,43.605000
DDS_Publish,RUN,23006.370100,23006.375533,5.433000
DDS_Publish,RUN,23006.375540,23006.439459,63.919000
DDS_Publish,RUN,23006.439470,23006.472477,33.007000
DDS_Publish,RUN,23006.472512,23006.509461,36.949000
DDS_Publish,RUN,23006.509476,23006.522644,13.168000
DDS_Publish,RUN,23006.522701,23006.574935,52.234000
DDS_Publish,RUN,23006.574969,23006.576983,2.014000
DDS_Publish,RUN,23006.576986,23006.576988,0.002000
DDS_Publish,RUN,23006.577079,23006.577091,0.012000
DDS_Publish,RUN,23006.763355,23006.779807,16.452000
DDS_Publish,RUN,23006.779841,23006.829869,50.028000
DDS_Publish,RUN,23006.829921,23006.881281,51.360000
DDS_Publish,RUN,23006.881315,23006.887456,6.141000
DDS_Publish,RUN,23006.887466,23006.932281,44.815000
DDS_Publish,RUN,23006.932338,23006.951456,19.118000
DDS_Publish,RUN,23006.951468,23006.954986,3.518000
DDS_Publish,RUN,23006.954987,23006.963454,8.467000
DDS_Publish,RUN,23006.963470,23006.983700,20.230000
DDS_Publish,RUN,23006.983734,23007.015457,31.723000
DDS_Publish,RUN,23007.015465,23007.034683,19.218000
DDS_Publish,RUN,23007.034736,23007.077101,42.365000
DDS_Publish,RUN,23007.077105,23007.077107,0.002000
DDS_Publish,RUN,23007.077209,23007.077224,0.015000
DDS_Publish,RUN,23007.086010,23007.086025,0.015000
DDS_Publish,SLEEP,22972.263724,22972.263743,0.019000
DDS_Publish,PREEMPT,22972.278110,22972.278435,0.325000
DDS_Publish,PREEMPT,22972.320512,22972.320805,0.293000
DDS_Publish,PREEMPT,22972.357469,22972.357540,0.071000
DDS_Publish,PREEMPT,22972.357903,22972.358134,0.231000
DDS_Publish,PREEMPT,22972.360646,22972.360893,0.247000
DDS_Publish,PREEMPT,22972.361253,22972.362365,1.112000
DDS_Publish,PREEMPT,22972.362656,22972.362726,0.070000
DDS_Publish,PREEMPT,22972.362837,22972.362908,0.071000
DDS_Publish,PREEMPT,22972.362935,22972.363000,0.065000
DDS_Publish,PREEMPT,22972.363155,22972.363385,0.230000
DDS_Publish,PREEMPT,22972.363459,22972.363734,0.275000
DDS_Publish,PREEMPT,22972.378188,22972.378417,0.229000
DDS_Publish,PREEMPT,22972.422937,22972.423223,0.286000
DDS_Publish,PREEMPT,22972.423827,22972.424057,0.230000
DDS_Publish,PREEMPT,22972.443423,22972.443651,0.228000
DDS_Publish,PREEMPT,22972.457543,22972.457617,0.074000
DDS_Publish,PREEMPT,22972.457969,22972.458199,0.230000
DDS_Publish,PREEMPT,22972.463375,22972.463607,0.232000
DDS_Publish,PREEMPT,22972.463964,22972.464511,0.547000
DDS_Publish,PREEMPT,22972.464705,22972.464932,0.227000
DDS_Publish,PREEMPT,22972.478098,22972.478326,0.228000
DDS_Publish,PREEMPT,22972.525319,22972.525598,0.279000
DDS_Publish,PREEMPT,22972.526238,22972.526467,0.229000
DDS_Publish,PREEMPT,22972.545790,22972.546017,0.227000
DDS_Publish,PREEMPT,22972.557633,22972.557704,0.071000
DDS_Publish,PREEMPT,22972.558059,22972.558285,0.226000
DDS_Publish,PREEMPT,22972.566657,22972.566893,0.236000
DDS_Publish,PREEMPT,22972.567304,22972.568928,1.624000
DDS_Publish,PREEMPT,22972.568931,22972.569165,0.234000
DDS_Publish,PREEMPT,22972.578173,22972.578447,0.274000
DDS_Publish,PREEMPT,22972.616877,22972.616881,0.004000
DDS_Publish,PREEMPT,22972.616883,22972.617059,0.176000
DDS_Publish,SLEEP,22972.617078,22972.763749,146.671000
DDS_Publish,PREEMPT,22972.772000,22972.772233,0.233000
DDS_Publish,PREEMPT,22972.772697,22972.773018,0.321000
DDS_Publish,PREEMPT,22972.798240,22972.798509,0.269000
DDS_Publish,PREEMPT,22972.832540,22972.832857,0.317000
DDS_Publish,PREEMPT,22972.934925,22972.935227,0.302000
DDS_Publish,PREEMPT,22973.037332,22973.037624,0.292000
DDS_Publish,PREEMPT,22973.089602,22973.089606,0.004000
DDS_Publish,PREEMPT,22973.089608,22973.089710,0.102000
DDS_Publish,SLEEP,22973.089728,22973.263743,174.015000
DDS_Publish,PREEMPT,22973.296841,22973.296855,0.014000
DDS_Publish,PREEMPT,22973.330839,22973.330849,0.010000
DDS_Publish,PREEMPT,22973.341838,22973.341845,0.007000
DDS_Publish,PREEMPT,22973.344527,22973.344818,0.291000
DDS_Publish,PREEMPT,22973.441842,22973.441857,0.015000
DDS_Publish,PREEMPT,22973.446933,22973.447225,0.292000
DDS_Publish,PREEMPT,22973.503839,22973.503853,0.014000
DDS_Publish,PREEMPT,22973.549333,22973.549625,0.292000
DDS_Publish,PREEMPT,22973.585813,22973.585817,0.004000
DDS_Publish,PREEMPT,22973.585819,22973.585920,0.101000
DDS_Publish,SLEEP,22973.585935,22973.763733,177.798000
DDS_Publish,PREEMPT,22973.856556,22973.856852,0.296000
DDS_Publish,PREEMPT,22973.857417,22973.857642,0.225000
DDS_Publish,PREEMPT,22973.858031,22973.858263,0.232000
DDS_Publish,PREEMPT,22973.860686,22973.860992,0.306000
DDS_Publish,PREEMPT,22973.861031,22973.861106,0.075000
DDS_Publish,PREEMPT,22973.861423,22973.861652,0.229000
DDS_Publish,PREEMPT,22973.877015,22973.877244,0.229000
DDS_Publish,PREEMPT,22973.896835,22973.896848,0.013000
DDS_Publish,PREEMPT,22973.913832,22973.913835,0.003000
DDS_Publish,PREEMPT,22973.927833,22973.927838,0.005000
DDS_Publish,PREEMPT,22973.958958,22973.959254,0.296000
DDS_Publish,PREEMPT,22973.959768,22973.959993,0.225000
DDS_Publish,PREEMPT,22973.963832,22973.963846,0.014000
DDS_Publish,PREEMPT,22973.966712,22973.966984,0.272000
DDS_Publish,PREEMPT,22973.979428,22973.979651,0.223000
DDS_Publish,PREEMPT,22973.985831,22973.985840,0.009000
DDS_Publish,PREEMPT,22973.991830,22973.991840,0.010000
DDS_Publish,PREEMPT,22974.020586,22974.020660,0.074000
DDS_Publish,PREEMPT,22974.020974,22974.021201,0.227000
DDS_Publish,PREEMPT,22974.041117,22974.041346,0.229000
DDS_Publish,PREEMPT,22974.041829,22974.041838,0.009000
DDS_Publish,PREEMPT,22974.046829,22974.046835,0.006000
DDS_Publish,PREEMPT,22974.061364,22974.061606,0.242000
DDS_Publish,PREEMPT,22974.062249,22974.062478,0.229000
DDS_Publish,PREEMPT,22974.074830,22974.074838,0.008000
DDS_Publish,PREEMPT,22974.079833,22974.079844,0.011000
DDS_Publish,PREEMPT,22974.081822,22974.082101,0.279000
DDS_Publish,PREEMPT,22974.082738,22974.082741,0.003000
DDS_Publish,PREEMPT,22974.082743,22974.082841,0.098000
DDS_Publish,SLEEP,22974.082852,22974.263727,180.875000
DDS_Publish,PREEMPT,22974.266162,22974.266404,0.242000
DDS_Publish,PREEMPT,22974.311828,22974.311834,0.006000
DDS_Publish,PREEMPT,22974.368551,22974.368773,0.222000
DDS_Publish,PREEMPT,22974.369380,22974.369601,0.221000
DDS_Publish,PREEMPT,22974.369892,22974.370103,0.211000
DDS_Publish,PREEMPT,22974.372498,22974.373271,0.773000
DDS_Publish,PREEMPT,22974.373273,22974.373498,0.225000
DDS_Publish,PREEMPT,22974.373517,22974.373584,0.067000
DDS_Publish,PREEMPT,22974.373655,22974.373728,0.073000
DDS_Publish,PREEMPT,22974.373804,22974.373833,0.029000
DDS_Publish,PREEMPT,22974.373961,22974.374190,0.229000
DDS_Publish,PREEMPT,22974.374280,22974.374556,0.276000
DDS_Publish,PREEMPT,22974.375825,22974.375830,0.005000
DDS_Publish,PREEMPT,22974.375927,22974.375998,0.071000
DDS_Publish,PREEMPT,22974.376328,22974.376519,0.191000
DDS_Publish,PREEMPT,22974.383830,22974.383855,0.025000
DDS_Publish,PREEMPT,22974.389010,22974.389210,0.200000
DDS_Publish,PREEMPT,22974.422827,22974.422831,0.004000
DDS_Publish,PREEMPT,22974.439825,22974.439836,0.011000
DDS_Publish,PREEMPT,22974.470966,22974.471256,0.290000
DDS_Publish,PREEMPT,22974.472388,22974.472639,0.251000
DDS_Publish,PREEMPT,22974.473218,22974.473447,0.229000
DDS_Publish,PREEMPT,22974.477135,22974.477365,0.230000
DDS_Publish,PREEMPT,22974.477804,22974.478387,0.583000
DDS_Publish,PREEMPT,22974.478531,22974.478806,0.275000
DDS_Publish,PREEMPT,22974.487830,22974.487835,0.005000
DDS_Publish,PREEMPT,22974.498648,22974.498928,0.280000
DDS_Publish,PREEMPT,22974.573373,22974.573663,0.290000
DDS_Publish,PREEMPT,22974.574189,22974.574414,0.225000
DDS_Publish,PREEMPT,22974.585158,22974.585161,0.003000
DDS_Publish,PREEMPT,22974.585163,22974.585259,0.096000
DDS_Publish,SLEEP,22974.585275,22974.763723,178.448000
DDS_Publish,PREEMPT,22974.880576,22974.880874,0.298000
DDS_Publish,PREEMPT,22974.881462,22974.881692,0.230000
DDS_Publish,PREEMPT,22974.882053,22974.882278,0.225000
DDS_Publish,PREEMPT,22974.884946,22974.885217,0.271000
DDS_Publish,PREEMPT,22974.887958,22974.888030,0.072000
DDS_Publish,PREEMPT,22974.888817,22974.889038,0.221000
DDS_Publish,PREEMPT,22974.901036,22974.901264,0.228000
DDS_Publish,PREEMPT,22974.905292,22974.905517,0.225000
DDS_Publish,PREEMPT,22974.940821,22974.940839,0.018000
DDS_Publish,PREEMPT,22974.951818,22974.951825,0.007000
DDS_Publish,PREEMPT,22974.955351,22974.955354,0.003000
DDS_Publish,PREEMPT,22974.982972,22974.983267,0.295000
DDS_Publish,PREEMPT,22974.983816,22974.984040,0.224000
DDS_Publish,PREEMPT,22975.003422,22975.003650,0.228000
DDS_Publish,PREEMPT,22975.014367,22975.014638,0.271000
DDS_Publish,PREEMPT,22975.028820,22975.028825,0.005000
DDS_Publish,PREEMPT,22975.084465,22975.084469,0.004000
DDS_Publish,PREEMPT,22975.084471,22975.084563,0.092000
DDS_Publish,SLEEP,22975.084578,22975.263716,179.138000
DDS_Publish,PREEMPT,22975.271815,22975.271822,0.007000
DDS_Publish,PREEMPT,22975.290169,22975.290455,0.286000
DDS_Publish,PREEMPT,22975.292482,22975.292707,0.225000
DDS_Publish,PREEMPT,22975.296350,22975.296582,0.232000
DDS_Publish,PREEMPT,22975.296814,22975.296819,0.005000
DDS_Publish,PREEMPT,22975.297430,22975.297691,0.261000
DDS_Publish,PREEMPT,22975.330320,22975.330548,0.228000
DDS_Publish,PREEMPT,22975.394823,22975.394830,0.007000
DDS_Publish,PREEMPT,22975.479157,22975.479308,0.151000
DDS_Publish,PREEMPT,22975.479356,22975.479498,0.142000
DDS_Publish,PREEMPT,22975.481122,22975.481226,0.104000
DDS_Publish,PREEMPT,22975.524547,22975.524825,0.278000
DDS_Publish,PREEMPT,22975.525115,22975.525349,0.234000
DDS_Publish,PREEMPT,22975.544175,22975.544454,0.279000
DDS_Publish,PREEMPT,22975.585672,22975.585676,0.004000
DDS_Publish,PREEMPT,22975.585678,22975.585782,0.104000
DDS_Publish,SLEEP,22975.585797,22975.763761,177.964000
DDS_Publish,PREEMPT,22975.802370,22975.802689,0.319000
DDS_Publish,PREEMPT,22975.802717,22975.802784,0.067000
DDS_Publish,PREEMPT,22975.803860,22975.804090,0.230000
DDS_Publish,PREEMPT,22975.806127,22975.806356,0.229000
DDS_Publish,PREEMPT,22975.822635,22975.822862,0.227000
DDS_Publish,PREEMPT,22975.824398,22975.824628,0.230000
DDS_Publish,PREEMPT,22975.847814,22975.847824,0.010000
DDS_Publish,PREEMPT,22975.862807,22975.862820,0.013000
DDS_Publish,PREEMPT,22975.871807,22975.871814,0.007000
DDS_Publish,PREEMPT,22975.904611,22975.904900,0.289000
DDS_Publish,PREEMPT,22975.906429,22975.906658,0.229000
DDS_Publish,PREEMPT,22975.911807,22975.911816,0.009000
DDS_Publish,PREEMPT,22975.925080,22975.925310,0.230000
DDS_Publish,PREEMPT,22975.954805,22975.954817,0.012000
DDS_Publish,PREEMPT,22975.975803,22975.975813,0.010000
DDS_Publish,PREEMPT,22975.987806,22975.987816,0.010000
DDS_Publish,PREEMPT,22975.996805,22975.996815,0.010000
DDS_Publish,PREEMPT,22976.029806,22976.029816,0.010000
DDS_Publish,PREEMPT,22976.039803,22976.039811,0.008000
DDS_Publish,PREEMPT,22976.068448,22976.068725,0.277000
DDS_Publish,PREEMPT,22976.081483,22976.081487,0.004000
DDS_Publish,PREEMPT,22976.081489,22976.081582,0.093000
DDS_Publish,SLEEP,22976.081598,22976.263725,182.127000
DDS_Publish,PREEMPT,22976.312807,22976.312812,0.005000
DDS_Publish,PREEMPT,22976.314204,22976.314457,0.253000
DDS_Publish,PREEMPT,22976.331806,22976.331811,0.005000
DDS_Publish,PREEMPT,22976.348802,22976.348806,0.004000
DDS_Publish,PREEMPT,22976.350798,22976.350801,0.003000
DDS_Publish,PREEMPT,22976.359802,22976.359808,0.006000
DDS_Publish,PREEMPT,22976.406802,22976.406816,0.014000
DDS_Publish,PREEMPT,22976.423801,22976.423810,0.009000
DDS_Publish,PREEMPT,22976.481334,22976.481394,0.060000
DDS_Publish,PREEMPT,22976.494802,22976.494807,0.005000
DDS_Publish,PREEMPT,22976.495798,22976.495809,0.011000
DDS_Publish,PREEMPT,22976.518999,22976.519291,0.292000
DDS_Publish,PREEMPT,22976.544804,22976.544809,0.005000
DDS_Publish,PREEMPT,22976.588054,22976.588058,0.004000
DDS_Publish,PREEMPT,22976.588061,22976.588161,0.100000
DDS_Publish,SLEEP,22976.588181,22976.763696,175.515000
DDS_Publish,PREEMPT,22976.777795,22976.777799,0.004000
DDS_Publish,PREEMPT,22976.795795,22976.795809,0.014000
DDS_Publish,PREEMPT,22976.826204,22976.826563,0.359000
DDS_Publish,PREEMPT,22976.878795,22976.878806,0.011000
DDS_Publish,PREEMPT,22976.889793,22976.889796,0.003000
DDS_Publish,PREEMPT,22976.895793,22976.895796,0.003000
DDS_Publish,PREEMPT,22976.928596,22976.928882,0.286000
DDS_Publish,PREEMPT,22976.935794,22976.935800,0.006000
DDS_Publish,PREEMPT,22976.960797,22976.960802,0.005000
DDS_Publish,PREEMPT,22976.962792,22976.962808,0.016000
DDS_Publish,PREEMPT,22976.972794,22976.972805,0.011000
DDS_Publish,PREEMPT,22977.045794,22977.045805,0.011000
DDS_Publish,PREEMPT,22977.078793,22977.078804,0.011000
DDS_Publish,PREEMPT,22977.083507,22977.083511,0.004000
DDS_Publish,PREEMPT,22977.083513,22977.083607,0.094000
DDS_Publish,SLEEP,22977.083621,22977.263690,180.069000
DDS_Publish,PREEMPT,22977.282253,22977.282522,0.269000
DDS_Publish,PREEMPT,22977.383789,22977.383798,0.009000
DDS_Publish,PREEMPT,22977.406787,22977.406791,0.004000
DDS_Publish,PREEMPT,22977.407784,22977.407795,0.011000
DDS_Publish,PREEMPT,22977.473917,22977.474195,0.278000
DDS_Publish,PREEMPT,22977.474508,22977.474743,0.235000
DDS_Publish,PREEMPT,22977.493492,22977.493770,0.278000
DDS_Publish,PREEMPT,22977.527788,22977.527793,0.005000
DDS_Publish,PREEMPT,22977.543027,22977.543321,0.294000
DDS_Publish,PREEMPT,22977.560788,22977.560792,0.004000
DDS_Publish,PREEMPT,22977.562788,22977.562790,0.002000
DDS_Publish,PREEMPT,22977.574785,22977.574789,0.004000
DDS_Publish,PREEMPT,22977.582817,22977.582821,0.004000
DDS_Publish,PREEMPT,22977.582822,22977.582915,0.093000
DDS_Publish,SLEEP,22977.582931,22977.763684,180.753000
DDS_Publish,PREEMPT,22977.828784,22977.828788,0.004000
DDS_Publish,PREEMPT,22977.850659,22977.850955,0.296000
DDS_Publish,PREEMPT,22977.895785,22977.895793,0.008000
DDS_Publish,PREEMPT,22977.952614,22977.952911,0.297000
DDS_Publish,PREEMPT,22977.959785,22977.959794,0.009000
DDS_Publish,PREEMPT,22978.017780,22978.017795,0.015000
DDS_Publish,PREEMPT,22978.023779,22978.023784,0.005000
DDS_Publish,PREEMPT,22978.073781,22978.073794,0.013000
DDS_Publish,PREEMPT,22978.083500,22978.083505,0.005000
DDS_Publish,PREEMPT,22978.083507,22978.083603,0.096000
DDS_Publish,SLEEP,22978.083616,22978.263677,180.061000
DDS_Publish,PREEMPT,22978.324779,22978.324792,0.013000
DDS_Publish,PREEMPT,22978.398669,22978.398930,0.261000
DDS_Publish,PREEMPT,22978.399212,22978.399448,0.236000
DDS_Publish,PREEMPT,22978.407774,22978.407782,0.008000
DDS_Publish,PREEMPT,22978.410776,22978.410780,0.004000
DDS_Publish,PREEMPT,22978.418318,22978.418547,0.229000
DDS_Publish,PREEMPT,22978.461775,22978.461816,0.041000
DDS_Publish,PREEMPT,22978.464633,22978.464896,0.263000
DDS_Publish,PREEMPT,22978.467772,22978.467778,0.006000
DDS_Publish,PREEMPT,22978.471790,22978.471833,0.043000
DDS_Publish,PREEMPT,22978.474772,22978.474781,0.009000
DDS_Publish,PREEMPT,22978.567028,22978.567328,0.300000
DDS_Publish,PREEMPT,22978.587090,22978.587099,0.009000
DDS_Publish,PREEMPT,22978.587102,22978.587284,0.182000
DDS_Publish,SLEEP,22978.587314,22978.763670,176.356000
DDS_Publish,PREEMPT,22978.771821,22978.772110,0.289000
DDS_Publish,PREEMPT,22978.798750,22978.799052,0.302000
DDS_Publish,PREEMPT,22978.864772,22978.864778,0.006000
DDS_Publish,PREEMPT,22978.874234,22978.874522,0.288000
DDS_Publish,PREEMPT,22978.919772,22978.919782,0.010000
DDS_Publish,PREEMPT,22978.955301,22978.955304,0.003000
DDS_Publish,PREEMPT,22978.983769,22978.983778,0.009000
DDS_Publish,PREEMPT,22979.079046,22979.079332,0.286000
DDS_Publish,PREEMPT,22979.093777,22979.093781,0.004000
DDS_Publish,PREEMPT,22979.093782,22979.093877,0.095000
DDS_Publish,SLEEP,22979.093895,22979.263665,169.770000
DDS_Publish,PREEMPT,22979.317060,22979.317345,0.285000
DDS_Publish,PREEMPT,22979.317486,22979.317765,0.279000
DDS_Publish,PREEMPT,22979.318848,22979.318860,0.012000
DDS_Publish,PREEMPT,22979.336712,22979.336940,0.228000
DDS_Publish,PREEMPT,22979.367761,22979.367769,0.008000
DDS_Publish,PREEMPT,22979.386244,22979.386484,0.240000
DDS_Publish,PREEMPT,22979.418764,22979.418778,0.014000
DDS_Publish,PREEMPT,22979.483192,22979.483350,0.158000
DDS_Publish,PREEMPT,22979.483395,22979.483541,0.146000
DDS_Publish,PREEMPT,22979.485160,22979.485265,0.105000
DDS_Publish,PREEMPT,22979.488653,22979.488893,0.240000
DDS_Publish,PREEMPT,22979.578860,22979.578864,0.004000
DDS_Publish,PREEMPT,22979.578866,22979.578968,0.102000
DDS_Publish,SLEEP,22979.578981,22979.763660,184.679000
DDS_Publish,PREEMPT,22979.795843,22979.796139,0.296000
DDS_Publish,PREEMPT,22979.913763,22979.913778,0.015000
DDS_Publish,PREEMPT,22979.943761,22979.943772,0.011000
DDS_Publish,PREEMPT,22980.007759,22980.007769,0.010000
DDS_Publish,PREEMPT,22980.036757,22980.036763,0.006000
DDS_Publish,PREEMPT,22980.037159,22980.037390,0.231000
DDS_Publish,PREEMPT,22980.037562,22980.037839,0.277000
DDS_Publish,PREEMPT,22980.056741,22980.056970,0.229000
DDS_Publish,PREEMPT,22980.098575,22980.098578,0.003000
DDS_Publish,PREEMPT,22980.098580,22980.098679,0.099000
DDS_Publish,SLEEP,22980.098690,22980.263651,164.961000
DDS_Publish,PREEMPT,22980.263756,22980.263767,0.011000
DDS_Publish,PREEMPT,22980.284566,22980.284800,0.234000
DDS_Publish,PREEMPT,22980.341124,22980.341403,0.279000
DDS_Publish,PREEMPT,22980.360739,22980.361016,0.277000
DDS_Publish,PREEMPT,22980.391756,22980.391763,0.007000
DDS_Publish,PREEMPT,22980.410274,22980.410572,0.298000
DDS_Publish,PREEMPT,22980.455753,22980.455764,0.011000
DDS_Publish,PREEMPT,22980.599217,22980.599221,0.004000
DDS_Publish,PREEMPT,22980.599223,22980.599318,0.095000
DDS_Publish,SLEEP,22980.599331,22980.763646,164.315000
DDS_Publish,PREEMPT,22980.955565,22980.955849,0.284000
DDS_Publish,PREEMPT,22980.956274,22980.956509,0.235000
DDS_Publish,PREEMPT,22980.967745,22980.967751,0.006000
DDS_Publish,PREEMPT,22980.975160,22980.975391,0.231000
DDS_Publish,PREEMPT,22981.024674,22981.024968,0.294000
DDS_Publish,PREEMPT,22981.081612,22981.081616,0.004000
DDS_Publish,PREEMPT,22981.081618,22981.081715,0.097000
DDS_Publish,SLEEP,22981.081728,22981.263723,181.995000
DDS_Publish,PREEMPT,22981.282374,22981.282651,0.277000
DDS_Publish,PREEMPT,22981.287741,22981.287750,0.009000
DDS_Publish,PREEMPT,22981.331894,22981.332187,0.293000
DDS_Publish,PREEMPT,22981.351742,22981.351751,0.009000
DDS_Publish,PREEMPT,22981.368741,22981.368746,0.005000
DDS_Publish,PREEMPT,22981.435741,22981.435756,0.015000
DDS_Publish,PREEMPT,22981.567740,22981.567744,0.004000
DDS_Publish,PREEMPT,22981.569973,22981.570247,0.274000
DDS_Publish,PREEMPT,22981.570796,22981.571031,0.235000
DDS_Publish,PREEMPT,22981.580738,22981.580741,0.003000
DDS_Publish,PREEMPT,22981.583067,22981.583071,0.004000
DDS_Publish,PREEMPT,22981.583072,22981.583180,0.108000
DDS_Publish,SLEEP,22981.583200,22981.763633,180.433000
DDS_Publish,PREEMPT,22981.764247,22981.764286,0.039000
DDS_Publish,PREEMPT,22981.764332,22981.764361,0.029000
DDS_Publish,PREEMPT,22981.765507,22981.765544,0.037000
DDS_Publish,PREEMPT,22981.765948,22981.765985,0.037000
DDS_Publish,PREEMPT,22981.793355,22981.793388,0.033000
DDS_Publish,PREEMPT,22981.895780,22981.895813,0.033000
DDS_Publish,PREEMPT,22981.927732,22981.927739,0.007000
DDS_Publish,PREEMPT,22981.946232,22981.946291,0.059000
DDS_Publish,PREEMPT,22981.991736,22981.991743,0.007000
DDS_Publish,PREEMPT,22981.998236,22981.998271,0.035000
DDS_Publish,PREEMPT,22982.048640,22982.048689,0.049000
DDS_Publish,PREEMPT,22982.055730,22982.055735,0.005000
DDS_Publish,PREEMPT,22982.077942,22982.077946,0.004000
DDS_Publish,PREEMPT,22982.077947,22982.078042,0.095000
DDS_Publish,SLEEP,22982.078054,22982.263627,185.573000
DDS_Publish,PREEMPT,22982.273035,22982.273071,0.036000
DDS_Publish,PREEMPT,22982.273438,22982.273476,0.038000
DDS_Publish,PREEMPT,22982.274055,22982.274114,0.059000
DDS_Publish,PREEMPT,22982.305560,22982.305599,0.039000
DDS_Publish,PREEMPT,22982.353511,22982.353549,0.038000
DDS_Publish,PREEMPT,22982.355856,22982.355913,0.057000
DDS_Publish,PREEMPT,22982.356375,22982.356413,0.038000
DDS_Publish,PREEMPT,22982.373136,22982.373171,0.035000
DDS_Publish,PREEMPT,22982.373536,22982.373573,0.037000
DDS_Publish,PREEMPT,22982.374496,22982.374551,0.055000
DDS_Publish,PREEMPT,22982.375726,22982.375734,0.008000
DDS_Publish,PREEMPT,22982.407986,22982.408020,0.034000
DDS_Publish,PREEMPT,22982.439726,22982.439735,0.009000
DDS_Publish,PREEMPT,22982.473245,22982.473284,0.039000
DDS_Publish,PREEMPT,22982.473634,22982.473671,0.037000
DDS_Publish,PREEMPT,22982.474047,22982.474109,0.062000
DDS_Publish,PREEMPT,22982.510400,22982.510434,0.034000
DDS_Publish,PREEMPT,22982.573288,22982.573326,0.038000
DDS_Publish,PREEMPT,22982.573667,22982.573704,0.037000
DDS_Publish,PREEMPT,22982.574025,22982.574087,0.062000
DDS_Publish,PREEMPT,22982.582029,22982.582032,0.003000
DDS_Publish,PREEMPT,22982.582034,22982.582100,0.066000
DDS_Publish,SLEEP,22982.582111,22982.763624,181.513000
DDS_Publish,PREEMPT,22982.817723,22982.817766,0.043000
DDS_Publish,PREEMPT,22982.920129,22982.920164,0.035000
DDS_Publish,PREEMPT,22982.951721,22982.951729,0.008000
DDS_Publish,PREEMPT,22982.955251,22982.955253,0.002000
DDS_Publish,PREEMPT,22982.970268,22982.970331,0.063000
DDS_Publish,PREEMPT,22983.022572,22983.022606,0.034000
DDS_Publish,PREEMPT,22983.083010,22983.083014,0.004000
DDS_Publish,PREEMPT,22983.083015,22983.083112,0.097000
DDS_Publish,SLEEP,22983.083125,22983.263616,180.491000
DDS_Publish,PREEMPT,22983.271714,22983.271722,0.008000
DDS_Publish,PREEMPT,22983.328854,22983.328889,0.035000
DDS_Publish,PREEMPT,22983.399715,22983.399725,0.010000
DDS_Publish,PREEMPT,22983.402400,22983.402445,0.045000
DDS_Publish,PREEMPT,22983.431283,22983.431320,0.037000
DDS_Publish,PREEMPT,22983.472714,22983.472729,0.015000
DDS_Publish,PREEMPT,22983.487156,22983.487269,0.113000
DDS_Publish,PREEMPT,22983.487311,22983.487418,0.107000
DDS_Publish,PREEMPT,22983.489136,22983.489229,0.093000
DDS_Publish,PREEMPT,22983.533723,22983.533757,0.034000
DDS_Publish,PREEMPT,22983.578090,22983.578094,0.004000
DDS_Publish,PREEMPT,22983.578096,22983.578188,0.092000
DDS_Publish,SLEEP,22983.578201,22983.763610,185.409000
DDS_Publish,PREEMPT,22983.772713,22983.772718,0.005000
DDS_Publish,PREEMPT,22983.782710,22983.782714,0.004000
DDS_Publish,PREEMPT,22983.790500,22983.790577,0.077000
DDS_Publish,PREEMPT,22983.794473,22983.794516,0.043000
DDS_Publish,PREEMPT,22983.841004,22983.841038,0.034000
DDS_Publish,PREEMPT,22983.891890,22983.891949,0.059000
DDS_Publish,PREEMPT,22983.896709,22983.896722,0.013000
DDS_Publish,PREEMPT,22983.911709,22983.911716,0.007000
DDS_Publish,PREEMPT,22983.943404,22983.943441,0.037000
DDS_Publish,PREEMPT,22983.975707,22983.975717,0.010000
DDS_Publish,PREEMPT,22983.994272,22983.994326,0.054000
DDS_Publish,PREEMPT,22984.015707,22984.015712,0.005000
DDS_Publish,PREEMPT,22984.045853,22984.045886,0.033000
DDS_Publish,PREEMPT,22984.082941,22984.082945,0.004000
DDS_Publish,PREEMPT,22984.082947,22984.083051,0.104000
DDS_Publish,SLEEP,22984.083068,22984.263637,180.569000
DDS_Publish,PREEMPT,22984.301510,22984.301587,0.077000
DDS_Publish,PREEMPT,22984.344709,22984.344715,0.006000
DDS_Publish,PREEMPT,22984.353125,22984.353160,0.035000
DDS_Publish,PREEMPT,22984.359702,22984.359709,0.007000
DDS_Publish,PREEMPT,22984.401560,22984.401599,0.039000
DDS_Publish,PREEMPT,22984.423710,22984.423723,0.013000
DDS_Publish,PREEMPT,22984.442706,22984.442711,0.005000
DDS_Publish,PREEMPT,22984.449235,22984.449284,0.049000
DDS_Publish,PREEMPT,22984.455542,22984.455577,0.035000
DDS_Publish,PREEMPT,22984.487703,22984.487710,0.007000
DDS_Publish,PREEMPT,22984.506268,22984.506322,0.054000
DDS_Publish,PREEMPT,22984.557944,22984.557978,0.034000
DDS_Publish,PREEMPT,22984.585166,22984.585171,0.005000
DDS_Publish,PREEMPT,22984.585173,22984.585272,0.099000
DDS_Publish,SLEEP,22984.585292,22984.763597,178.305000
DDS_Publish,PREEMPT,22984.764499,22984.764533,0.034000
DDS_Publish,PREEMPT,22984.764578,22984.764606,0.028000
DDS_Publish,PREEMPT,22984.765678,22984.765715,0.037000
DDS_Publish,PREEMPT,22984.766205,22984.766243,0.038000
DDS_Publish,PREEMPT,22984.865213,22984.865247,0.034000
DDS_Publish,PREEMPT,22984.915891,22984.915941,0.050000
DDS_Publish,PREEMPT,22984.967636,22984.967670,0.034000
DDS_Publish,PREEMPT,22984.999695,22984.999701,0.006000
DDS_Publish,PREEMPT,22985.020196,22985.020280,0.084000
DDS_Publish,PREEMPT,22985.063695,22985.063701,0.006000
DDS_Publish,PREEMPT,22985.070060,22985.070095,0.035000
DDS_Publish,PREEMPT,22985.074592,22985.074595,0.003000
DDS_Publish,PREEMPT,22985.074597,22985.074697,0.100000
DDS_Publish,SLEEP,22985.074709,22985.263609,188.900000
DDS_Publish,PREEMPT,22985.274939,22985.274977,0.038000
DDS_Publish,PREEMPT,22985.319697,22985.319708,0.011000
DDS_Publish,PREEMPT,22985.377337,22985.377375,0.038000
DDS_Publish,PREEMPT,22985.383692,22985.383701,0.009000
DDS_Publish,PREEMPT,22985.427894,22985.427955,0.061000
DDS_Publish,PREEMPT,22985.455693,22985.455706,0.013000
DDS_Publish,PREEMPT,22985.479784,22985.479822,0.038000
DDS_Publish,PREEMPT,22985.502386,22985.502434,0.048000
DDS_Publish,PREEMPT,22985.530280,22985.530334,0.054000
DDS_Publish,PREEMPT,22985.582199,22985.582233,0.034000
DDS_Publish,PREEMPT,22985.591732,22985.591736,0.004000
DDS_Publish,PREEMPT,22985.591738,22985.591830,0.092000
DDS_Publish,SLEEP,22985.591844,22985.763586,171.742000
DDS_Publish,PREEMPT,22985.837573,22985.837862,0.289000
DDS_Publish,PREEMPT,22985.864689,22985.864694,0.005000
DDS_Publish,PREEMPT,22985.959685,22985.959693,0.008000
DDS_Publish,PREEMPT,22986.023684,22986.023692,0.008000
DDS_Publish,PREEMPT,22986.042719,22986.042971,0.252000
DDS_Publish,PREEMPT,22986.082980,22986.082984,0.004000
DDS_Publish,PREEMPT,22986.082986,22986.083080,0.094000
DDS_Publish,SLEEP,22986.083091,22986.263580,180.489000
DDS_Publish,PREEMPT,22986.279684,22986.279692,0.008000
DDS_Publish,PREEMPT,22986.281470,22986.281703,0.233000
DDS_Publish,PREEMPT,22986.382853,22986.383131,0.278000
DDS_Publish,PREEMPT,22986.402412,22986.402642,0.230000
DDS_Publish,PREEMPT,22986.407680,22986.407691,0.011000
DDS_Publish,PREEMPT,22986.451983,22986.452275,0.292000
DDS_Publish,PREEMPT,22986.471681,22986.471689,0.008000
DDS_Publish,PREEMPT,22986.547030,22986.547312,0.282000
DDS_Publish,PREEMPT,22986.554376,22986.554617,0.241000
DDS_Publish,PREEMPT,22986.588910,22986.588914,0.004000
DDS_Publish,PREEMPT,22986.588916,22986.589019,0.103000
DDS_Publish,SLEEP,22986.589040,22986.763573,174.533000
DDS_Publish,PREEMPT,22986.859676,22986.859692,0.016000
DDS_Publish,PREEMPT,22986.861566,22986.861858,0.292000
DDS_Publish,PREEMPT,22986.955205,22986.955207,0.002000
DDS_Publish,PREEMPT,22986.983672,22986.983679,0.007000
DDS_Publish,PREEMPT,22987.066380,22987.066680,0.300000
DDS_Publish,PREEMPT,22987.085566,22987.085570,0.004000
DDS_Publish,PREEMPT,22987.085573,22987.085679,0.106000
DDS_Publish,PREEMPT,22987.085691,22987.085696,0.005000
DDS_Publish,PREEMPT,22987.085699,22987.085701,0.002000
DDS_Publish,PREEMPT,22987.085705,22987.085707,0.002000
DDS_Publish,PREEMPT,22987.085709,22987.085710,0.001000
DDS_Publish,PREEMPT,22987.085714,22987.085716,0.002000
DDS_Publish,PREEMPT,22987.085719,22987.085721,0.002000
DDS_Publish,PREEMPT,22987.085724,22987.085727,0.003000
DDS_Publish,PREEMPT,22987.085729,22987.085760,0.031000
DDS_Publish,PREEMPT,22987.085765,22987.085827,0.062000
DDS_Publish,PREEMPT,22987.085830,22987.085904,0.074000
DDS_Publish,SLEEP,22987.085912,22987.263569,177.657000
DDS_Publish,PREEMPT,22987.303670,22987.303680,0.010000
DDS_Publish,PREEMPT,22987.367669,22987.367679,0.010000
DDS_Publish,PREEMPT,22987.379669,22987.379673,0.004000
DDS_Publish,PREEMPT,22987.406776,22987.407056,0.280000
DDS_Publish,PREEMPT,22987.407540,22987.407786,0.246000
DDS_Publish,PREEMPT,22987.408187,22987.408712,0.525000
DDS_Publish,PREEMPT,22987.446386,22987.446592,0.206000
DDS_Publish,PREEMPT,22987.475994,22987.476279,0.285000
DDS_Publish,PREEMPT,22987.491017,22987.491165,0.148000
DDS_Publish,PREEMPT,22987.491210,22987.491354,0.144000
DDS_Publish,PREEMPT,22987.492983,22987.493086,0.103000
DDS_Publish,PREEMPT,22987.562668,22987.562673,0.005000
DDS_Publish,PREEMPT,22987.563663,22987.563675,0.012000
DDS_Publish,PREEMPT,22987.585595,22987.585599,0.004000
DDS_Publish,PREEMPT,22987.585601,22987.585714,0.113000
DDS_Publish,SLEEP,22987.585731,22987.763561,177.830000
DDS_Publish,PREEMPT,22987.777105,22987.777403,0.298000
DDS_Publish,PREEMPT,22987.783214,22987.783456,0.242000
DDS_Publish,PREEMPT,22987.798544,22987.798780,0.236000
DDS_Publish,PREEMPT,22987.885584,22987.885900,0.316000
DDS_Publish,PREEMPT,22987.943661,22987.943668,0.007000
DDS_Publish,PREEMPT,22988.007661,22988.007670,0.009000
DDS_Publish,PREEMPT,22988.081045,22988.081049,0.004000
DDS_Publish,PREEMPT,22988.081050,22988.081312,0.262000
DDS_Publish,SLEEP,22988.081331,22988.263564,182.233000
DDS_Publish,PREEMPT,22988.271503,22988.271530,0.027000
DDS_Publish,PREEMPT,22988.273659,22988.273664,0.005000
DDS_Publish,PREEMPT,22988.290659,22988.290665,0.006000
DDS_Publish,PREEMPT,22988.306818,22988.306896,0.078000
DDS_Publish,PREEMPT,22988.307224,22988.307454,0.230000
DDS_Publish,PREEMPT,22988.307836,22988.308070,0.234000
DDS_Publish,PREEMPT,22988.327363,22988.327592,0.229000
DDS_Publish,PREEMPT,22988.391657,22988.391665,0.008000
DDS_Publish,PREEMPT,22988.430909,22988.431185,0.276000
DDS_Publish,PREEMPT,22988.450511,22988.450794,0.283000
DDS_Publish,PREEMPT,22988.455663,22988.455675,0.012000
DDS_Publish,PREEMPT,22988.500022,22988.500316,0.294000
DDS_Publish,PREEMPT,22988.500883,22988.501114,0.231000
DDS_Publish,PREEMPT,22988.520476,22988.520772,0.296000
DDS_Publish,PREEMPT,22988.575655,22988.575670,0.015000
DDS_Publish,PREEMPT,22988.599548,22988.599552,0.004000
DDS_Publish,PREEMPT,22988.599554,22988.599674,0.120000
DDS_Publish,SLEEP,22988.599714,22988.763552,163.838000
DDS_Publish,PREEMPT,22988.807206,22988.807497,0.291000
DDS_Publish,PREEMPT,22988.808011,22988.808242,0.231000
DDS_Publish,PREEMPT,22988.827707,22988.827983,0.276000
DDS_Publish,PREEMPT,22988.967650,22988.967658,0.008000
DDS_Publish,PREEMPT,22988.992651,22988.992668,0.017000
DDS_Publish,PREEMPT,22989.045269,22989.045544,0.275000
DDS_Publish,PREEMPT,22989.064864,22989.065092,0.228000
DDS_Publish,PREEMPT,22989.087134,22989.087137,0.003000
DDS_Publish,PREEMPT,22989.087139,22989.087232,0.093000
DDS_Publish,SLEEP,22989.087244,22989.263545,176.301000
DDS_Publish,PREEMPT,22989.287648,22989.287657,0.009000
DDS_Publish,PREEMPT,22989.293648,22989.293659,0.011000
DDS_Publish,PREEMPT,22989.336646,22989.336658,0.012000
DDS_Publish,PREEMPT,22989.341642,22989.341651,0.009000
DDS_Publish,PREEMPT,22989.351642,22989.351650,0.008000
DDS_Publish,PREEMPT,22989.352513,22989.352754,0.241000
DDS_Publish,PREEMPT,22989.372111,22989.372403,0.292000
DDS_Publish,PREEMPT,22989.408648,22989.408662,0.014000
DDS_Publish,PREEMPT,22989.421612,22989.421864,0.252000
DDS_Publish,PREEMPT,22989.508646,22989.508662,0.016000
DDS_Publish,PREEMPT,22989.521265,22989.521508,0.243000
DDS_Publish,PREEMPT,22989.558645,22989.558658,0.013000
DDS_Publish,PREEMPT,22989.582551,22989.582555,0.004000
DDS_Publish,PREEMPT,22989.582557,22989.582655,0.098000
DDS_Publish,SLEEP,22989.582670,22989.763539,180.869000
DDS_Publish,PREEMPT,22989.808645,22989.808660,0.015000
DDS_Publish,PREEMPT,22989.831242,22989.831531,0.289000
DDS_Publish,PREEMPT,22989.832178,22989.832413,0.235000
DDS_Publish,PREEMPT,22989.834641,22989.834646,0.005000
DDS_Publish,PREEMPT,22989.835840,22989.836067,0.227000
DDS_Publish,PREEMPT,22989.836462,22989.836736,0.274000
DDS_Publish,PREEMPT,22989.837065,22989.837289,0.224000
DDS_Publish,PREEMPT,22989.869640,22989.869651,0.011000
DDS_Publish,PREEMPT,22989.870400,22989.870895,0.495000
DDS_Publish,PREEMPT,22989.891640,22989.891650,0.010000
DDS_Publish,PREEMPT,22989.891822,22989.892078,0.256000
DDS_Publish,PREEMPT,22989.892213,22989.892243,0.030000
DDS_Publish,PREEMPT,22989.893350,22989.893580,0.230000
DDS_Publish,PREEMPT,22989.908640,22989.908653,0.013000
DDS_Publish,PREEMPT,22989.910698,22989.910929,0.231000
DDS_Publish,PREEMPT,22989.927645,22989.927658,0.013000
DDS_Publish,PREEMPT,22989.974638,22989.974650,0.012000
DDS_Publish,PREEMPT,22989.991639,22989.991657,0.018000
DDS_Publish,PREEMPT,22990.036020,22990.036306,0.286000
DDS_Publish,PREEMPT,22990.036990,22990.037216,0.226000
DDS_Publish,PREEMPT,22990.042038,22990.042269,0.231000
DDS_Publish,PREEMPT,22990.042724,22990.042978,0.254000
DDS_Publish,PREEMPT,22990.076149,22990.076424,0.275000
DDS_Publish,PREEMPT,22990.088349,22990.088355,0.006000
DDS_Publish,PREEMPT,22990.088358,22990.088573,0.215000
DDS_Publish,SLEEP,22990.088600,22990.263536,174.936000
DDS_Publish,PREEMPT,22990.268375,22990.268651,0.276000
DDS_Publish,PREEMPT,22990.298114,22990.298214,0.100000
DDS_Publish,PREEMPT,22990.298272,22990.298349,0.077000
DDS_Publish,PREEMPT,22990.298521,22990.298801,0.280000
DDS_Publish,PREEMPT,22990.308644,22990.308661,0.017000
DDS_Publish,PREEMPT,22990.318734,22990.319052,0.318000
DDS_Publish,PREEMPT,22990.327637,22990.327643,0.006000
DDS_Publish,PREEMPT,22990.330631,22990.330643,0.012000
DDS_Publish,PREEMPT,22990.336632,22990.336639,0.007000
DDS_Publish,PREEMPT,22990.341633,22990.341643,0.010000
DDS_Publish,PREEMPT,22990.357631,22990.357639,0.008000
DDS_Publish,PREEMPT,22990.375633,22990.375640,0.007000
DDS_Publish,PREEMPT,22990.376449,22990.376681,0.232000
DDS_Publish,PREEMPT,22990.377069,22990.377298,0.229000
DDS_Publish,PREEMPT,22990.377633,22990.378179,0.546000
DDS_Publish,PREEMPT,22990.402631,22990.402643,0.012000
DDS_Publish,PREEMPT,22990.415774,22990.416004,0.230000
DDS_Publish,PREEMPT,22990.439636,22990.439647,0.011000
DDS_Publish,PREEMPT,22990.445648,22990.445937,0.289000
DDS_Publish,PREEMPT,22990.458635,22990.458652,0.017000
DDS_Publish,PREEMPT,22990.491635,22990.491649,0.014000
DDS_Publish,PREEMPT,22990.503630,22990.503636,0.006000
DDS_Publish,PREEMPT,22990.596701,22990.596705,0.004000
DDS_Publish,PREEMPT,22990.596707,22990.596828,0.121000
DDS_Publish,SLEEP,22990.596845,22990.763555,166.710000
DDS_Publish,PREEMPT,22990.792983,22990.793208,0.225000
DDS_Publish,PREEMPT,22990.913373,22990.913458,0.085000
DDS_Publish,PREEMPT,22990.913525,22990.913601,0.076000
DDS_Publish,PREEMPT,22990.913857,22990.914137,0.280000
DDS_Publish,PREEMPT,22990.914540,22990.914775,0.235000
DDS_Publish,PREEMPT,22990.934035,22990.934311,0.276000
DDS_Publish,PREEMPT,22990.955162,22990.955166,0.004000
DDS_Publish,PREEMPT,22990.990852,22990.991126,0.274000
DDS_Publish,PREEMPT,22990.991368,22990.991601,0.233000
DDS_Publish,PREEMPT,22990.991969,22990.992508,0.539000
DDS_Publish,PREEMPT,22991.030183,22991.030462,0.279000
DDS_Publish,PREEMPT,22991.060053,22991.060367,0.314000
DDS_Publish,PREEMPT,22991.135007,22991.135011,0.004000
DDS_Publish,PREEMPT,22991.135013,22991.135108,0.095000
DDS_Publish,SLEEP,22991.135128,22991.263551,128.423000
DDS_Publish,PREEMPT,22991.298095,22991.298376,0.281000
DDS_Publish,PREEMPT,22991.298647,22991.298899,0.252000
DDS_Publish,PREEMPT,22991.299209,22991.299968,0.759000
DDS_Publish,PREEMPT,22991.300551,22991.301968,1.417000
DDS_Publish,PREEMPT,22991.302090,22991.302297,0.207000
DDS_Publish,PREEMPT,22991.317883,22991.318164,0.281000
DDS_Publish,PREEMPT,22991.367261,22991.367573,0.312000
DDS_Publish,PREEMPT,22991.374559,22991.374840,0.281000
DDS_Publish,PREEMPT,22991.376121,22991.376354,0.233000
DDS_Publish,PREEMPT,22991.376709,22991.376936,0.227000
DDS_Publish,PREEMPT,22991.377156,22991.377390,0.234000
DDS_Publish,PREEMPT,22991.377395,22991.377920,0.525000
DDS_Publish,PREEMPT,22991.407407,22991.407688,0.281000
DDS_Publish,PREEMPT,22991.469667,22991.469958,0.291000
DDS_Publish,PREEMPT,22991.496263,22991.496417,0.154000
DDS_Publish,PREEMPT,22991.496464,22991.496593,0.129000
DDS_Publish,PREEMPT,22991.498227,22991.498329,0.102000
DDS_Publish,PREEMPT,22991.572056,22991.572348,0.292000
DDS_Publish,PREEMPT,22991.629742,22991.629746,0.004000
DDS_Publish,PREEMPT,22991.629748,22991.629845,0.097000
DDS_Publish,SLEEP,22991.629867,22991.763520,133.653000
DDS_Publish,PREEMPT,22991.789018,22991.789304,0.286000
DDS_Publish,PREEMPT,22991.912526,22991.912817,0.291000
DDS_Publish,PREEMPT,22991.913343,22991.913578,0.235000
DDS_Publish,PREEMPT,22991.932143,22991.932437,0.294000
DDS_Publish,PREEMPT,22991.981667,22991.981961,0.294000
DDS_Publish,PREEMPT,22992.084051,22992.084405,0.354000
DDS_Publish,PREEMPT,22992.107189,22992.107193,0.004000
DDS_Publish,PREEMPT,22992.107195,22992.107341,0.146000
DDS_Publish,SLEEP,22992.107362,22992.263511,156.149000
DDS_Publish,PREEMPT,22992.274614,22992.274629,0.015000
DDS_Publish,PREEMPT,22992.281539,22992.281755,0.216000
DDS_Publish,PREEMPT,22992.288853,22992.289094,0.241000
DDS_Publish,PREEMPT,22992.337162,22992.337260,0.098000
DDS_Publish,PREEMPT,22992.337333,22992.337400,0.067000
DDS_Publish,PREEMPT,22992.337531,22992.337798,0.267000
DDS_Publish,PREEMPT,22992.337973,22992.338242,0.269000
DDS_Publish,PREEMPT,22992.357944,22992.358225,0.281000
DDS_Publish,PREEMPT,22992.391264,22992.391556,0.292000
DDS_Publish,PREEMPT,22992.392984,22992.393213,0.229000
DDS_Publish,PREEMPT,22992.404423,22992.405012,0.589000
DDS_Publish,PREEMPT,22992.410612,22992.410617,0.005000
DDS_Publish,PREEMPT,22992.412608,22992.412610,0.002000
DDS_Publish,PREEMPT,22992.423610,22992.423619,0.009000
DDS_Publish,PREEMPT,22992.431413,22992.431643,0.230000
DDS_Publish,PREEMPT,22992.433610,22992.433613,0.003000
DDS_Publish,PREEMPT,22992.472610,22992.472615,0.005000
DDS_Publish,PREEMPT,22992.487611,22992.487617,0.006000
DDS_Publish,PREEMPT,22992.490608,22992.490621,0.013000
DDS_Publish,PREEMPT,22992.506609,22992.506619,0.010000
DDS_Publish,PREEMPT,22992.540610,22992.540614,0.004000
DDS_Publish,PREEMPT,22992.563690,22992.563700,0.010000
DDS_Publish,PREEMPT,22992.592307,22992.592310,0.003000
DDS_Publish,PREEMPT,22992.592313,22992.592408,0.095000
DDS_Publish,SLEEP,22992.592420,22992.763532,171.112000
DDS_Publish,PREEMPT,22992.936480,22992.936759,0.279000
DDS_Publish,PREEMPT,22992.936995,22992.937241,0.246000
DDS_Publish,PREEMPT,22992.956139,22992.956415,0.276000
DDS_Publish,PREEMPT,22993.005690,22993.005982,0.292000
DDS_Publish,PREEMPT,22993.109225,22993.109517,0.292000
DDS_Publish,PREEMPT,22993.112970,22993.112973,0.003000
DDS_Publish,PREEMPT,22993.112975,22993.113073,0.098000
DDS_Publish,SLEEP,22993.113092,22993.263513,150.421000
DDS_Publish,PREEMPT,22993.312884,22993.313195,0.311000
DDS_Publish,PREEMPT,22993.415273,22993.415566,0.293000
DDS_Publish,PREEMPT,22993.613050,22993.613055,0.005000
DDS_Publish,PREEMPT,22993.613057,22993.613150,0.093000
DDS_Publish,SLEEP,22993.613165,22993.763493,150.328000
DDS_Publish,PREEMPT,22993.763696,22993.763983,0.287000
DDS_Publish,PREEMPT,22993.801771,22993.802047,0.276000
DDS_Publish,PREEMPT,22993.824882,22993.825172,0.290000
DDS_Publish,PREEMPT,22993.927314,22993.927612,0.298000
DDS_Publish,PREEMPT,22994.029699,22994.029990,0.291000
DDS_Publish,PREEMPT,22994.090700,22994.090704,0.004000
DDS_Publish,PREEMPT,22994.090706,22994.090802,0.096000
DDS_Publish,SLEEP,22994.090815,22994.263489,172.674000
DDS_Publish,PREEMPT,22994.276875,22994.277101,0.226000
DDS_Publish,PREEMPT,22994.279588,22994.279595,0.007000
DDS_Publish,PREEMPT,22994.297589,22994.297593,0.004000
DDS_Publish,PREEMPT,22994.336913,22994.337257,0.344000
DDS_Publish,PREEMPT,22994.407589,22994.407599,0.010000
DDS_Publish,PREEMPT,22994.471595,22994.471608,0.013000
DDS_Publish,PREEMPT,22994.572224,22994.572505,0.281000
DDS_Publish,PREEMPT,22994.572689,22994.572959,0.270000
DDS_Publish,PREEMPT,22994.591864,22994.592137,0.273000
DDS_Publish,PREEMPT,22994.608479,22994.608484,0.005000
DDS_Publish,PREEMPT,22994.608486,22994.608617,0.131000
DDS_Publish,SLEEP,22994.608641,22994.763483,154.842000
DDS_Publish,PREEMPT,22994.835582,22994.835596,0.014000
DDS_Publish,PREEMPT,22994.839580,22994.839587,0.007000
DDS_Publish,PREEMPT,22994.852579,22994.852586,0.007000
DDS_Publish,PREEMPT,22994.882284,22994.882514,0.230000
DDS_Publish,PREEMPT,22994.882997,22994.883228,0.231000
DDS_Publish,PREEMPT,22994.901917,22994.902194,0.277000
DDS_Publish,PREEMPT,22994.955115,22994.955118,0.003000
DDS_Publish,PREEMPT,22995.052582,22995.052597,0.015000
DDS_Publish,PREEMPT,22995.085474,22995.085478,0.004000
DDS_Publish,PREEMPT,22995.085480,22995.085584,0.104000
DDS_Publish,SLEEP,22995.085595,22995.263477,177.882000
DDS_Publish,PREEMPT,22995.281546,22995.281826,0.280000
DDS_Publish,PREEMPT,22995.291769,22995.291998,0.229000
DDS_Publish,PREEMPT,22995.303580,22995.303590,0.010000
DDS_Publish,PREEMPT,22995.311418,22995.311660,0.242000
DDS_Publish,PREEMPT,22995.360913,22995.361213,0.300000
DDS_Publish,PREEMPT,22995.361787,22995.362043,0.256000
DDS_Publish,PREEMPT,22995.367579,22995.367590,0.011000
DDS_Publish,PREEMPT,22995.374578,22995.374583,0.005000
DDS_Publish,PREEMPT,22995.406662,22995.406666,0.004000
DDS_Publish,PREEMPT,22995.435577,22995.435591,0.014000
DDS_Publish,PREEMPT,22995.456576,22995.456584,0.008000
DDS_Publish,PREEMPT,22995.485576,22995.485586,0.010000
DDS_Publish,PREEMPT,22995.500921,22995.501069,0.148000
DDS_Publish,PREEMPT,22995.501114,22995.501242,0.128000
DDS_Publish,PREEMPT,22995.502887,22995.502990,0.103000
DDS_Publish,PREEMPT,22995.504576,22995.504579,0.003000
DDS_Publish,PREEMPT,22995.580605,22995.580608,0.003000
DDS_Publish,PREEMPT,22995.580610,22995.580703,0.093000
DDS_Publish,SLEEP,22995.580714,22995.763473,182.759000
DDS_Publish,PREEMPT,22995.789578,22995.789593,0.015000
DDS_Publish,PREEMPT,22995.801570,22995.801573,0.003000
DDS_Publish,PREEMPT,22995.804371,22995.804424,0.053000
DDS_Publish,PREEMPT,22995.822188,22995.822222,0.034000
DDS_Publish,PREEMPT,22995.871573,22995.871577,0.004000
DDS_Publish,PREEMPT,22995.913580,22995.913598,0.018000
DDS_Publish,PREEMPT,22995.924621,22995.924654,0.033000
DDS_Publish,PREEMPT,22995.943569,22995.943576,0.007000
DDS_Publish,PREEMPT,22995.975287,22995.975341,0.054000
DDS_Publish,PREEMPT,22996.007571,22996.007579,0.008000
DDS_Publish,PREEMPT,22996.022568,22996.022582,0.014000
DDS_Publish,PREEMPT,22996.027042,22996.027076,0.034000
DDS_Publish,PREEMPT,22996.076917,22996.076921,0.004000
DDS_Publish,PREEMPT,22996.076923,22996.077017,0.094000
DDS_Publish,SLEEP,22996.077028,22996.263470,186.442000
DDS_Publish,PREEMPT,22996.263571,22996.263588,0.017000
DDS_Publish,PREEMPT,22996.282500,22996.282587,0.087000
DDS_Publish,PREEMPT,22996.287570,22996.287576,0.006000
DDS_Publish,PREEMPT,22996.334355,22996.334393,0.038000
DDS_Publish,PREEMPT,22996.391570,22996.391580,0.010000
DDS_Publish,PREEMPT,22996.436806,22996.436844,0.038000
DDS_Publish,PREEMPT,22996.455567,22996.455577,0.010000
DDS_Publish,PREEMPT,22996.484954,22996.484992,0.038000
DDS_Publish,PREEMPT,22996.527568,22996.527573,0.005000
DDS_Publish,PREEMPT,22996.539219,22996.539253,0.034000
DDS_Publish,PREEMPT,22996.589690,22996.589745,0.055000
DDS_Publish,PREEMPT,22996.591563,22996.591578,0.015000
DDS_Publish,PREEMPT,22996.605882,22996.605886,0.004000
DDS_Publish,PREEMPT,22996.605887,22996.605989,0.102000
DDS_Publish,SLEEP,22996.606002,22996.763461,157.459000
DDS_Publish,PREEMPT,22996.764431,22996.764475,0.044000
DDS_Publish,PREEMPT,22996.764487,22996.764516,0.029000
DDS_Publish,PREEMPT,22996.766952,22996.766989,0.037000
DDS_Publish,PREEMPT,22996.773023,22996.773060,0.037000
DDS_Publish,PREEMPT,22996.794488,22996.794545,0.057000
DDS_Publish,PREEMPT,22996.846547,22996.846581,0.034000
DDS_Publish,PREEMPT,22996.948957,22996.948990,0.033000
DDS_Publish,PREEMPT,22997.051418,22997.051456,0.038000
DDS_Publish,PREEMPT,22997.078507,22997.078511,0.004000
DDS_Publish,PREEMPT,22997.078513,22997.078608,0.095000
DDS_Publish,SLEEP,22997.078621,22997.263490,184.869000
DDS_Publish,PREEMPT,22997.287557,22997.287566,0.009000
DDS_Publish,PREEMPT,22997.351556,22997.351564,0.008000
DDS_Publish,PREEMPT,22997.358685,22997.358720,0.035000
DDS_Publish,PREEMPT,22997.408902,22997.408959,0.057000
DDS_Publish,PREEMPT,22997.426379,22997.426618,0.239000
DDS_Publish,PREEMPT,22997.461140,22997.461178,0.038000
DDS_Publish,PREEMPT,22997.494558,22997.494575,0.017000
DDS_Publish,PREEMPT,22997.528556,22997.528576,0.020000
DDS_Publish,PREEMPT,22997.563554,22997.563600,0.046000
DDS_Publish,PREEMPT,22997.581561,22997.581565,0.004000
DDS_Publish,PREEMPT,22997.581568,22997.581675,0.107000
DDS_Publish,SLEEP,22997.581688,22997.763453,181.765000
DDS_Publish,PREEMPT,22997.768428,22997.768462,0.034000
DDS_Publish,PREEMPT,22997.870826,22997.870864,0.038000
DDS_Publish,PREEMPT,22997.927553,22997.927560,0.007000
DDS_Publish,PREEMPT,22997.972282,22997.972320,0.038000
DDS_Publish,PREEMPT,22997.991550,22997.991558,0.008000
DDS_Publish,PREEMPT,22998.023296,22998.023355,0.059000
DDS_Publish,PREEMPT,22998.032550,22998.032563,0.013000
DDS_Publish,PREEMPT,22998.074725,22998.074758,0.033000
DDS_Publish,PREEMPT,22998.079986,22998.079990,0.004000
DDS_Publish,PREEMPT,22998.079992,22998.080090,0.098000
DDS_Publish,SLEEP,22998.080102,22998.263445,183.343000
DDS_Publish,PREEMPT,22998.279535,22998.279569,0.034000
DDS_Publish,PREEMPT,22998.330509,22998.330569,0.060000
DDS_Publish,PREEMPT,22998.375551,22998.375562,0.011000
DDS_Publish,PREEMPT,22998.381963,22998.381997,0.034000
DDS_Publish,PREEMPT,22998.432909,22998.432978,0.069000
DDS_Publish,PREEMPT,22998.433817,22998.433883,0.066000
DDS_Publish,PREEMPT,22998.439551,22998.439561,0.010000
DDS_Publish,PREEMPT,22998.484377,22998.484416,0.039000
DDS_Publish,PREEMPT,22998.532989,22998.533028,0.039000
DDS_Publish,PREEMPT,22998.586825,22998.586863,0.038000
DDS_Publish,PREEMPT,22998.611609,22998.611613,0.004000
DDS_Publish,PREEMPT,22998.611616,22998.611723,0.107000
DDS_Publish,SLEEP,22998.611747,22998.763440,151.693000
DDS_Publish,PREEMPT,22998.791696,22998.791730,0.034000
DDS_Publish,PREEMPT,22998.840201,22998.840278,0.077000
DDS_Publish,PREEMPT,22998.840493,22998.840524,0.031000
DDS_Publish,PREEMPT,22998.840554,22998.840581,0.027000
DDS_Publish,PREEMPT,22998.843458,22998.843495,0.037000
DDS_Publish,PREEMPT,22998.854544,22998.854550,0.006000
DDS_Publish,PREEMPT,22998.856537,22998.856540,0.003000
DDS_Publish,PREEMPT,22998.865375,22998.865415,0.040000
DDS_Publish,PREEMPT,22998.865476,22998.865608,0.132000
DDS_Publish,PREEMPT,22998.865627,22998.865660,0.033000
DDS_Publish,PREEMPT,22998.865966,22998.866002,0.036000
DDS_Publish,PREEMPT,22998.894070,22998.894104,0.034000
DDS_Publish,PREEMPT,22998.955070,22998.955072,0.002000
DDS_Publish,PREEMPT,22998.996515,22998.996548,0.033000
DDS_Publish,PREEMPT,22999.014537,22999.014550,0.013000
DDS_Publish,PREEMPT,22999.047337,22999.047389,0.052000
DDS_Publish,PREEMPT,22999.076937,22999.076941,0.004000
DDS_Publish,PREEMPT,22999.076943,22999.077048,0.105000
DDS_Publish,SLEEP,22999.077063,22999.263437,186.374000
DDS_Publish,PREEMPT,22999.271537,22999.271546,0.009000
DDS_Publish,PREEMPT,22999.303802,22999.303836,0.034000
DDS_Publish,PREEMPT,22999.315537,22999.315554,0.017000
DDS_Publish,PREEMPT,22999.354535,22999.354602,0.067000
DDS_Publish,PREEMPT,22999.399538,22999.399549,0.011000
DDS_Publish,PREEMPT,22999.406206,22999.406240,0.034000
DDS_Publish,PREEMPT,22999.457836,22999.457915,0.079000
DDS_Publish,PREEMPT,22999.504814,22999.504920,0.106000
DDS_Publish,PREEMPT,22999.504963,22999.505056,0.093000
DDS_Publish,PREEMPT,22999.506782,22999.506868,0.086000
DDS_Publish,PREEMPT,22999.508633,22999.508668,0.035000
DDS_Publish,PREEMPT,22999.559353,22999.559410,0.057000
DDS_Publish,PREEMPT,22999.585247,22999.585251,0.004000
DDS_Publish,PREEMPT,22999.585253,22999.585349,0.096000
DDS_Publish,SLEEP,22999.585366,22999.763428,178.062000
DDS_Publish,PREEMPT,22999.764218,22999.764503,0.285000
DDS_Publish,PREEMPT,22999.798646,22999.798921,0.275000
DDS_Publish,PREEMPT,22999.819531,22999.819545,0.014000
DDS_Publish,PREEMPT,22999.911528,22999.911538,0.010000
DDS_Publish,PREEMPT,22999.968996,22999.969288,0.292000
DDS_Publish,PREEMPT,22999.975527,22999.975535,0.008000
DDS_Publish,PREEMPT,23000.071441,23000.071751,0.310000
DDS_Publish,PREEMPT,23000.080297,23000.080301,0.004000
DDS_Publish,PREEMPT,23000.080302,23000.080398,0.096000
DDS_Publish,SLEEP,23000.080410,23000.263425,183.015000
DDS_Publish,PREEMPT,23000.276200,23000.276492,0.292000
DDS_Publish,PREEMPT,23000.295524,23000.295535,0.011000
DDS_Publish,PREEMPT,23000.299523,23000.299526,0.003000
DDS_Publish,PREEMPT,23000.378611,23000.378903,0.292000
DDS_Publish,PREEMPT,23000.423521,23000.423532,0.011000
DDS_Publish,PREEMPT,23000.481956,23000.482264,0.308000
DDS_Publish,PREEMPT,23000.487525,23000.487533,0.008000
DDS_Publish,PREEMPT,23000.487660,23000.487736,0.076000
DDS_Publish,PREEMPT,23000.488059,23000.488289,0.230000
DDS_Publish,PREEMPT,23000.488664,23000.488958,0.294000
DDS_Publish,PREEMPT,23000.508306,23000.508537,0.231000
DDS_Publish,PREEMPT,23000.525246,23000.525257,0.011000
DDS_Publish,PREEMPT,23000.525771,23000.525775,0.004000
DDS_Publish,PREEMPT,23000.579376,23000.579380,0.004000
DDS_Publish,PREEMPT,23000.579382,23000.579484,0.102000
DDS_Publish,SLEEP,23000.579499,23000.763422,183.923000
DDS_Publish,PREEMPT,23000.923835,23000.924119,0.284000
DDS_Publish,PREEMPT,23000.924553,23000.924796,0.243000
DDS_Publish,PREEMPT,23000.943477,23000.943765,0.288000
DDS_Publish,PREEMPT,23000.993027,23000.993320,0.293000
DDS_Publish,PREEMPT,23000.999654,23000.999731,0.077000
DDS_Publish,PREEMPT,23001.000076,23001.000303,0.227000
DDS_Publish,PREEMPT,23001.002517,23001.002523,0.006000
DDS_Publish,PREEMPT,23001.037110,23001.037344,0.234000
DDS_Publish,PREEMPT,23001.038382,23001.038924,0.542000
DDS_Publish,PREEMPT,23001.067916,23001.067988,0.072000
DDS_Publish,PREEMPT,23001.068338,23001.068568,0.230000
DDS_Publish,PREEMPT,23001.088513,23001.088741,0.228000
DDS_Publish,PREEMPT,23001.101187,23001.101192,0.005000
DDS_Publish,PREEMPT,23001.101193,23001.101294,0.101000
DDS_Publish,SLEEP,23001.101310,23001.263412,162.102000
DDS_Publish,PREEMPT,23001.270334,23001.270565,0.231000
DDS_Publish,PREEMPT,23001.300217,23001.300512,0.295000
DDS_Publish,PREEMPT,23001.319520,23001.319529,0.009000
DDS_Publish,PREEMPT,23001.383513,23001.383523,0.010000
DDS_Publish,PREEMPT,23001.538266,23001.538538,0.272000
DDS_Publish,PREEMPT,23001.538714,23001.538990,0.276000
DDS_Publish,PREEMPT,23001.557898,23001.558121,0.223000
DDS_Publish,PREEMPT,23001.575511,23001.575520,0.009000
DDS_Publish,PREEMPT,23001.577666,23001.577669,0.003000
DDS_Publish,PREEMPT,23001.577671,23001.577792,0.121000
DDS_Publish,SLEEP,23001.577804,23001.763409,185.605000
DDS_Publish,PREEMPT,23001.947892,23001.948168,0.276000
DDS_Publish,PREEMPT,23001.948451,23001.948686,0.235000
DDS_Publish,PREEMPT,23001.949073,23001.950514,1.441000
DDS_Publish,PREEMPT,23001.950743,23001.950977,0.234000
DDS_Publish,PREEMPT,23001.951060,23001.951327,0.267000
DDS_Publish,PREEMPT,23001.959513,23001.959525,0.012000
DDS_Publish,PREEMPT,23001.967609,23001.967887,0.278000
DDS_Publish,PREEMPT,23001.967890,23001.968095,0.205000
DDS_Publish,PREEMPT,23002.017032,23002.017275,0.243000
DDS_Publish,PREEMPT,23002.017954,23002.018184,0.230000
DDS_Publish,PREEMPT,23002.023505,23002.023513,0.008000
DDS_Publish,PREEMPT,23002.023626,23002.023699,0.073000
DDS_Publish,PREEMPT,23002.024002,23002.024232,0.230000
DDS_Publish,PREEMPT,23002.037494,23002.037723,0.229000
DDS_Publish,PREEMPT,23002.084950,23002.084954,0.004000
DDS_Publish,PREEMPT,23002.084956,23002.085064,0.108000
DDS_Publish,SLEEP,23002.085078,23002.263403,178.325000
DDS_Publish,PREEMPT,23002.279504,23002.279513,0.009000
DDS_Publish,PREEMPT,23002.324230,23002.324523,0.293000
DDS_Publish,PREEMPT,23002.325146,23002.325375,0.229000
DDS_Publish,PREEMPT,23002.325839,23002.326071,0.232000
DDS_Publish,PREEMPT,23002.328462,23002.329223,0.761000
DDS_Publish,PREEMPT,23002.329713,23002.330161,0.448000
DDS_Publish,PREEMPT,23002.330772,23002.331931,1.159000
DDS_Publish,PREEMPT,23002.332004,23002.332077,0.073000
DDS_Publish,PREEMPT,23002.332084,23002.332353,0.269000
DDS_Publish,PREEMPT,23002.332387,23002.332660,0.273000
DDS_Publish,PREEMPT,23002.344701,23002.344971,0.270000
DDS_Publish,PREEMPT,23002.407501,23002.407513,0.012000
DDS_Publish,PREEMPT,23002.447502,23002.447506,0.004000
DDS_Publish,PREEMPT,23002.471501,23002.471509,0.008000
DDS_Publish,PREEMPT,23002.535526,23002.535534,0.008000
DDS_Publish,PREEMPT,23002.535640,23002.535713,0.073000
DDS_Publish,PREEMPT,23002.536042,23002.536321,0.279000
DDS_Publish,PREEMPT,23002.539721,23002.540258,0.537000
DDS_Publish,PREEMPT,23002.540441,23002.540669,0.228000
DDS_Publish,PREEMPT,23002.556248,23002.556477,0.229000
DDS_Publish,PREEMPT,23002.562278,23002.562510,0.232000
DDS_Publish,PREEMPT,23002.579100,23002.579328,0.228000
DDS_Publish,PREEMPT,23002.579729,23002.580272,0.543000
DDS_Publish,PREEMPT,23002.589331,23002.589336,0.005000
DDS_Publish,PREEMPT,23002.589338,23002.589438,0.100000
DDS_Publish,SLEEP,23002.589455,23002.763396,173.941000
DDS_Publish,PREEMPT,23002.775631,23002.775859,0.228000
DDS_Publish,PREEMPT,23002.798606,23002.798835,0.229000
DDS_Publish,PREEMPT,23002.869596,23002.869866,0.270000
DDS_Publish,PREEMPT,23002.889120,23002.889349,0.229000
DDS_Publish,PREEMPT,23002.938657,23002.938980,0.323000
DDS_Publish,PREEMPT,23002.955031,23002.955035,0.004000
DDS_Publish,PREEMPT,23003.041066,23003.041364,0.298000
DDS_Publish,PREEMPT,23003.097819,23003.097823,0.004000
DDS_Publish,PREEMPT,23003.097825,23003.097924,0.099000
DDS_Publish,SLEEP,23003.097937,23003.263392,165.455000
DDS_Publish,PREEMPT,23003.303494,23003.303507,0.013000
DDS_Publish,PREEMPT,23003.348267,23003.348562,0.295000
DDS_Publish,PREEMPT,23003.367493,23003.367504,0.011000
DDS_Publish,PREEMPT,23003.423492,23003.423498,0.006000
DDS_Publish,PREEMPT,23003.448491,23003.448496,0.005000
DDS_Publish,PREEMPT,23003.450661,23003.450902,0.241000
DDS_Publish,PREEMPT,23003.509068,23003.509218,0.150000
DDS_Publish,PREEMPT,23003.509263,23003.509393,0.130000
DDS_Publish,PREEMPT,23003.511036,23003.511138,0.102000
DDS_Publish,PREEMPT,23003.559493,23003.559499,0.006000
DDS_Publish,PREEMPT,23003.581504,23003.581508,0.004000
DDS_Publish,PREEMPT,23003.581510,23003.581610,0.100000
DDS_Publish,SLEEP,23003.581629,23003.763399,181.770000
DDS_Publish,PREEMPT,23003.778919,23003.779169,0.250000
DDS_Publish,PREEMPT,23003.782303,23003.782779,0.476000
DDS_Publish,PREEMPT,23003.782928,23003.783217,0.289000
DDS_Publish,PREEMPT,23003.783223,23003.783746,0.523000
DDS_Publish,PREEMPT,23003.783800,23003.784072,0.272000
DDS_Publish,PREEMPT,23003.786809,23003.787255,0.446000
DDS_Publish,PREEMPT,23003.787266,23003.787337,0.071000
DDS_Publish,PREEMPT,23003.787658,23003.787887,0.229000
DDS_Publish,PREEMPT,23003.795935,23003.796216,0.281000
DDS_Publish,PREEMPT,23003.804909,23003.805464,0.555000
DDS_Publish,PREEMPT,23003.805622,23003.805851,0.229000
DDS_Publish,PREEMPT,23003.806835,23003.807065,0.230000
DDS_Publish,PREEMPT,23003.807072,23003.807343,0.271000
DDS_Publish,PREEMPT,23003.807510,23003.807764,0.254000
DDS_Publish,PREEMPT,23003.807774,23003.807849,0.075000
DDS_Publish,PREEMPT,23003.807921,23003.807997,0.076000
DDS_Publish,PREEMPT,23003.808150,23003.808411,0.261000
DDS_Publish,PREEMPT,23003.817654,23003.817936,0.282000
DDS_Publish,PREEMPT,23003.907585,23003.907599,0.014000
DDS_Publish,PREEMPT,23003.943486,23003.943493,0.007000
DDS_Publish,PREEMPT,23003.963721,23003.964013,0.292000
DDS_Publish,PREEMPT,23004.007489,23004.007500,0.011000
DDS_Publish,PREEMPT,23004.020273,23004.020353,0.080000
DDS_Publish,PREEMPT,23004.020419,23004.020445,0.026000
DDS_Publish,PREEMPT,23004.020722,23004.020949,0.227000
DDS_Publish,PREEMPT,23004.021992,23004.022526,0.534000
DDS_Publish,PREEMPT,23004.023058,23004.023336,0.278000
DDS_Publish,PREEMPT,23004.023630,23004.023858,0.228000
DDS_Publish,PREEMPT,23004.037720,23004.038235,0.515000
DDS_Publish,PREEMPT,23004.060588,23004.060813,0.225000
DDS_Publish,PREEMPT,23004.065049,23004.065287,0.238000
DDS_Publish,PREEMPT,23004.093006,23004.093010,0.004000
DDS_Publish,PREEMPT,23004.093012,23004.093115,0.103000
DDS_Publish,SLEEP,23004.093129,23004.263380,170.251000
DDS_Publish,PREEMPT,23004.263482,23004.263492,0.010000
DDS_Publish,PREEMPT,23004.323482,23004.323496,0.014000
DDS_Publish,PREEMPT,23004.327477,23004.327483,0.006000
DDS_Publish,PREEMPT,23004.391480,23004.391488,0.008000
DDS_Publish,PREEMPT,23004.405513,23004.405782,0.269000
DDS_Publish,PREEMPT,23004.406184,23004.406416,0.232000
DDS_Publish,PREEMPT,23004.406480,23004.406483,0.003000
DDS_Publish,PREEMPT,23004.406998,23004.407529,0.531000
DDS_Publish,PREEMPT,23004.444831,23004.445061,0.230000
DDS_Publish,PREEMPT,23004.455478,23004.455486,0.008000
DDS_Publish,PREEMPT,23004.474658,23004.474952,0.294000
DDS_Publish,PREEMPT,23004.579155,23004.579160,0.005000
DDS_Publish,PREEMPT,23004.579162,23004.579281,0.119000
DDS_Publish,SLEEP,23004.579297,23004.763378,184.081000
DDS_Publish,PREEMPT,23004.781888,23004.782180,0.292000
DDS_Publish,PREEMPT,23004.903484,23004.903491,0.007000
DDS_Publish,PREEMPT,23005.019975,23005.020253,0.278000
DDS_Publish,PREEMPT,23005.020668,23005.020903,0.235000
DDS_Publish,PREEMPT,23005.039577,23005.039797,0.220000
DDS_Publish,PREEMPT,23005.088886,23005.088890,0.004000
DDS_Publish,PREEMPT,23005.088892,23005.089005,0.113000
DDS_Publish,SLEEP,23005.089017,23005.263372,174.355000
DDS_Publish,PREEMPT,23005.287473,23005.287486,0.013000
DDS_Publish,PREEMPT,23005.293882,23005.294178,0.296000
DDS_Publish,PREEMPT,23005.294719,23005.294949,0.230000
DDS_Publish,PREEMPT,23005.295261,23005.295496,0.235000
DDS_Publish,PREEMPT,23005.298201,23005.298456,0.255000
DDS_Publish,PREEMPT,23005.334029,23005.334300,0.271000
DDS_Publish,PREEMPT,23005.371477,23005.371483,0.006000
DDS_Publish,PREEMPT,23005.373468,23005.373471,0.003000
DDS_Publish,PREEMPT,23005.376468,23005.376471,0.003000
DDS_Publish,PREEMPT,23005.378466,23005.378468,0.002000
DDS_Publish,PREEMPT,23005.415468,23005.415478,0.010000
DDS_Publish,PREEMPT,23005.495473,23005.495478,0.005000
DDS_Publish,PREEMPT,23005.497466,23005.497468,0.002000
DDS_Publish,PREEMPT,23005.531914,23005.532194,0.280000
DDS_Publish,PREEMPT,23005.532708,23005.532943,0.235000
DDS_Publish,PREEMPT,23005.551579,23005.551806,0.227000
DDS_Publish,PREEMPT,23005.576968,23005.576972,0.004000
DDS_Publish,PREEMPT,23005.576973,23005.577077,0.104000
DDS_Publish,SLEEP,23005.577089,23005.763365,186.276000
DDS_Publish,PREEMPT,23005.775229,23005.775263,0.034000
DDS_Publish,PREEMPT,23005.794892,23005.794968,0.076000
DDS_Publish,PREEMPT,23005.795087,23005.795116,0.029000
DDS_Publish,PREEMPT,23005.795473,23005.795509,0.036000
DDS_Publish,PREEMPT,23005.811936,23005.811999,0.063000
DDS_Publish,PREEMPT,23005.826538,23005.826551,0.013000
DDS_Publish,PREEMPT,23005.857840,23005.857874,0.034000
DDS_Publish,PREEMPT,23005.908269,23005.908325,0.056000
DDS_Publish,PREEMPT,23005.927464,23005.927472,0.008000
DDS_Publish,PREEMPT,23005.960291,23005.960325,0.034000
DDS_Publish,PREEMPT,23005.991466,23005.991474,0.008000
DDS_Publish,PREEMPT,23006.010663,23006.010718,0.055000
DDS_Publish,PREEMPT,23006.062736,23006.062769,0.033000
DDS_Publish,PREEMPT,23006.078294,23006.078298,0.004000
DDS_Publish,PREEMPT,23006.078299,23006.078392,0.093000
DDS_Publish,SLEEP,23006.078404,23006.263361,184.957000
DDS_Publish,PREEMPT,23006.267596,23006.267630,0.034000
DDS_Publish,PREEMPT,23006.311461,23006.311468,0.007000
DDS_Publish,PREEMPT,23006.326459,23006.326461,0.002000
DDS_Publish,PREEMPT,23006.370066,23006.370100,0.034000
DDS_Publish,PREEMPT,23006.375533,23006.375540,0.007000
DDS_Publish,PREEMPT,23006.439459,23006.439470,0.011000
DDS_Publish,PREEMPT,23006.472477,23006.472512,0.035000
DDS_Publish,PREEMPT,23006.509461,23006.509476,0.015000
DDS_Publish,PREEMPT,23006.522644,23006.522701,0.057000
DDS_Publish,PREEMPT,23006.574935,23006.574969,0.034000
DDS_Publish,PREEMPT,23006.576983,23006.576986,0.003000
DDS_Publish,PREEMPT,23006.576988,23006.577079,0.091000
DDS_Publish,SLEEP,23006.577091,23006.763355,186.264000
DDS_Publish,PREEMPT,23006.779807,23006.779841,0.034000
DDS_Publish,PREEMPT,23006.829869,23006.829921,0.052000
DDS_Publish,PREEMPT,23006.881281,23006.881315,0.034000
DDS_Publish,PREEMPT,23006.887456,23006.887466,0.010000
DDS_Publish,PREEMPT,23006.932281,23006.932338,0.057000
DDS_Publish,PREEMPT,23006.951456,23006.951468,0.012000
DDS_Publish,PREEMPT,23006.954986,23006.954987,0.001000
DDS_Publish,PREEMPT,23006.963454,23006.963470,0.016000
DDS_Publish,PREEMPT,23006.983700,23006.983734,0.034000
DDS_Publish,PREEMPT,23007.015457,23007.015465,0.008000
DDS_Publish,PREEMPT,23007.034683,23007.034736,0.053000
DDS_Publish,PREEMPT,23007.077101,23007.077105,0.004000
DDS_Publish,PREEMPT,23007.077107,23007.077209,0.102000
DDS_Publish,SLEEP,23007.077224,23007.086010,8.786000
DDS_Publish,MARKER_PERIOD_START_DDS_Publish,22972.263776,22972.263776,0.0
DDS_Publish,MARKER_FUNCTION_START_DDS_Publish,22972.263778,22972.263778,0.0
DDS_Publish,MARKER_FUNCTION_END_DDS_Publish,22972.617061,22972.617061,0.0
DDS_Publish,MARKER_SLEEP_START_DDS_Publish,22972.617074,22972.617074,0.0
DDS_Publish,MARKER_PERIOD_END_DDS_Publish,22972.763756,22972.763756,0.0
DDS_Publish,MARKER_PERIOD_START_DDS_Publish,22972.763757,22972.763757,0.0
DDS_Publish,MARKER_FUNCTION_START_DDS_Publish,22972.763757,22972.763757,0.0
DDS_Publish,MARKER_FUNCTION_END_DDS_Publish,22973.089713,22973.089713,0.0
DDS_Publish,MARKER_SLEEP_START_DDS_Publish,22973.089724,22973.089724,0.0
DDS_Publish,MARKER_PERIOD_END_DDS_Publish,22973.263750,22973.263750,0.0
DDS_Publish,MARKER_PERIOD_START_DDS_Publish,22973.263751,22973.263751,0.0
DDS_Publish,MARKER_FUNCTION_START_DDS_Publish,22973.263752,22973.263752,0.0
DDS_Publish,MARKER_FUNCTION_END_DDS_Publish,22973.585923,22973.585923,0.0
DDS_Publish,MARKER_SLEEP_START_DDS_Publish,22973.585932,22973.585932,0.0
DDS_Publish,MARKER_PERIOD_END_DDS_Publish,22973.763742,22973.763742,0.0
DDS_Publish,MARKER_PERIOD_START_DDS_Publish,22973.763743,22973.763743,0.0
DDS_Publish,MARKER_FUNCTION_START_DDS_Publish,22973.763744,22973.763744,0.0
DDS_Publish,MARKER_FUNCTION_END_DDS_Publish,22974.082843,22974.082843,0.0
DDS_Publish,MARKER_SLEEP_START_DDS_Publish,22974.082850,22974.082850,0.0
DDS_Publish,MARKER_PERIOD_END_DDS_Publish,22974.263734,22974.263734,0.0
DDS_Publish,MARKER_PERIOD_START_DDS_Publish,22974.263735,22974.263735,0.0
DDS_Publish,MARKER_FUNCTION_START_DDS_Publish,22974.263736,22974.263736,0.0
DDS_Publish,MARKER_FUNCTION_END_DDS_Publish,22974.585262,22974.585262,0.0
DDS_Publish,MARKER_SLEEP_START_DDS_Publish,22974.585272,22974.585272,0.0
DDS_Publish,MARKER_PERIOD_END_DDS_Publish,22974.763732,22974.763732,0.0
DDS_Publish,MARKER_PERIOD_START_DDS_Publish,22974.763733,22974.763733,0.0
DDS_Publish,MARKER_FUNCTION_START_DDS_Publish,22974.763734,22974.763734,0.0
DDS_Publish,MARKER_FUNCTION_END_DDS_Publish,22975.084566,22975.084566,0.0
DDS_Publish,MARKER_SLEEP_START_DDS_Publish,22975.084576,22975.084576,0.0
DDS_Publish,MARKER_PERIOD_END_DDS_Publish,22975.263724,22975.263724,0.0
DDS_Publish,MARKER_PERIOD_START_DDS_Publish,22975.263726,22975.263726,0.0
DDS_Publish,MARKER_FUNCTION_START_DDS_Publish,22975.263726,22975.263726,0.0
DDS_Publish,MARKER_FUNCTION_END_DDS_Publish,22975.585784,22975.585784,0.0
DDS_Publish,MARKER_SLEEP_START_DDS_Publish,22975.585794,22975.585794,0.0
DDS_Publish,MARKER_PERIOD_END_DDS_Publish,22975.763768,22975.763768,0.0
DDS_Publish,MARKER_PERIOD_START_DDS_Publish,22975.763769,22975.763769,0.0
DDS_Publish,MARKER_FUNCTION_START_DDS_Publish,22975.763769,22975.763769,0.0
DDS_Publish,MARKER_FUNCTION_END_DDS_Publish,22976.081584,22976.081584,0.0
DDS_Publish,MARKER_SLEEP_START_DDS_Publish,22976.081596,22976.081596,0.0
DDS_Publish,MARKER_PERIOD_END_DDS_Publish,22976.263735,22976.263735,0.0
DDS_Publish,MARKER_PERIOD_START_DDS_Publish,22976.263737,22976.263737,0.0
DDS_Publish,MARKER_FUNCTION_START_DDS_Publish,22976.263739,22976.263739,0.0
DDS_Publish,MARKER_FUNCTION_END_DDS_Publish,22976.588164,22976.588164,0.0
DDS_Publish,MARKER_SLEEP_START_DDS_Publish,22976.588177,22976.588177,0.0
DDS_Publish,MARKER_PERIOD_END_DDS_Publish,22976.763704,22976.763704,0.0
DDS_Publish,MARKER_PERIOD_START_DDS_Publish,22976.763705,22976.763705,0.0
DDS_Publish,MARKER_FUNCTION_START_DDS_Publish,22976.763706,22976.763706,0.0
DDS_Publish,MARKER_FUNCTION_END_DDS_Publish,22977.083609,22977.083609,0.0
DDS_Publish,MARKER_SLEEP_START_DDS_Publish,22977.083618,22977.083618,0.0
DDS_Publish,MARKER_PERIOD_END_DDS_Publish,22977.263697,22977.263697,0.0
DDS_Publish,MARKER_PERIOD_START_DDS_Publish,22977.263698,22977.263698,0.0
DDS_Publish,MARKER_FUNCTION_START_DDS_Publish,22977.263699,22977.263699,0.0
DDS_Publish,MARKER_FUNCTION_END_DDS_Publish,22977.582918,22977.582918,0.0
DDS_Publish,MARKER_SLEEP_START_DDS_Publish,22977.582928,22977.582928,0.0
DDS_Publish,MARKER_PERIOD_END_DDS_Publish,22977.763692,22977.763692,0.0
DDS_Publish,MARKER_PERIOD_START_DDS_Publish,22977.763694,22977.763694,0.0
DDS_Publish,MARKER_FUNCTION_START_DDS_Publish,22977.763695,22977.763695,0.0
DDS_Publish,MARKER_FUNCTION_END_DDS_Publish,22978.083605,22978.083605,0.0
DDS_Publish,MARKER_SLEEP_START_DDS_Publish,22978.083614,22978.083614,0.0
DDS_Publish,MARKER_PERIOD_END_DDS_Publish,22978.263685,22978.263685,0.0
DDS_Publish,MARKER_PERIOD_START_DDS_Publish,22978.263687,22978.263687,0.0
DDS_Publish,MARKER_FUNCTION_START_DDS_Publish,22978.263688,22978.263688,0.0
DDS_Publish,MARKER_FUNCTION_END_DDS_Publish,22978.587288,22978.587288,0.0
DDS_Publish,MARKER_SLEEP_START_DDS_Publish,22978.587306,22978.587306,0.0
DDS_Publish,MARKER_PERIOD_END_DDS_Publish,22978.763677,22978.763677,0.0
DDS_Publish,MARKER_PERIOD_START_DDS_Publish,22978.763678,22978.763678,0.0
DDS_Publish,MARKER_FUNCTION_START_DDS_Publish,22978.763678,22978.763678,0.0
DDS_Publish,MARKER_FUNCTION_END_DDS_Publish,22979.093879,22979.093879,0.0
DDS_Publish,MARKER_SLEEP_START_DDS_Publish,22979.093892,22979.093892,0.0
DDS_Publish,MARKER_PERIOD_END_DDS_Publish,22979.263673,22979.263673,0.0
DDS_Publish,MARKER_PERIOD_START_DDS_Publish,22979.263675,22979.263675,0.0
DDS_Publish,MARKER_FUNCTION_START_DDS_Publish,22979.263675,22979.263675,0.0
DDS_Publish,MARKER_FUNCTION_END_DDS_Publish,22979.578970,22979.578970,0.0
DDS_Publish,MARKER_SLEEP_START_DDS_Publish,22979.578978,22979.578978,0.0
DDS_Publish,MARKER_PERIOD_END_DDS_Publish,22979.763669,22979.763669,0.0
DDS_Publish,MARKER_PERIOD_START_DDS_Publish,22979.763670,22979.763670,0.0
DDS_Publish,MARKER_FUNCTION_START_DDS_Publish,22979.763670,22979.763670,0.0
DDS_Publish,MARKER_FUNCTION_END_DDS_Publish,22980.098681,22980.098681,0.0
DDS_Publish,MARKER_SLEEP_START_DDS_Publish,22980.098688,22980.098688,0.0
DDS_Publish,MARKER_PERIOD_END_DDS_Publish,22980.263660,22980.263660,0.0
DDS_Publish,MARKER_PERIOD_START_DDS_Publish,22980.263661,22980.263661,0.0
DDS_Publish,MARKER_FUNCTION_START_DDS_Publish,22980.263662,22980.263662,0.0
DDS_Publish,MARKER_FUNCTION_END_DDS_Publish,22980.599320,22980.599320,0.0
DDS_Publish,MARKER_SLEEP_START_DDS_Publish,22980.599329,22980.599329,0.0
DDS_Publish,MARKER_PERIOD_END_DDS_Publish,22980.763655,22980.763655,0.0
DDS_Publish,MARKER_PERIOD_START_DDS_Publish,22980.763656,22980.763656,0.0
DDS_Publish,MARKER_FUNCTION_START_DDS_Publish,22980.763657,22980.763657,0.0
DDS_Publish,MARKER_FUNCTION_END_DDS_Publish,22981.081717,22981.081717,0.0
DDS_Publish,MARKER_SLEEP_START_DDS_Publish,22981.081725,22981.081725,0.0
DDS_Publish,MARKER_PERIOD_END_DDS_Publish,22981.263729,22981.263729,0.0
DDS_Publish,MARKER_PERIOD_START_DDS_Publish,22981.263730,22981.263730,0.0
DDS_Publish,MARKER_FUNCTION_START_DDS_Publish,22981.263730,22981.263730,0.0
DDS_Publish,MARKER_FUNCTION_END_DDS_Publish,22981.583182,22981.583182,0.0
DDS_Publish,MARKER_SLEEP_START_DDS_Publish,22981.583195,22981.583195,0.0
DDS_Publish,MARKER_PERIOD_END_DDS_Publish,22981.763641,22981.763641,0.0
DDS_Publish,MARKER_PERIOD_START_DDS_Publish,22981.763642,22981.763642,0.0
DDS_Publish,MARKER_FUNCTION_START_DDS_Publish,22981.763642,22981.763642,0.0
DDS_Publish,MARKER_FUNCTION_END_DDS_Publish,22982.078045,22982.078045,0.0
DDS_Publish,MARKER_SLEEP_START_DDS_Publish,22982.078051,22982.078051,0.0
DDS_Publish,MARKER_PERIOD_END_DDS_Publish,22982.263635,22982.263635,0.0
DDS_Publish,MARKER_PERIOD_START_DDS_Publish,22982.263636,22982.263636,0.0
DDS_Publish,MARKER_FUNCTION_START_DDS_Publish,22982.263636,22982.263636,0.0
DDS_Publish,MARKER_FUNCTION_END_DDS_Publish,22982.582102,22982.582102,0.0
DDS_Publish,MARKER_SLEEP_START_DDS_Publish,22982.582108,22982.582108,0.0
DDS_Publish,MARKER_PERIOD_END_DDS_Publish,22982.763632,22982.763632,0.0
DDS_Publish,MARKER_PERIOD_START_DDS_Publish,22982.763634,22982.763634,0.0
DDS_Publish,MARKER_FUNCTION_START_DDS_Publish,22982.763634,22982.763634,0.0
DDS_Publish,MARKER_FUNCTION_END_DDS_Publish,22983.083114,22983.083114,0.0
DDS_Publish,MARKER_SLEEP_START_DDS_Publish,22983.083123,22983.083123,0.0
DDS_Publish,MARKER_PERIOD_END_DDS_Publish,22983.263623,22983.263623,0.0
DDS_Publish,MARKER_PERIOD_START_DDS_Publish,22983.263624,22983.263624,0.0
DDS_Publish,MARKER_FUNCTION_START_DDS_Publish,22983.263625,22983.263625,0.0
DDS_Publish,MARKER_FUNCTION_END_DDS_Publish,22983.578191,22983.578191,0.0
DDS_Publish,MARKER_SLEEP_START_DDS_Publish,22983.578198,22983.578198,0.0
DDS_Publish,MARKER_PERIOD_END_DDS_Publish,22983.763617,22983.763617,0.0
DDS_Publish,MARKER_PERIOD_START_DDS_Publish,22983.763618,22983.763618,0.0
DDS_Publish,MARKER_FUNCTION_START_DDS_Publish,22983.763619,22983.763619,0.0
DDS_Publish,MARKER_FUNCTION_END_DDS_Publish,22984.083053,22984.083053,0.0
DDS_Publish,MARKER_SLEEP_START_DDS_Publish,22984.083065,22984.083065,0.0
DDS_Publish,MARKER_PERIOD_END_DDS_Publish,22984.263654,22984.263654,0.0
DDS_Publish,MARKER_PERIOD_START_DDS_Publish,22984.263655,22984.263655,0.0
DDS_Publish,MARKER_FUNCTION_START_DDS_Publish,22984.263656,22984.263656,0.0
DDS_Publish,MARKER_FUNCTION_END_DDS_Publish,22984.585275,22984.585275,0.0
DDS_Publish,MARKER_SLEEP_START_DDS_Publish,22984.585283,22984.585283,0.0
DDS_Publish,MARKER_PERIOD_END_DDS_Publish,22984.763604,22984.763604,0.0
DDS_Publish,MARKER_PERIOD_START_DDS_Publish,22984.763605,22984.763605,0.0
DDS_Publish,MARKER_FUNCTION_START_DDS_Publish,22984.763606,22984.763606,0.0
DDS_Publish,MARKER_FUNCTION_END_DDS_Publish,22985.074699,22985.074699,0.0
DDS_Publish,MARKER_SLEEP_START_DDS_Publish,22985.074706,22985.074706,0.0
DDS_Publish,MARKER_PERIOD_END_DDS_Publish,22985.263613,22985.263613,0.0
DDS_Publish,MARKER_PERIOD_START_DDS_Publish,22985.263614,22985.263614,0.0
DDS_Publish,MARKER_FUNCTION_START_DDS_Publish,22985.263615,22985.263615,0.0
DDS_Publish,MARKER_FUNCTION_END_DDS_Publish,22985.591832,22985.591832,0.0
DDS_Publish,MARKER_SLEEP_START_DDS_Publish,22985.591839,22985.591839,0.0
DDS_Publish,MARKER_PERIOD_END_DDS_Publish,22985.763595,22985.763595,0.0
DDS_Publish,MARKER_PERIOD_START_DDS_Publish,22985.763596,22985.763596,0.0
DDS_Publish,MARKER_FUNCTION_START_DDS_Publish,22985.763596,22985.763596,0.0
DDS_Publish,MARKER_FUNCTION_END_DDS_Publish,22986.083082,22986.083082,0.0
DDS_Publish,MARKER_SLEEP_START_DDS_Publish,22986.083089,22986.083089,0.0
DDS_Publish,MARKER_PERIOD_END_DDS_Publish,22986.263583,22986.263583,0.0
DDS_Publish,MARKER_PERIOD_START_DDS_Publish,22986.263583,22986.263583,0.0
DDS_Publish,MARKER_FUNCTION_START_DDS_Publish,22986.263584,22986.263584,0.0
DDS_Publish,MARKER_FUNCTION_END_DDS_Publish,22986.589022,22986.589022,0.0
DDS_Publish,MARKER_SLEEP_START_DDS_Publish,22986.589037,22986.589037,0.0
DDS_Publish,MARKER_PERIOD_END_DDS_Publish,22986.763581,22986.763581,0.0
DDS_Publish,MARKER_PERIOD_START_DDS_Publish,22986.763582,22986.763582,0.0
DDS_Publish,MARKER_FUNCTION_START_DDS_Publish,22986.763583,22986.763583,0.0
DDS_Publish,MARKER_FUNCTION_END_DDS_Publish,22987.085682,22987.085682,0.0
DDS_Publish,MARKER_SLEEP_START_DDS_Publish,22987.085909,22987.085909,0.0
DDS_Publish,MARKER_PERIOD_END_DDS_Publish,22987.263577,22987.263577,0.0
DDS_Publish,MARKER_PERIOD_START_DDS_Publish,22987.263578,22987.263578,0.0
DDS_Publish,MARKER_FUNCTION_START_DDS_Publish,22987.263579,22987.263579,0.0
DDS_Publish,MARKER_FUNCTION_END_DDS_Publish,22987.585716,22987.585716,0.0
DDS_Publish,MARKER_SLEEP_START_DDS_Publish,22987.585728,22987.585728,0.0
DDS_Publish,MARKER_PERIOD_END_DDS_Publish,22987.763568,22987.763568,0.0
DDS_Publish,MARKER_PERIOD_START_DDS_Publish,22987.763569,22987.763569,0.0
DDS_Publish,MARKER_FUNCTION_START_DDS_Publish,22987.763570,22987.763570,0.0
DDS_Publish,MARKER_FUNCTION_END_DDS_Publish,22988.081315,22988.081315,0.0
DDS_Publish,MARKER_SLEEP_START_DDS_Publish,22988.081328,22988.081328,0.0
DDS_Publish,MARKER_PERIOD_END_DDS_Publish,22988.263571,22988.263571,0.0
DDS_Publish,MARKER_PERIOD_START_DDS_Publish,22988.263572,22988.263572,0.0
DDS_Publish,MARKER_FUNCTION_START_DDS_Publish,22988.263572,22988.263572,0.0
DDS_Publish,MARKER_FUNCTION_END_DDS_Publish,22988.599686,22988.599686,0.0
DDS_Publish,MARKER_SLEEP_START_DDS_Publish,22988.599702,22988.599702,0.0
DDS_Publish,MARKER_PERIOD_END_DDS_Publish,22988.763560,22988.763560,0.0
DDS_Publish,MARKER_PERIOD_START_DDS_Publish,22988.763561,22988.763561,0.0
DDS_Publish,MARKER_FUNCTION_START_DDS_Publish,22988.763562,22988.763562,0.0
DDS_Publish,MARKER_FUNCTION_END_DDS_Publish,22989.087234,22989.087234,0.0
DDS_Publish,MARKER_SLEEP_START_DDS_Publish,22989.087241,22989.087241,0.0
DDS_Publish,MARKER_PERIOD_END_DDS_Publish,22989.263552,22989.263552,0.0
DDS_Publish,MARKER_PERIOD_START_DDS_Publish,22989.263554,22989.263554,0.0
DDS_Publish,MARKER_FUNCTION_START_DDS_Publish,22989.263555,22989.263555,0.0
DDS_Publish,MARKER_FUNCTION_END_DDS_Publish,22989.582657,22989.582657,0.0
DDS_Publish,MARKER_SLEEP_START_DDS_Publish,22989.582667,22989.582667,0.0
DDS_Publish,MARKER_PERIOD_END_DDS_Publish,22989.763547,22989.763547,0.0
DDS_Publish,MARKER_PERIOD_START_DDS_Publish,22989.763549,22989.763549,0.0
DDS_Publish,MARKER_FUNCTION_START_DDS_Publish,22989.763549,22989.763549,0.0
DDS_Publish,MARKER_FUNCTION_END_DDS_Publish,22990.088577,22990.088577,0.0
DDS_Publish,MARKER_SLEEP_START_DDS_Publish,22990.088596,22990.088596,0.0
DDS_Publish,MARKER_PERIOD_END_DDS_Publish,22990.263546,22990.263546,0.0
DDS_Publish,MARKER_PERIOD_START_DDS_Publish,22990.263547,22990.263547,0.0
DDS_Publish,MARKER_FUNCTION_START_DDS_Publish,22990.263548,22990.263548,0.0
DDS_Publish,MARKER_FUNCTION_END_DDS_Publish,22990.596830,22990.596830,0.0
DDS_Publish,MARKER_SLEEP_START_DDS_Publish,22990.596842,22990.596842,0.0
DDS_Publish,MARKER_PERIOD_END_DDS_Publish,22990.763571,22990.763571,0.0
DDS_Publish,MARKER_PERIOD_START_DDS_Publish,22990.763574,22990.763574,0.0
DDS_Publish,MARKER_FUNCTION_START_DDS_Publish,22990.763576,22990.763576,0.0
DDS_Publish,MARKER_FUNCTION_END_DDS_Publish,22991.135111,22991.135111,0.0
DDS_Publish,MARKER_SLEEP_START_DDS_Publish,22991.135124,22991.135124,0.0
DDS_Publish,MARKER_PERIOD_END_DDS_Publish,22991.263564,22991.263564,0.0
DDS_Publish,MARKER_PERIOD_START_DDS_Publish,22991.263566,22991.263566,0.0
DDS_Publish,MARKER_FUNCTION_START_DDS_Publish,22991.263568,22991.263568,0.0
DDS_Publish,MARKER_FUNCTION_END_DDS_Publish,22991.629849,22991.629849,0.0
DDS_Publish,MARKER_SLEEP_START_DDS_Publish,22991.629863,22991.629863,0.0
DDS_Publish,MARKER_PERIOD_END_DDS_Publish,22991.763534,22991.763534,0.0
DDS_Publish,MARKER_PERIOD_START_DDS_Publish,22991.763536,22991.763536,0.0
DDS_Publish,MARKER_FUNCTION_START_DDS_Publish,22991.763537,22991.763537,0.0
DDS_Publish,MARKER_FUNCTION_END_DDS_Publish,22992.107344,22992.107344,0.0
DDS_Publish,MARKER_SLEEP_START_DDS_Publish,22992.107358,22992.107358,0.0
DDS_Publish,MARKER_PERIOD_END_DDS_Publish,22992.263518,22992.263518,0.0
DDS_Publish,MARKER_PERIOD_START_DDS_Publish,22992.263519,22992.263519,0.0
DDS_Publish,MARKER_FUNCTION_START_DDS_Publish,22992.263520,22992.263520,0.0
DDS_Publish,MARKER_FUNCTION_END_DDS_Publish,22992.592410,22992.592410,0.0
DDS_Publish,MARKER_SLEEP_START_DDS_Publish,22992.592417,22992.592417,0.0
DDS_Publish,MARKER_PERIOD_END_DDS_Publish,22992.763545,22992.763545,0.0
DDS_Publish,MARKER_PERIOD_START_DDS_Publish,22992.763547,22992.763547,0.0
DDS_Publish,MARKER_FUNCTION_START_DDS_Publish,22992.763549,22992.763549,0.0
DDS_Publish,MARKER_FUNCTION_END_DDS_Publish,22993.113075,22993.113075,0.0
DDS_Publish,MARKER_SLEEP_START_DDS_Publish,22993.113088,22993.113088,0.0
DDS_Publish,MARKER_PERIOD_END_DDS_Publish,22993.263535,22993.263535,0.0
DDS_Publish,MARKER_PERIOD_START_DDS_Publish,22993.263537,22993.263537,0.0
DDS_Publish,MARKER_FUNCTION_START_DDS_Publish,22993.263538,22993.263538,0.0
DDS_Publish,MARKER_FUNCTION_END_DDS_Publish,22993.613153,22993.613153,0.0
DDS_Publish,MARKER_SLEEP_START_DDS_Publish,22993.613162,22993.613162,0.0
DDS_Publish,MARKER_PERIOD_END_DDS_Publish,22993.763500,22993.763500,0.0
DDS_Publish,MARKER_PERIOD_START_DDS_Publish,22993.763501,22993.763501,0.0
DDS_Publish,MARKER_FUNCTION_START_DDS_Publish,22993.763502,22993.763502,0.0
DDS_Publish,MARKER_FUNCTION_END_DDS_Publish,22994.090805,22994.090805,0.0
DDS_Publish,MARKER_SLEEP_START_DDS_Publish,22994.090812,22994.090812,0.0
DDS_Publish,MARKER_PERIOD_END_DDS_Publish,22994.263496,22994.263496,0.0
DDS_Publish,MARKER_PERIOD_START_DDS_Publish,22994.263497,22994.263497,0.0
DDS_Publish,MARKER_FUNCTION_START_DDS_Publish,22994.263498,22994.263498,0.0
DDS_Publish,MARKER_FUNCTION_END_DDS_Publish,22994.608621,22994.608621,0.0
DDS_Publish,MARKER_SLEEP_START_DDS_Publish,22994.608637,22994.608637,0.0
DDS_Publish,MARKER_PERIOD_END_DDS_Publish,22994.763491,22994.763491,0.0
DDS_Publish,MARKER_PERIOD_START_DDS_Publish,22994.763492,22994.763492,0.0
DDS_Publish,MARKER_FUNCTION_START_DDS_Publish,22994.763493,22994.763493,0.0
DDS_Publish,MARKER_FUNCTION_END_DDS_Publish,22995.085586,22995.085586,0.0
DDS_Publish,MARKER_SLEEP_START_DDS_Publish,22995.085592,22995.085592,0.0
DDS_Publish,MARKER_PERIOD_END_DDS_Publish,22995.263483,22995.263483,0.0
DDS_Publish,MARKER_PERIOD_START_DDS_Publish,22995.263485,22995.263485,0.0
DDS_Publish,MARKER_FUNCTION_START_DDS_Publish,22995.263485,22995.263485,0.0
DDS_Publish,MARKER_FUNCTION_END_DDS_Publish,22995.580706,22995.580706,0.0
DDS_Publish,MARKER_SLEEP_START_DDS_Publish,22995.580712,22995.580712,0.0
DDS_Publish,MARKER_PERIOD_END_DDS_Publish,22995.763481,22995.763481,0.0
DDS_Publish,MARKER_PERIOD_START_DDS_Publish,22995.763482,22995.763482,0.0
DDS_Publish,MARKER_FUNCTION_START_DDS_Publish,22995.763483,22995.763483,0.0
DDS_Publish,MARKER_FUNCTION_END_DDS_Publish,22996.077019,22996.077019,0.0
DDS_Publish,MARKER_SLEEP_START_DDS_Publish,22996.077026,22996.077026,0.0
DDS_Publish,MARKER_PERIOD_END_DDS_Publish,22996.263478,22996.263478,0.0
DDS_Publish,MARKER_PERIOD_START_DDS_Publish,22996.263480,22996.263480,0.0
DDS_Publish,MARKER_FUNCTION_START_DDS_Publish,22996.263481,22996.263481,0.0
DDS_Publish,MARKER_FUNCTION_END_DDS_Publish,22996.605991,22996.605991,0.0
DDS_Publish,MARKER_SLEEP_START_DDS_Publish,22996.605999,22996.605999,0.0
DDS_Publish,MARKER_PERIOD_END_DDS_Publish,22996.763469,22996.763469,0.0
DDS_Publish,MARKER_PERIOD_START_DDS_Publish,22996.763470,22996.763470,0.0
DDS_Publish,MARKER_FUNCTION_START_DDS_Publish,22996.763470,22996.763470,0.0
DDS_Publish,MARKER_FUNCTION_END_DDS_Publish,22997.078611,22997.078611,0.0
DDS_Publish,MARKER_SLEEP_START_DDS_Publish,22997.078618,22997.078618,0.0
DDS_Publish,MARKER_PERIOD_END_DDS_Publish,22997.263501,22997.263501,0.0
DDS_Publish,MARKER_PERIOD_START_DDS_Publish,22997.263502,22997.263502,0.0
DDS_Publish,MARKER_FUNCTION_START_DDS_Publish,22997.263503,22997.263503,0.0
DDS_Publish,MARKER_FUNCTION_END_DDS_Publish,22997.581677,22997.581677,0.0
DDS_Publish,MARKER_SLEEP_START_DDS_Publish,22997.581686,22997.581686,0.0
DDS_Publish,MARKER_PERIOD_END_DDS_Publish,22997.763463,22997.763463,0.0
DDS_Publish,MARKER_PERIOD_START_DDS_Publish,22997.763465,22997.763465,0.0
DDS_Publish,MARKER_FUNCTION_START_DDS_Publish,22997.763466,22997.763466,0.0
DDS_Publish,MARKER_FUNCTION_END_DDS_Publish,22998.080092,22998.080092,0.0
DDS_Publish,MARKER_SLEEP_START_DDS_Publish,22998.080100,22998.080100,0.0
DDS_Publish,MARKER_PERIOD_END_DDS_Publish,22998.263452,22998.263452,0.0
DDS_Publish,MARKER_PERIOD_START_DDS_Publish,22998.263453,22998.263453,0.0
DDS_Publish,MARKER_FUNCTION_START_DDS_Publish,22998.263454,22998.263454,0.0
DDS_Publish,MARKER_FUNCTION_END_DDS_Publish,22998.611726,22998.611726,0.0
DDS_Publish,MARKER_SLEEP_START_DDS_Publish,22998.611742,22998.611742,0.0
DDS_Publish,MARKER_PERIOD_END_DDS_Publish,22998.763449,22998.763449,0.0
DDS_Publish,MARKER_PERIOD_START_DDS_Publish,22998.763450,22998.763450,0.0
DDS_Publish,MARKER_FUNCTION_START_DDS_Publish,22998.763450,22998.763450,0.0
DDS_Publish,MARKER_FUNCTION_END_DDS_Publish,22999.077050,22999.077050,0.0
DDS_Publish,MARKER_SLEEP_START_DDS_Publish,22999.077060,22999.077060,0.0
DDS_Publish,MARKER_PERIOD_END_DDS_Publish,22999.263445,22999.263445,0.0
DDS_Publish,MARKER_PERIOD_START_DDS_Publish,22999.263446,22999.263446,0.0
DDS_Publish,MARKER_FUNCTION_START_DDS_Publish,22999.263446,22999.263446,0.0
DDS_Publish,MARKER_FUNCTION_END_DDS_Publish,22999.585351,22999.585351,0.0
DDS_Publish,MARKER_SLEEP_START_DDS_Publish,22999.585361,22999.585361,0.0
DDS_Publish,MARKER_PERIOD_END_DDS_Publish,22999.763435,22999.763435,0.0
DDS_Publish,MARKER_PERIOD_START_DDS_Publish,22999.763436,22999.763436,0.0
DDS_Publish,MARKER_FUNCTION_START_DDS_Publish,22999.763437,22999.763437,0.0
DDS_Publish,MARKER_FUNCTION_END_DDS_Publish,23000.080401,23000.080401,0.0
DDS_Publish,MARKER_SLEEP_START_DDS_Publish,23000.080408,23000.080408,0.0
DDS_Publish,MARKER_PERIOD_END_DDS_Publish,23000.263433,23000.263433,0.0
DDS_Publish,MARKER_PERIOD_START_DDS_Publish,23000.263435,23000.263435,0.0
DDS_Publish,MARKER_FUNCTION_START_DDS_Publish,23000.263435,23000.263435,0.0
DDS_Publish,MARKER_FUNCTION_END_DDS_Publish,23000.579487,23000.579487,0.0
DDS_Publish,MARKER_SLEEP_START_DDS_Publish,23000.579496,23000.579496,0.0
DDS_Publish,MARKER_PERIOD_END_DDS_Publish,23000.763432,23000.763432,0.0
DDS_Publish,MARKER_PERIOD_START_DDS_Publish,23000.763433,23000.763433,0.0
DDS_Publish,MARKER_FUNCTION_START_DDS_Publish,23000.763434,23000.763434,0.0
DDS_Publish,MARKER_FUNCTION_END_DDS_Publish,23001.101297,23001.101297,0.0
DDS_Publish,MARKER_SLEEP_START_DDS_Publish,23001.101307,23001.101307,0.0
DDS_Publish,MARKER_PERIOD_END_DDS_Publish,23001.263420,23001.263420,0.0
DDS_Publish,MARKER_PERIOD_START_DDS_Publish,23001.263421,23001.263421,0.0
DDS_Publish,MARKER_FUNCTION_START_DDS_Publish,23001.263422,23001.263422,0.0
DDS_Publish,MARKER_FUNCTION_END_DDS_Publish,23001.577794,23001.577794,0.0
DDS_Publish,MARKER_SLEEP_START_DDS_Publish,23001.577801,23001.577801,0.0
DDS_Publish,MARKER_PERIOD_END_DDS_Publish,23001.763417,23001.763417,0.0
DDS_Publish,MARKER_PERIOD_START_DDS_Publish,23001.763419,23001.763419,0.0
DDS_Publish,MARKER_FUNCTION_START_DDS_Publish,23001.763419,23001.763419,0.0
DDS_Publish,MARKER_FUNCTION_END_DDS_Publish,23002.085067,23002.085067,0.0
DDS_Publish,MARKER_SLEEP_START_DDS_Publish,23002.085076,23002.085076,0.0
DDS_Publish,MARKER_PERIOD_END_DDS_Publish,23002.263411,23002.263411,0.0
DDS_Publish,MARKER_PERIOD_START_DDS_Publish,23002.263412,23002.263412,0.0
DDS_Publish,MARKER_FUNCTION_START_DDS_Publish,23002.263413,23002.263413,0.0
DDS_Publish,MARKER_FUNCTION_END_DDS_Publish,23002.589440,23002.589440,0.0
DDS_Publish,MARKER_SLEEP_START_DDS_Publish,23002.589453,23002.589453,0.0
DDS_Publish,MARKER_PERIOD_END_DDS_Publish,23002.763402,23002.763402,0.0
DDS_Publish,MARKER_PERIOD_START_DDS_Publish,23002.763404,23002.763404,0.0
DDS_Publish,MARKER_FUNCTION_START_DDS_Publish,23002.763405,23002.763405,0.0
DDS_Publish,MARKER_FUNCTION_END_DDS_Publish,23003.097926,23003.097926,0.0
DDS_Publish,MARKER_SLEEP_START_DDS_Publish,23003.097933,23003.097933,0.0
DDS_Publish,MARKER_PERIOD_END_DDS_Publish,23003.263398,23003.263398,0.0
DDS_Publish,MARKER_PERIOD_START_DDS_Publish,23003.263400,23003.263400,0.0
DDS_Publish,MARKER_FUNCTION_START_DDS_Publish,23003.263400,23003.263400,0.0
DDS_Publish,MARKER_FUNCTION_END_DDS_Publish,23003.581613,23003.581613,0.0
DDS_Publish,MARKER_SLEEP_START_DDS_Publish,23003.581626,23003.581626,0.0
DDS_Publish,MARKER_PERIOD_END_DDS_Publish,23003.763407,23003.763407,0.0
DDS_Publish,MARKER_PERIOD_START_DDS_Publish,23003.763408,23003.763408,0.0
DDS_Publish,MARKER_FUNCTION_START_DDS_Publish,23003.763409,23003.763409,0.0
DDS_Publish,MARKER_FUNCTION_END_DDS_Publish,23004.093117,23004.093117,0.0
DDS_Publish,MARKER_SLEEP_START_DDS_Publish,23004.093127,23004.093127,0.0
DDS_Publish,MARKER_PERIOD_END_DDS_Publish,23004.263388,23004.263388,0.0
DDS_Publish,MARKER_PERIOD_START_DDS_Publish,23004.263389,23004.263389,0.0
DDS_Publish,MARKER_FUNCTION_START_DDS_Publish,23004.263390,23004.263390,0.0
DDS_Publish,MARKER_FUNCTION_END_DDS_Publish,23004.579284,23004.579284,0.0
DDS_Publish,MARKER_SLEEP_START_DDS_Publish,23004.579294,23004.579294,0.0
DDS_Publish,MARKER_PERIOD_END_DDS_Publish,23004.763386,23004.763386,0.0
DDS_Publish,MARKER_PERIOD_START_DDS_Publish,23004.763388,23004.763388,0.0
DDS_Publish,MARKER_FUNCTION_START_DDS_Publish,23004.763388,23004.763388,0.0
DDS_Publish,MARKER_FUNCTION_END_DDS_Publish,23005.089008,23005.089008,0.0
DDS_Publish,MARKER_SLEEP_START_DDS_Publish,23005.089015,23005.089015,0.0
DDS_Publish,MARKER_PERIOD_END_DDS_Publish,23005.263380,23005.263380,0.0
DDS_Publish,MARKER_PERIOD_START_DDS_Publish,23005.263381,23005.263381,0.0
DDS_Publish,MARKER_FUNCTION_START_DDS_Publish,23005.263382,23005.263382,0.0
DDS_Publish,MARKER_FUNCTION_END_DDS_Publish,23005.577079,23005.577079,0.0
DDS_Publish,MARKER_SLEEP_START_DDS_Publish,23005.577087,23005.577087,0.0
DDS_Publish,MARKER_PERIOD_END_DDS_Publish,23005.763371,23005.763371,0.0
DDS_Publish,MARKER_PERIOD_START_DDS_Publish,23005.763372,23005.763372,0.0
DDS_Publish,MARKER_FUNCTION_START_DDS_Publish,23005.763373,23005.763373,0.0
DDS_Publish,MARKER_FUNCTION_END_DDS_Publish,23006.078394,23006.078394,0.0
DDS_Publish,MARKER_SLEEP_START_DDS_Publish,23006.078402,23006.078402,0.0
DDS_Publish,MARKER_PERIOD_END_DDS_Publish,23006.263368,23006.263368,0.0
DDS_Publish,MARKER_PERIOD_START_DDS_Publish,23006.263369,23006.263369,0.0
DDS_Publish,MARKER_FUNCTION_START_DDS_Publish,23006.263370,23006.263370,0.0
DDS_Publish,MARKER_FUNCTION_END_DDS_Publish,23006.577082,23006.577082,0.0
DDS_Publish,MARKER_SLEEP_START_DDS_Publish,23006.577089,23006.577089,0.0
DDS_Publish,MARKER_PERIOD_END_DDS_Publish,23006.763363,23006.763363,0.0
DDS_Publish,MARKER_PERIOD_START_DDS_Publish,23006.763364,23006.763364,0.0
DDS_Publish,MARKER_FUNCTION_START_DDS_Publish,23006.763365,23006.763365,0.0
DDS_Publish,MARKER_FUNCTION_END_DDS_Publish,23007.077211,23007.077211,0.0
DDS_Publish,MARKER_SLEEP_START_DDS_Publish,23007.077220,23007.077220,0.0
DDS_Publish,STAT_PERIOD,0,0,500.000000
DDS_Publish,STAT_MEASURED,0,0,499.994000
DDS_Publish,STAT_DEADLINE,0,0,500.000000
DDS_Publish,STAT_WCET,0,0,368.648000
DDS_Publish,STAT_ACET,0,0,323.772406
DDS_Publish,STAT_JITTER,0,0,0.020286
DDS_Publish,STAT_UTIL,0,0,0.656634
DDS_Publish,STAT_NRUN,0,0,1071
DDS_Publish,STAT_NPRE,0,0,999
DDS_Publish,STAT_NSLP,0,0,71
DDS_Publish,STAT_NMISS,0,0,0
DDS_Publish,STAT_WSLACK,0,0,128.463000
DDS_Publish,STAT_HGAPS,0,0,1.000000
DDS_Publish,STAT_NGAPS,0,0,1070
DDS_Publish,STAT_MAXGAP,0,0,188.900000
DDS_Publish,STAT_RUNTOT,0,0,22653.887000
DDS_Publish,STAT_PRETOT,0,0,127.208000
DDS_Publish,STAT_SLPTOT,0,0,12041.216000
Activity_1,RUN,22972.617078,22972.627757,10.679000
Activity_1,RUN,22972.628080,22972.628617,0.537000
Activity_1,RUN,22972.628851,22972.648227,19.376000
Activity_1,RUN,22972.648456,22972.657768,9.312000
Activity_1,RUN,22972.657834,22972.658196,0.362000
Activity_1,RUN,22972.658432,22972.668573,10.141000
Activity_1,RUN,22972.669070,22972.697987,28.917000
Activity_1,RUN,22972.698268,22972.730119,31.851000
Activity_1,RUN,22972.730409,22972.757819,27.410000
Activity_1,RUN,22972.757894,22972.758229,0.335000
Activity_1,RUN,22972.758460,22972.763749,5.289000
Activity_1,RUN,22973.089728,22973.139741,50.013000
Activity_1,RUN,22973.140033,22973.211416,71.383000
Activity_1,RUN,22973.211455,22973.223841,12.386000
Activity_1,RUN,22973.223848,22973.230842,6.994000
Activity_1,RUN,22973.230856,22973.242148,11.292000
Activity_1,RUN,22973.242434,22973.263743,21.309000
Activity_1,RUN,22973.585935,22973.597840,11.905000
Activity_1,RUN,22973.597856,22973.601023,3.167000
Activity_1,RUN,22973.617077,22973.630840,13.763000
Activity_1,RUN,22973.630855,22973.651751,20.896000
Activity_1,RUN,22973.652045,22973.660063,8.018000
Activity_1,RUN,22973.660148,22973.660216,0.068000
Activity_1,RUN,22973.660244,22973.660494,0.250000
Activity_1,RUN,22973.660725,22973.661158,0.433000
Activity_1,RUN,22973.661379,22973.672072,10.693000
Activity_1,RUN,22973.672107,22973.672195,0.088000
Activity_1,RUN,22973.672237,22973.672253,0.016000
Activity_1,RUN,22973.672295,22973.673730,1.435000
Activity_1,RUN,22973.673954,22973.722379,48.425000
Activity_1,RUN,22973.722455,22973.722796,0.341000
Activity_1,RUN,22973.723027,22973.723662,0.635000
Activity_1,RUN,22973.723904,22973.724555,0.651000
Activity_1,RUN,22973.725087,22973.754156,29.069000
Activity_1,RUN,22973.754453,22973.762621,8.168000
Activity_1,RUN,22973.762904,22973.763733,0.829000
Activity_1,RUN,22974.082852,22974.113832,30.980000
Activity_1,RUN,22974.113844,22974.129830,15.986000
Activity_1,RUN,22974.129839,22974.135829,5.990000
Activity_1,RUN,22974.135836,22974.159943,24.107000
Activity_1,RUN,22974.160018,22974.160341,0.323000
Activity_1,RUN,22974.160578,22974.160847,0.269000
Activity_1,RUN,22974.161086,22974.163769,2.683000
Activity_1,RUN,22974.164431,22974.164587,0.156000
Activity_1,RUN,22974.164615,22974.164944,0.329000
Activity_1,RUN,22974.165175,22974.178831,13.656000
Activity_1,RUN,22974.178835,22974.179828,0.993000
Activity_1,RUN,22974.179835,22974.180506,0.671000
Activity_1,RUN,22974.180736,22974.183833,3.097000
Activity_1,RUN,22974.183840,22974.189829,5.989000
Activity_1,RUN,22974.189832,22974.207829,17.997000
Activity_1,RUN,22974.207832,22974.211830,3.998000
Activity_1,RUN,22974.211833,22974.212827,0.994000
Activity_1,RUN,22974.212834,22974.228828,15.994000
Activity_1,RUN,22974.228832,22974.240850,12.018000
Activity_1,RUN,22974.240915,22974.241293,0.378000
Activity_1,RUN,22974.241562,22974.241884,0.322000
Activity_1,RUN,22974.242136,22974.242539,0.403000
Activity_1,RUN,22974.243104,22974.243134,0.030000
Activity_1,RUN,22974.243383,22974.243727,0.344000
Activity_1,RUN,22974.243968,22974.247830,3.862000
Activity_1,RUN,22974.247840,22974.261497,13.657000
Activity_1,RUN,22974.261731,22974.261829,0.098000
Activity_1,RUN,22974.261832,22974.263727,1.895000
Activity_1,RUN,22974.585275,22974.587454,2.179000
Activity_1,RUN,22974.617072,22974.671827,54.755000
Activity_1,RUN,22974.671833,22974.675776,3.943000
Activity_1,RUN,22974.676075,22974.676639,0.564000
Activity_1,RUN,22974.676874,22974.677346,0.472000
Activity_1,RUN,22974.677577,22974.679931,2.354000
Activity_1,RUN,22974.680496,22974.681403,0.907000
Activity_1,RUN,22974.681838,22974.682724,0.886000
Activity_1,RUN,22974.683206,22974.683857,0.651000
Activity_1,RUN,22974.685345,22974.687718,2.373000
Activity_1,RUN,22974.687953,22974.695831,7.878000
Activity_1,RUN,22974.695845,22974.705452,9.607000
Activity_1,RUN,22974.705726,22974.763723,57.997000
Activity_1,RUN,22975.084578,22975.107821,23.243000
Activity_1,RUN,22975.107826,22975.128819,20.993000
Activity_1,RUN,22975.128824,22975.143819,14.995000
Activity_1,RUN,22975.143829,22975.161818,17.989000
Activity_1,RUN,22975.161822,22975.196825,35.003000
Activity_1,RUN,22975.196833,22975.207818,10.985000
Activity_1,RUN,22975.207828,22975.209638,1.810000
Activity_1,RUN,22975.209907,22975.210469,0.562000
Activity_1,RUN,22975.210711,22975.211105,0.394000
Activity_1,RUN,22975.211658,22975.211816,0.158000
Activity_1,RUN,22975.211820,22975.211856,0.036000
Activity_1,RUN,22975.212081,22975.229198,17.117000
Activity_1,RUN,22975.229469,22975.263716,34.247000
Activity_1,RUN,22975.585797,22975.596608,10.811000
Activity_1,RUN,22975.617054,22975.653529,36.475000
Activity_1,RUN,22975.653618,22975.653691,0.073000
Activity_1,RUN,22975.653767,22975.654463,0.696000
Activity_1,RUN,22975.654694,22975.657041,2.347000
Activity_1,RUN,22975.657076,22975.657182,0.106000
Activity_1,RUN,22975.657227,22975.657253,0.026000
Activity_1,RUN,22975.657498,22975.658479,0.981000
Activity_1,RUN,22975.658708,22975.699773,41.065000
Activity_1,RUN,22975.700072,22975.719813,19.741000
Activity_1,RUN,22975.719822,22975.761245,41.423000
Activity_1,RUN,22975.761281,22975.762071,0.790000
Activity_1,RUN,22975.762302,22975.762648,0.346000
Activity_1,RUN,22975.762888,22975.763269,0.381000
Activity_1,RUN,22976.081598,22976.142786,61.188000
Activity_1,RUN,22976.143074,22976.143239,0.165000
Activity_1,RUN,22976.143524,22976.144025,0.501000
Activity_1,RUN,22976.144284,22976.167806,23.522000
Activity_1,RUN,22976.167812,22976.182096,14.284000
Activity_1,RUN,22976.182373,22976.211794,29.421000
Activity_1,RUN,22976.212101,22976.256805,44.704000
Activity_1,RUN,22976.256811,22976.261933,5.122000
Activity_1,RUN,22976.617045,22976.679801,62.756000
Activity_1,RUN,22976.679810,22976.706803,26.993000
Activity_1,RUN,22976.706809,22976.712798,5.989000
Activity_1,RUN,22976.712811,22976.722279,9.468000
Activity_1,RUN,22976.722356,22976.724767,2.411000
Activity_1,RUN,22976.724999,22976.725185,0.186000
Activity_1,RUN,22976.725458,22976.727938,2.480000
Activity_1,RUN,22976.728226,22976.738797,10.571000
Activity_1,RUN,22976.738801,22976.745798,6.997000
Activity_1,RUN,22976.745810,22976.762530,16.720000
Activity_1,RUN,22976.762824,22976.763696,0.872000
Activity_1,RUN,22977.083621,22977.106799,23.178000
Activity_1,RUN,22977.106806,22977.112793,5.987000
Activity_1,RUN,22977.112805,22977.122790,9.985000
Activity_1,RUN,22977.122802,22977.127788,4.986000
Activity_1,RUN,22977.127796,22977.139789,11.993000
Activity_1,RUN,22977.139791,22977.145790,5.999000
Activity_1,RUN,22977.145797,22977.166806,21.009000
Activity_1,RUN,22977.167068,22977.167388,0.320000
Activity_1,RUN,22977.167619,22977.172787,5.168000
Activity_1,RUN,22977.172794,22977.186360,13.566000
Activity_1,RUN,22977.186590,22977.189790,3.200000
Activity_1,RUN,22977.189793,22977.191791,1.998000
Activity_1,RUN,22977.191799,22977.235837,44.038000
Activity_1,RUN,22977.236091,22977.240920,4.829000
Activity_1,RUN,22977.240986,22977.241370,0.384000
Activity_1,RUN,22977.241601,22977.241955,0.354000
Activity_1,RUN,22977.242181,22977.242679,0.498000
Activity_1,RUN,22977.242965,22977.263690,20.725000
Activity_1,RUN,22977.582931,22977.589543,6.612000
Activity_1,RUN,22977.617026,22977.646811,29.785000
Activity_1,RUN,22977.647109,22977.660789,13.680000
Activity_1,RUN,22977.660793,22977.703786,42.993000
Activity_1,RUN,22977.703797,22977.705297,1.500000
Activity_1,RUN,22977.705385,22977.705457,0.072000
Activity_1,RUN,22977.705500,22977.705505,0.005000
Activity_1,RUN,22977.705544,22977.706823,1.279000
Activity_1,RUN,22977.707052,22977.748606,41.554000
Activity_1,RUN,22977.748894,22977.749238,0.344000
Activity_1,RUN,22977.749467,22977.763684,14.217000
Activity_1,RUN,22978.083616,22978.110783,27.167000
Activity_1,RUN,22978.110789,22978.112778,1.989000
Activity_1,RUN,22978.112790,22978.123778,10.988000
Activity_1,RUN,22978.123787,22978.128780,4.993000
Activity_1,RUN,22978.128792,22978.137777,8.985000
Activity_1,RUN,22978.137786,22978.157446,19.660000
Activity_1,RUN,22978.157729,22978.210783,53.054000
Activity_1,RUN,22978.210789,22978.263677,52.888000
Activity_1,RUN,22978.587314,22978.593448,6.134000
Activity_1,RUN,22978.617014,22978.620962,3.948000
Activity_1,RUN,22978.621040,22978.621370,0.330000
Activity_1,RUN,22978.621601,22978.622685,1.084000
Activity_1,RUN,22978.622933,22978.623368,0.435000
Activity_1,RUN,22978.623608,22978.661371,37.763000
Activity_1,RUN,22978.661648,22978.663773,2.125000
Activity_1,RUN,22978.663781,22978.665772,1.991000
Activity_1,RUN,22978.665784,22978.758474,92.690000
Activity_1,RUN,22978.758587,22978.758850,0.263000
Activity_1,RUN,22978.759143,22978.759805,0.662000
Activity_1,RUN,22978.760099,22978.760606,0.507000
Activity_1,RUN,22978.760909,22978.763670,2.761000
Activity_1,RUN,22979.093895,22979.111771,17.876000
Activity_1,RUN,22979.111778,22979.175771,63.993000
Activity_1,RUN,22979.175779,22979.234768,58.989000
Activity_1,RUN,22979.234783,22979.239765,4.982000
Activity_1,RUN,22979.239773,22979.263665,23.892000
Activity_1,RUN,22979.578981,22979.603868,24.887000
Activity_1,RUN,22979.617000,22979.668764,51.764000
Activity_1,RUN,22979.668769,22979.687764,18.995000
Activity_1,RUN,22979.687778,22979.688834,1.056000
Activity_1,RUN,22979.688914,22979.688958,0.044000
Activity_1,RUN,22979.689001,22979.689017,0.016000
Activity_1,RUN,22979.689063,22979.690457,1.394000
Activity_1,RUN,22979.690681,22979.763660,72.979000
Activity_1,RUN,22980.098690,22980.103048,4.358000
Activity_1,RUN,22980.103289,22980.135756,32.467000
Activity_1,RUN,22980.135764,22980.180756,44.992000
Activity_1,RUN,22980.180761,22980.244320,63.559000
Activity_1,RUN,22980.244407,22980.244717,0.310000
Activity_1,RUN,22980.244947,22980.245170,0.223000
Activity_1,RUN,22980.245400,22980.245792,0.392000
Activity_1,RUN,22980.246095,22980.257394,11.299000
Activity_1,RUN,22980.257672,22980.261254,3.582000
Activity_1,RUN,22980.261523,22980.263651,2.128000
Activity_1,RUN,22980.599331,22980.611934,12.603000
Activity_1,RUN,22980.617084,22980.645753,28.669000
Activity_1,RUN,22980.645759,22980.648296,2.537000
Activity_1,RUN,22980.648566,22980.648689,0.123000
Activity_1,RUN,22980.648969,22980.667932,18.963000
Activity_1,RUN,22980.668215,22980.711755,43.540000
Activity_1,RUN,22980.711766,22980.717484,5.718000
Activity_1,RUN,22980.717780,22980.763646,45.866000
Activity_1,RUN,22981.081728,22981.095744,14.016000
Activity_1,RUN,22981.095751,22981.101742,5.991000
Activity_1,RUN,22981.101745,22981.159744,57.999000
Activity_1,RUN,22981.159754,22981.168741,8.987000
Activity_1,RUN,22981.168744,22981.196740,27.996000
Activity_1,RUN,22981.196754,22981.223739,26.985000
Activity_1,RUN,22981.223747,22981.246740,22.993000
Activity_1,RUN,22981.246743,22981.260245,13.502000
Activity_1,RUN,22981.616981,22981.638743,21.762000
Activity_1,RUN,22981.638750,22981.639081,0.331000
Activity_1,RUN,22981.639380,22981.652735,13.355000
Activity_1,RUN,22981.652748,22981.671735,18.987000
Activity_1,RUN,22981.671743,22981.672995,1.252000
Activity_1,RUN,22981.673031,22981.673047,0.016000
Activity_1,RUN,22981.673082,22981.673224,0.142000
Activity_1,RUN,22981.673276,22981.673337,0.061000
Activity_1,RUN,22981.673378,22981.673555,0.177000
Activity_1,RUN,22981.673592,22981.704195,30.603000
Activity_1,RUN,22981.704248,22981.741442,37.194000
Activity_1,RUN,22981.741499,22981.747735,6.236000
Activity_1,RUN,22981.747739,22981.757960,10.221000
Activity_1,RUN,22981.757995,22981.758349,0.354000
Activity_1,RUN,22981.758386,22981.759609,1.223000
Activity_1,RUN,22981.759677,22981.763633,3.956000
Activity_1,RUN,22982.078054,22982.100686,22.632000
Activity_1,RUN,22982.100719,22982.119730,19.011000
Activity_1,RUN,22982.119738,22982.150729,30.991000
Activity_1,RUN,22982.150732,22982.172848,22.116000
Activity_1,RUN,22982.172884,22982.173099,0.215000
Activity_1,RUN,22982.173126,22982.173183,0.057000
Activity_1,RUN,22982.173211,22982.173246,0.035000
Activity_1,RUN,22982.173284,22982.173999,0.715000
Activity_1,RUN,22982.174036,22982.174910,0.874000
Activity_1,RUN,22982.174946,22982.175051,0.105000
Activity_1,RUN,22982.175172,22982.203100,27.928000
Activity_1,RUN,22982.203139,22982.247731,44.592000
Activity_1,RUN,22982.247739,22982.263627,15.888000
Activity_1,RUN,22982.582111,22982.582845,0.734000
Activity_1,RUN,22982.616980,22982.663036,46.056000
Activity_1,RUN,22982.663097,22982.673432,10.335000
Activity_1,RUN,22982.673467,22982.673829,0.362000
Activity_1,RUN,22982.673863,22982.674189,0.326000
Activity_1,RUN,22982.674254,22982.695726,21.472000
Activity_1,RUN,22982.695740,22982.715262,19.522000
Activity_1,RUN,22982.715300,22982.763624,48.324000
Activity_1,RUN,22983.083125,22983.121720,38.595000
Activity_1,RUN,22983.121725,22983.124974,3.249000
Activity_1,RUN,22983.125007,22983.143719,18.712000
Activity_1,RUN,22983.143753,22983.204225,60.472000
Activity_1,RUN,22983.204283,22983.207718,3.435000
Activity_1,RUN,22983.207727,22983.226444,18.717000
Activity_1,RUN,22983.226479,22983.240931,14.452000
Activity_1,RUN,22983.240966,22983.241318,0.352000
Activity_1,RUN,22983.241355,22983.241715,0.360000
Activity_1,RUN,22983.241771,22983.248688,6.917000
Activity_1,RUN,22983.248725,22983.248849,0.124000
Activity_1,RUN,22983.248876,22983.249929,1.053000
Activity_1,RUN,22983.249966,22983.263616,13.650000
Activity_1,RUN,22983.578201,22983.581143,2.942000
Activity_1,RUN,22983.581251,22983.581290,0.039000
Activity_1,RUN,22983.581385,22983.581570,0.185000
Activity_1,RUN,22983.581668,22983.581716,0.048000
Activity_1,RUN,22983.581822,22983.581849,0.027000
Activity_1,RUN,22983.581949,22983.581988,0.039000
Activity_1,RUN,22983.582082,22983.582100,0.018000
Activity_1,RUN,22983.582199,22983.582246,0.047000
Activity_1,RUN,22983.582332,22983.582991,0.659000
Activity_1,RUN,22983.583088,22983.583135,0.047000
Activity_1,RUN,22983.583229,22983.583306,0.077000
Activity_1,RUN,22983.583399,22983.583417,0.018000
Activity_1,RUN,22983.583510,22983.583578,0.068000
Activity_1,RUN,22983.583670,22983.583688,0.018000
Activity_1,RUN,22983.583909,22983.584003,0.094000
Activity_1,RUN,22983.584101,22983.584119,0.018000
Activity_1,RUN,22983.584216,22983.584261,0.045000
Activity_1,RUN,22983.584352,22983.584371,0.019000
Activity_1,RUN,22983.584467,22983.584511,0.044000
Activity_1,RUN,22983.584611,22983.584650,0.039000
Activity_1,RUN,22983.584921,22983.584960,0.039000
Activity_1,RUN,22983.585055,22983.585374,0.319000
Activity_1,RUN,22983.585475,22983.585596,0.121000
Activity_1,RUN,22983.585688,22983.585724,0.036000
Activity_1,RUN,22983.585824,22983.586120,0.296000
Activity_1,RUN,22983.586223,22983.586241,0.018000
Activity_1,RUN,22983.586336,22983.586414,0.078000
Activity_1,RUN,22983.586509,22983.586528,0.019000
Activity_1,RUN,22983.586622,22983.587591,0.969000
Activity_1,RUN,22983.587686,22983.602751,15.065000
Activity_1,RUN,22983.616997,22983.636156,19.159000
Activity_1,RUN,22983.636194,22983.687078,50.884000
Activity_1,RUN,22983.687137,22983.688060,0.923000
Activity_1,RUN,22983.688119,22983.693152,5.033000
Activity_1,RUN,22983.693240,22983.696712,3.472000
Activity_1,RUN,22983.696726,22983.719712,22.986000
Activity_1,RUN,22983.719720,22983.738590,18.870000
Activity_1,RUN,22983.738625,22983.763610,24.985000
Activity_1,RUN,22984.083068,22984.097704,14.636000
Activity_1,RUN,22984.097779,22984.148284,50.505000
Activity_1,RUN,22984.148321,22984.167708,19.387000
Activity_1,RUN,22984.167716,22984.199100,31.384000
Activity_1,RUN,22984.199160,22984.205803,6.643000
Activity_1,RUN,22984.205839,22984.222709,16.870000
Activity_1,RUN,22984.222719,22984.250675,27.956000
Activity_1,RUN,22984.250716,22984.255096,4.380000
Activity_1,RUN,22984.616942,22984.660389,43.447000
Activity_1,RUN,22984.660429,22984.671701,11.272000
Activity_1,RUN,22984.671706,22984.679702,7.996000
Activity_1,RUN,22984.679710,22984.721700,41.990000
Activity_1,RUN,22984.721706,22984.758016,36.310000
Activity_1,RUN,22984.758052,22984.758401,0.349000
Activity_1,RUN,22984.758439,22984.759136,0.697000
Activity_1,RUN,22984.759201,22984.762788,3.587000
Activity_1,RUN,22984.762822,22984.763597,0.775000
Activity_1,RUN,22985.074709,22985.127712,53.003000
Activity_1,RUN,22985.127735,22985.127863,0.128000
Activity_1,RUN,22985.127896,22985.128445,0.549000
Activity_1,RUN,22985.128483,22985.144904,16.421000
Activity_1,RUN,22985.144939,22985.164112,19.173000
Activity_1,RUN,22985.164178,22985.172506,8.328000
Activity_1,RUN,22985.172541,22985.191699,19.158000
Activity_1,RUN,22985.191709,22985.223103,31.394000
Activity_1,RUN,22985.223185,22985.255696,32.511000
Activity_1,RUN,22985.255705,22985.262747,7.042000
Activity_1,RUN,22985.616980,22985.639757,22.777000
Activity_1,RUN,22985.639796,22985.640118,0.322000
Activity_1,RUN,22985.640155,22985.665790,25.635000
Activity_1,RUN,22985.665863,22985.673380,7.517000
Activity_1,RUN,22985.673408,22985.673785,0.377000
Activity_1,RUN,22985.673840,22985.674660,0.820000
Activity_1,RUN,22985.674702,22985.674801,0.099000
Activity_1,RUN,22985.674873,22985.684613,9.740000
Activity_1,RUN,22985.684648,22985.703688,19.040000
Activity_1,RUN,22985.703696,22985.705148,1.452000
Activity_1,RUN,22985.705378,22985.735159,29.781000
Activity_1,RUN,22985.735401,22985.763586,28.185000
Activity_1,RUN,22986.083091,22986.144786,61.695000
Activity_1,RUN,22986.145075,22986.151684,6.609000
Activity_1,RUN,22986.151694,22986.215685,63.991000
Activity_1,RUN,22986.215692,22986.238681,22.989000
Activity_1,RUN,22986.238685,22986.241191,2.506000
Activity_1,RUN,22986.241271,22986.241635,0.364000
Activity_1,RUN,22986.241866,22986.242784,0.918000
Activity_1,RUN,22986.243013,22986.243500,0.487000
Activity_1,RUN,22986.243794,22986.263365,19.571000
Activity_1,RUN,22986.616918,22986.656777,39.859000
Activity_1,RUN,22986.657070,22986.663677,6.607000
Activity_1,RUN,22986.663686,22986.759179,95.493000
Activity_1,RUN,22986.759473,22986.763573,4.100000
Activity_1,RUN,22987.085912,22987.085919,0.007000
Activity_1,RUN,22987.085946,22987.111677,25.731000
Activity_1,RUN,22987.111689,22987.168789,57.100000
Activity_1,RUN,22987.169083,22987.169756,0.673000
Activity_1,RUN,22987.170009,22987.175692,5.683000
Activity_1,RUN,22987.175717,22987.175780,0.063000
Activity_1,RUN,22987.175857,22987.176193,0.336000
Activity_1,RUN,22987.176430,22987.177164,0.734000
Activity_1,RUN,22987.177397,22987.192694,15.297000
Activity_1,RUN,22987.192977,22987.196451,3.474000
Activity_1,RUN,22987.196685,22987.239673,42.988000
Activity_1,RUN,22987.239683,22987.263569,23.886000
Activity_1,RUN,22987.585731,22987.593820,8.089000
Activity_1,RUN,22987.594106,22987.614860,20.754000
Activity_1,RUN,22987.616907,22987.680804,63.897000
Activity_1,RUN,22987.681097,22987.681922,0.825000
Activity_1,RUN,22987.682154,22987.687687,5.533000
Activity_1,RUN,22987.687707,22987.687945,0.238000
Activity_1,RUN,22987.687979,22987.688071,0.092000
Activity_1,RUN,22987.688379,22987.689253,0.874000
Activity_1,RUN,22987.689482,22987.758254,68.772000
Activity_1,RUN,22987.758334,22987.758680,0.346000
Activity_1,RUN,22987.758911,22987.759160,0.249000
Activity_1,RUN,22987.759399,22987.760136,0.737000
Activity_1,RUN,22987.760378,22987.763561,3.183000
Activity_1,RUN,22988.081331,22988.082771,1.440000
Activity_1,RUN,22988.082887,22988.090399,7.512000
Activity_1,RUN,22988.090640,22988.103316,12.676000
Activity_1,RUN,22988.103463,22988.103508,0.045000
Activity_1,RUN,22988.103642,22988.103882,0.240000
Activity_1,RUN,22988.104009,22988.104055,0.046000
Activity_1,RUN,22988.104188,22988.104323,0.135000
Activity_1,RUN,22988.104451,22988.104496,0.045000
Activity_1,RUN,22988.104632,22988.105299,0.667000
Activity_1,RUN,22988.105422,22988.141659,36.237000
Activity_1,RUN,22988.141673,22988.158661,16.988000
Activity_1,RUN,22988.158675,22988.192790,34.115000
Activity_1,RUN,22988.193083,22988.225660,32.577000
Activity_1,RUN,22988.225666,22988.259226,33.560000
Activity_1,RUN,22988.616894,22988.622892,5.998000
Activity_1,RUN,22988.623161,22988.640523,17.362000
Activity_1,RUN,22988.640818,22988.647653,6.835000
Activity_1,RUN,22988.647662,22988.673489,25.827000
Activity_1,RUN,22988.673567,22988.673936,0.369000
Activity_1,RUN,22988.674168,22988.694012,19.844000
Activity_1,RUN,22988.694287,22988.711654,17.367000
Activity_1,RUN,22988.711661,22988.763552,51.891000
Activity_1,RUN,22989.087244,22989.095648,8.404000
Activity_1,RUN,22989.095658,22989.114425,18.767000
Activity_1,RUN,22989.114725,22989.116092,1.367000
Activity_1,RUN,22989.116322,22989.118975,2.653000
Activity_1,RUN,22989.119205,22989.120326,1.121000
Activity_1,RUN,22989.120809,22989.136647,15.838000
Activity_1,RUN,22989.136661,22989.154559,17.898000
Activity_1,RUN,22989.154794,22989.159647,4.853000
Activity_1,RUN,22989.159656,22989.203645,43.989000
Activity_1,RUN,22989.203658,22989.223648,19.990000
Activity_1,RUN,22989.223660,22989.241075,17.415000
Activity_1,RUN,22989.241148,22989.242001,0.853000
Activity_1,RUN,22989.242516,22989.244160,1.644000
Activity_1,RUN,22989.244391,22989.245090,0.699000
Activity_1,RUN,22989.245319,22989.253646,8.327000
Activity_1,RUN,22989.253656,22989.261643,7.987000
Activity_1,RUN,22989.261872,22989.263545,1.673000
Activity_1,RUN,22989.582670,22989.585175,2.505000
Activity_1,RUN,22989.617248,22989.618651,1.403000
Activity_1,RUN,22989.618656,22989.626413,7.757000
Activity_1,RUN,22989.626714,22989.636093,9.379000
Activity_1,RUN,22989.636171,22989.637737,1.566000
Activity_1,RUN,22989.637969,22989.638236,0.267000
Activity_1,RUN,22989.638474,22989.638890,0.416000
Activity_1,RUN,22989.639205,22989.668644,29.439000
Activity_1,RUN,22989.668650,22989.671642,2.992000
Activity_1,RUN,22989.671650,22989.671874,0.224000
Activity_1,RUN,22989.671903,22989.672068,0.165000
Activity_1,RUN,22989.672115,22989.673243,1.128000
Activity_1,RUN,22989.673472,22989.691086,17.614000
Activity_1,RUN,22989.691357,22989.702640,11.283000
Activity_1,RUN,22989.702654,22989.723642,20.988000
Activity_1,RUN,22989.723646,22989.724639,0.993000
Activity_1,RUN,22989.724649,22989.728837,4.188000
Activity_1,RUN,22989.729077,22989.735639,6.562000
Activity_1,RUN,22989.735647,22989.739035,3.388000
Activity_1,RUN,22989.739111,22989.739431,0.320000
Activity_1,RUN,22989.739669,22989.739996,0.327000
Activity_1,RUN,22989.740222,22989.752640,12.418000
Activity_1,RUN,22989.752650,22989.759731,7.081000
Activity_1,RUN,22989.759961,22989.763539,3.578000
Activity_1,RUN,22990.088600,22990.101637,13.037000
Activity_1,RUN,22990.101642,22990.123639,21.997000
Activity_1,RUN,22990.123644,22990.138444,14.800000
Activity_1,RUN,22990.138737,22990.141635,2.898000
Activity_1,RUN,22990.141638,22990.156638,15.000000
Activity_1,RUN,22990.156641,22990.231640,74.999000
Activity_1,RUN,22990.231650,22990.236635,4.985000
Activity_1,RUN,22990.236650,22990.247845,11.195000
Activity_1,RUN,22990.247923,22990.248231,0.308000
Activity_1,RUN,22990.248460,22990.248914,0.454000
Activity_1,RUN,22990.249150,22990.263536,14.386000
Activity_1,RUN,22990.596845,22990.625929,29.084000
Activity_1,RUN,22990.625933,22990.625939,0.006000
Activity_1,RUN,22991.629867,22991.656734,26.867000
Activity_1,RUN,22991.656775,22991.656866,0.091000
Activity_1,RUN,22991.656914,22991.656923,0.009000
Activity_1,RUN,22991.657165,22991.657375,0.210000
Activity_1,RUN,22991.657616,22991.659443,1.827000
Activity_1,RUN,22991.659673,22991.673743,14.070000
Activity_1,RUN,22991.673819,22991.674462,0.643000
Activity_1,RUN,22991.674987,22991.684573,9.586000
Activity_1,RUN,22991.684811,22991.685340,0.529000
Activity_1,RUN,22991.685629,22991.714043,28.414000
Activity_1,RUN,22991.714271,22991.763520,49.249000
Activity_1,RUN,22992.107362,22992.213464,106.102000
Activity_1,RUN,22992.213497,22992.231614,18.117000
Activity_1,RUN,22992.231623,22992.241108,9.485000
Activity_1,RUN,22992.241186,22992.241547,0.361000
Activity_1,RUN,22992.241779,22992.242138,0.359000
Activity_1,RUN,22992.242378,22992.242809,0.431000
Activity_1,RUN,22992.243140,22992.263511,20.371000
Activity_1,RUN,22992.592420,22992.607609,15.189000
Activity_1,RUN,22992.607613,22992.622610,14.997000
Activity_1,RUN,22992.622614,22992.629736,7.122000
Activity_1,RUN,22992.629968,22992.630229,0.261000
Activity_1,RUN,22992.630465,22992.630877,0.412000
Activity_1,RUN,22992.631135,22992.631401,0.266000
Activity_1,RUN,22992.631479,22992.631790,0.311000
Activity_1,RUN,22992.632026,22992.647553,15.527000
Activity_1,RUN,22992.647557,22992.647561,0.004000
Activity_1,RUN,22993.616838,22993.620083,3.245000
Activity_1,RUN,22993.620372,22993.640852,20.480000
Activity_1,RUN,22993.640888,22993.640912,0.024000
Activity_1,RUN,22993.640948,22993.641043,0.095000
Activity_1,RUN,22993.641081,22993.641180,0.099000
Activity_1,RUN,22993.641469,22993.641730,0.261000
Activity_1,RUN,22993.641964,22993.642989,1.025000
Activity_1,RUN,22993.643209,22993.722497,79.288000
Activity_1,RUN,22993.722796,22993.761372,38.576000
Activity_1,RUN,22993.761450,22993.761814,0.364000
Activity_1,RUN,22993.762045,22993.762610,0.565000
Activity_1,RUN,22993.762839,22993.763493,0.654000
Activity_1,RUN,22994.090815,22994.217177,126.362000
Activity_1,RUN,22994.217214,22994.223592,6.378000
Activity_1,RUN,22994.223606,22994.234590,10.984000
Activity_1,RUN,22994.234594,22994.252591,17.997000
Activity_1,RUN,22994.252604,22994.257220,4.616000
Activity_1,RUN,22994.257493,22994.257729,0.236000
Activity_1,RUN,22994.257964,22994.263489,5.525000
Activity_1,RUN,22994.608641,22994.615872,7.231000
Activity_1,RUN,22994.616830,22994.644102,27.272000
Activity_1,RUN,22994.644402,22994.673575,29.173000
Activity_1,RUN,22994.673655,22994.674030,0.375000
Activity_1,RUN,22994.674261,22994.674839,0.578000
Activity_1,RUN,22994.675074,22994.675512,0.438000
Activity_1,RUN,22994.675797,22994.713906,38.109000
Activity_1,RUN,22994.714184,22994.722585,8.401000
Activity_1,RUN,22994.722600,22994.756584,33.984000
Activity_1,RUN,22994.756588,22994.763483,6.895000
Activity_1,RUN,22995.085595,22995.089581,3.986000
Activity_1,RUN,22995.089596,22995.134582,44.986000
Activity_1,RUN,22995.134588,22995.221582,86.994000
Activity_1,RUN,22995.221588,22995.241233,19.645000
Activity_1,RUN,22995.241310,22995.241678,0.368000
Activity_1,RUN,22995.241908,22995.242196,0.288000
Activity_1,RUN,22995.242425,22995.243164,0.739000
Activity_1,RUN,22995.243460,22995.258197,14.737000
Activity_1,RUN,22995.258467,22995.263477,5.010000
Activity_1,RUN,22995.580714,22995.587337,6.623000
Activity_1,RUN,22995.616822,22995.618590,1.768000
Activity_1,RUN,22995.618856,22995.655576,36.720000
Activity_1,RUN,22995.655591,22995.668116,12.525000
Activity_1,RUN,22995.668364,22995.687578,19.214000
Activity_1,RUN,22995.687654,22995.688741,1.087000
Activity_1,RUN,22995.688856,22995.688931,0.075000
Activity_1,RUN,22995.688983,22995.688992,0.009000
Activity_1,RUN,22995.689028,22995.689572,0.544000
Activity_1,RUN,22995.689584,22995.701573,11.989000
Activity_1,RUN,22995.701577,22995.763473,61.896000
Activity_1,RUN,22996.077028,22996.129514,52.486000
Activity_1,RUN,22996.129552,22996.180078,50.526000
Activity_1,RUN,22996.180133,22996.199570,19.437000
Activity_1,RUN,22996.199578,22996.231946,32.368000
Activity_1,RUN,22996.231985,22996.263470,31.485000
Activity_1,RUN,22996.606002,22996.607911,1.909000
Activity_1,RUN,22996.616806,22996.627563,10.757000
Activity_1,RUN,22996.627578,22996.641657,14.079000
Activity_1,RUN,22996.641695,22996.711563,69.868000
Activity_1,RUN,22996.711570,22996.744109,32.539000
Activity_1,RUN,22996.744147,22996.758134,13.987000
Activity_1,RUN,22996.758168,22996.758517,0.349000
Activity_1,RUN,22996.758610,22996.758814,0.204000
Activity_1,RUN,22996.758878,22996.763461,4.583000
Activity_1,RUN,22997.078621,22997.153844,75.223000
Activity_1,RUN,22997.153882,22997.249185,95.303000
Activity_1,RUN,22997.616798,22997.665975,49.177000
Activity_1,RUN,22997.666013,22997.671554,5.541000
Activity_1,RUN,22997.671564,22997.673573,2.009000
Activity_1,RUN,22997.673608,22997.673954,0.346000
Activity_1,RUN,22997.673991,22997.675318,1.327000
Activity_1,RUN,22997.675373,22997.716122,40.749000
Activity_1,RUN,22997.716180,22997.763453,47.273000
Activity_1,RUN,22998.080102,22998.177119,97.017000
Activity_1,RUN,22998.177158,22998.183552,6.394000
Activity_1,RUN,22998.183559,22998.204438,20.879000
Activity_1,RUN,22998.204491,22998.228129,23.638000
Activity_1,RUN,22998.228184,22998.241142,12.958000
Activity_1,RUN,22998.241177,22998.241507,0.330000
Activity_1,RUN,22998.241564,22998.242080,0.516000
Activity_1,RUN,22998.242132,22998.247547,5.415000
Activity_1,RUN,22998.247558,22998.248545,0.987000
Activity_1,RUN,22998.248557,22998.248956,0.399000
Activity_1,RUN,22998.248993,22998.249057,0.064000
Activity_1,RUN,22998.249085,22998.250178,1.093000
Activity_1,RUN,22998.250215,22998.263445,13.230000
Activity_1,RUN,22998.611747,22998.612554,0.807000
Activity_1,RUN,22998.616784,22998.637726,20.942000
Activity_1,RUN,22998.637787,22998.676336,38.549000
Activity_1,RUN,22998.676372,22998.676730,0.358000
Activity_1,RUN,22998.676767,22998.689246,12.479000
Activity_1,RUN,22998.689280,22998.695542,6.262000
Activity_1,RUN,22998.695554,22998.717448,21.894000
Activity_1,RUN,22998.717484,22998.717567,0.083000
Activity_1,RUN,22998.717653,22998.740114,22.461000
Activity_1,RUN,22998.740167,22998.763440,23.273000
Activity_1,RUN,22999.077063,22999.098923,21.860000
Activity_1,RUN,22999.098953,22999.201377,102.424000
Activity_1,RUN,22999.201415,22999.205538,4.123000
Activity_1,RUN,22999.205544,22999.207535,1.991000
Activity_1,RUN,22999.207542,22999.249851,42.309000
Activity_1,RUN,22999.616773,22999.656760,39.987000
Activity_1,RUN,22999.657036,22999.661784,4.748000
Activity_1,RUN,22999.662026,22999.719534,57.508000
Activity_1,RUN,22999.719544,22999.758430,38.886000
Activity_1,RUN,22999.758506,22999.758857,0.351000
Activity_1,RUN,22999.759090,22999.759621,0.531000
Activity_1,RUN,22999.759855,22999.760263,0.408000
Activity_1,RUN,22999.760543,22999.763428,2.885000
Activity_1,RUN,23000.080410,23000.161556,81.146000
Activity_1,RUN,23000.161561,23000.167524,5.963000
Activity_1,RUN,23000.167532,23000.263425,95.893000
Activity_1,RUN,23000.579499,23000.582319,2.820000
Activity_1,RUN,23000.616762,23000.673715,56.953000
Activity_1,RUN,23000.673792,23000.674144,0.352000
Activity_1,RUN,23000.674429,23000.675469,1.040000
Activity_1,RUN,23000.676019,23000.679528,3.509000
Activity_1,RUN,23000.679537,23000.685820,6.283000
Activity_1,RUN,23000.686120,23000.694328,8.208000
Activity_1,RUN,23000.694562,23000.763422,68.860000
Activity_1,RUN,23001.101310,23001.181520,80.210000
Activity_1,RUN,23001.181526,23001.191513,9.987000
Activity_1,RUN,23001.191520,23001.231057,39.537000
Activity_1,RUN,23001.231323,23001.231514,0.191000
Activity_1,RUN,23001.231519,23001.231959,0.440000
Activity_1,RUN,23001.232189,23001.232608,0.419000
Activity_1,RUN,23001.232834,23001.233238,0.404000
Activity_1,RUN,23001.233819,23001.234086,0.267000
Activity_1,RUN,23001.234319,23001.241238,6.919000
Activity_1,RUN,23001.241302,23001.241666,0.364000
Activity_1,RUN,23001.241942,23001.242003,0.061000
Activity_1,RUN,23001.242291,23001.255515,13.224000
Activity_1,RUN,23001.255524,23001.263412,7.888000
Activity_1,RUN,23001.577804,23001.599642,21.838000
Activity_1,RUN,23001.599717,23001.600042,0.325000
Activity_1,RUN,23001.600274,23001.607418,7.144000
Activity_1,RUN,23001.607675,23001.611701,4.026000
Activity_1,RUN,23001.616753,23001.621099,4.346000
Activity_1,RUN,23001.621376,23001.630558,9.182000
Activity_1,RUN,23001.630647,23001.630713,0.066000
Activity_1,RUN,23001.630742,23001.631021,0.279000
Activity_1,RUN,23001.631296,23001.651193,19.897000
Activity_1,RUN,23001.651461,23001.673515,22.054000
Activity_1,RUN,23001.673523,23001.703511,29.988000
Activity_1,RUN,23001.703519,23001.704516,0.997000
Activity_1,RUN,23001.704600,23001.704666,0.066000
Activity_1,RUN,23001.704708,23001.704725,0.017000
Activity_1,RUN,23001.704768,23001.706035,1.267000
Activity_1,RUN,23001.706263,23001.763409,57.146000
Activity_1,RUN,23002.085078,23002.099503,14.425000
Activity_1,RUN,23002.099516,23002.144121,44.605000
Activity_1,RUN,23002.144201,23002.144269,0.068000
Activity_1,RUN,23002.144336,23002.144734,0.398000
Activity_1,RUN,23002.145007,23002.145583,0.576000
Activity_1,RUN,23002.145813,23002.147103,1.290000
Activity_1,RUN,23002.147583,23002.147644,0.061000
Activity_1,RUN,23002.147921,23002.151507,3.586000
Activity_1,RUN,23002.151515,23002.164835,13.320000
Activity_1,RUN,23002.165067,23002.203506,38.439000
Activity_1,RUN,23002.203512,23002.205502,1.990000
Activity_1,RUN,23002.205506,23002.221832,16.326000
Activity_1,RUN,23002.222115,23002.222808,0.693000
Activity_1,RUN,23002.223039,23002.223606,0.567000
Activity_1,RUN,23002.223832,23002.226312,2.480000
Activity_1,RUN,23002.226544,23002.226674,0.130000
Activity_1,RUN,23002.227200,23002.248020,20.820000
Activity_1,RUN,23002.248090,23002.248422,0.332000
Activity_1,RUN,23002.248699,23002.261974,13.275000
Activity_1,RUN,23002.262204,23002.263403,1.199000
Activity_1,RUN,23002.589455,23002.592031,2.576000
Activity_1,RUN,23002.616743,23002.631445,14.702000
Activity_1,RUN,23002.631747,23002.663500,31.753000
Activity_1,RUN,23002.663509,23002.758279,94.770000
Activity_1,RUN,23002.758355,23002.759114,0.759000
Activity_1,RUN,23002.759395,23002.760393,0.998000
Activity_1,RUN,23002.760688,23002.763396,2.708000
Activity_1,RUN,23003.097937,23003.106499,8.562000
Activity_1,RUN,23003.106506,23003.175498,68.992000
Activity_1,RUN,23003.175506,23003.181495,5.989000
Activity_1,RUN,23003.181498,23003.202498,21.000000
Activity_1,RUN,23003.202504,23003.222493,19.989000
Activity_1,RUN,23003.222497,23003.239492,16.995000
Activity_1,RUN,23003.239500,23003.245842,6.342000
Activity_1,RUN,23003.246135,23003.263392,17.257000
Activity_1,RUN,23003.581629,23003.593213,11.584000
Activity_1,RUN,23003.616730,23003.623496,6.766000
Activity_1,RUN,23003.623510,23003.628972,5.462000
Activity_1,RUN,23003.629059,23003.629132,0.073000
Activity_1,RUN,23003.629160,23003.629420,0.260000
Activity_1,RUN,23003.629652,23003.629936,0.284000
Activity_1,RUN,23003.630171,23003.649653,19.482000
Activity_1,RUN,23003.649931,23003.655444,5.513000
Activity_1,RUN,23003.655684,23003.659386,3.702000
Activity_1,RUN,23003.659469,23003.659538,0.069000
Activity_1,RUN,23003.659609,23003.659767,0.158000
Activity_1,RUN,23003.660030,23003.673732,13.702000
Activity_1,RUN,23003.673802,23003.675029,1.227000
Activity_1,RUN,23003.675259,23003.680114,4.855000
Activity_1,RUN,23003.680342,23003.681495,1.153000
Activity_1,RUN,23003.681501,23003.687489,5.988000
Activity_1,RUN,23003.687496,23003.688606,1.110000
Activity_1,RUN,23003.688642,23003.688667,0.025000
Activity_1,RUN,23003.688702,23003.688801,0.099000
Activity_1,RUN,23003.688844,23003.688904,0.060000
Activity_1,RUN,23003.689190,23003.689987,0.797000
Activity_1,RUN,23003.690215,23003.723488,33.273000
Activity_1,RUN,23003.723503,23003.757852,34.349000
Activity_1,RUN,23003.758145,23003.759779,1.634000
Activity_1,RUN,23003.760008,23003.762865,2.857000
Activity_1,RUN,23004.093129,23004.167487,74.358000
Activity_1,RUN,23004.167778,23004.199487,31.709000
Activity_1,RUN,23004.199497,23004.241310,41.813000
Activity_1,RUN,23004.241387,23004.241746,0.359000
Activity_1,RUN,23004.241979,23004.242372,0.393000
Activity_1,RUN,23004.242607,23004.243002,0.395000
Activity_1,RUN,23004.244046,23004.244049,0.003000
Activity_1,RUN,23004.244549,23004.244946,0.397000
Activity_1,RUN,23004.245235,23004.245285,0.050000
Activity_1,RUN,23004.245312,23004.245578,0.266000
Activity_1,RUN,23004.245807,23004.258279,12.472000
Activity_1,RUN,23004.258563,23004.262026,3.463000
Activity_1,RUN,23004.262257,23004.263380,1.123000
Activity_1,RUN,23004.579297,23004.597348,18.051000
Activity_1,RUN,23004.616719,23004.679483,62.764000
Activity_1,RUN,23004.679774,23004.700069,20.295000
Activity_1,RUN,23004.700093,23004.711481,11.388000
Activity_1,RUN,23004.711498,23004.763378,51.880000
Activity_1,RUN,23005.089017,23005.089086,0.069000
Activity_1,RUN,23005.089343,23005.095626,6.283000
Activity_1,RUN,23005.095701,23005.096328,0.627000
Activity_1,RUN,23005.096554,23005.116384,19.830000
Activity_1,RUN,23005.116673,23005.159474,42.801000
Activity_1,RUN,23005.159483,23005.196434,36.951000
Activity_1,RUN,23005.196730,23005.207631,10.901000
Activity_1,RUN,23005.207863,23005.223474,15.611000
Activity_1,RUN,23005.223483,23005.234475,10.992000
Activity_1,RUN,23005.234492,23005.254475,19.983000
Activity_1,RUN,23005.254489,23005.263372,8.883000
Activity_1,RUN,23005.577089,23005.580938,3.849000
Activity_1,RUN,23005.616714,23005.629351,12.637000
Activity_1,RUN,23005.629628,23005.653768,24.140000
Activity_1,RUN,23005.653854,23005.653918,0.064000
Activity_1,RUN,23005.653988,23005.654140,0.152000
Activity_1,RUN,23005.654409,23005.662634,8.225000
Activity_1,RUN,23005.662868,23005.663532,0.664000
Activity_1,RUN,23005.664061,23005.671468,7.407000
Activity_1,RUN,23005.671478,23005.671763,0.285000
Activity_1,RUN,23005.671798,23005.671916,0.118000
Activity_1,RUN,23005.671959,23005.671993,0.034000
Activity_1,RUN,23005.672028,23005.674434,2.406000
Activity_1,RUN,23005.674488,23005.675585,1.097000
Activity_1,RUN,23005.675622,23005.675693,0.071000
Activity_1,RUN,23005.675743,23005.726576,50.833000
Activity_1,RUN,23005.726591,23005.755381,28.790000
Activity_1,RUN,23005.755414,23005.758338,2.924000
Activity_1,RUN,23005.758372,23005.758718,0.346000
Activity_1,RUN,23005.758755,23005.759075,0.320000
Activity_1,RUN,23005.759150,23005.763365,4.215000
Activity_1,RUN,23006.078404,23006.126470,48.066000
Activity_1,RUN,23006.126476,23006.165167,38.691000
Activity_1,RUN,23006.165205,23006.183465,18.260000
Activity_1,RUN,23006.183473,23006.215452,31.979000
Activity_1,RUN,23006.215519,23006.247462,31.943000
Activity_1,RUN,23006.247467,23006.263361,15.894000
Activity_1,RUN,23006.577091,23006.582925,5.834000
Activity_1,RUN,23006.616702,23006.622737,6.035000
Activity_1,RUN,23006.622778,23006.625075,2.297000
Activity_1,RUN,23006.625147,23006.659543,34.396000
Activity_1,RUN,23006.659549,23006.673750,14.201000
Activity_1,RUN,23006.673786,23006.674156,0.370000
Activity_1,RUN,23006.674237,23006.674400,0.163000
Activity_1,RUN,23006.674474,23006.677343,2.869000
Activity_1,RUN,23006.677378,23006.695457,18.079000
Activity_1,RUN,23006.695469,23006.711456,15.987000
Activity_1,RUN,23006.711460,23006.726455,14.995000
Activity_1,RUN,23006.726468,23006.727455,0.987000
Activity_1,RUN,23006.727532,23006.763355,35.823000
Activity_1,RUN,23007.077224,23007.085960,8.736000
Activity_1,RUN,23007.086025,23007.086138,0.113000
Activity_1,RUN,23007.086172,23007.087076,0.904000
Activity_1,PREEMPT,22972.627757,22972.628080,0.323000
Activity_1,PREEMPT,22972.628617,22972.628851,0.234000
Activity_1,PREEMPT,22972.648227,22972.648456,0.229000
Activity_1,PREEMPT,22972.657768,22972.657834,0.066000
Activity_1,PREEMPT,22972.658196,22972.658432,0.236000
Activity_1,PREEMPT,22972.668573,22972.669070,0.497000
Activity_1,PREEMPT,22972.697987,22972.698268,0.281000
Activity_1,PREEMPT,22972.730119,22972.730409,0.290000
Activity_1,PREEMPT,22972.757819,22972.757894,0.075000
Activity_1,PREEMPT,22972.758229,22972.758460,0.231000
Activity_1,PREEMPT,22972.763749,22973.089728,325.979000
Activity_1,PREEMPT,22973.139741,22973.140033,0.292000
Activity_1,PREEMPT,22973.211416,22973.211455,0.039000
Activity_1,PREEMPT,22973.223841,22973.223848,0.007000
Activity_1,PREEMPT,22973.230842,22973.230856,0.014000
Activity_1,PREEMPT,22973.242148,22973.242434,0.286000
Activity_1,PREEMPT,22973.263743,22973.585935,322.192000
Activity_1,PREEMPT,22973.597840,22973.597856,0.016000
Activity_1,SLEEP,22973.601023,22973.617077,16.054000
Activity_1,PREEMPT,22973.630840,22973.630855,0.015000
Activity_1,PREEMPT,22973.651751,22973.652045,0.294000
Activity_1,PREEMPT,22973.660063,22973.660148,0.085000
Activity_1,PREEMPT,22973.660216,22973.660244,0.028000
Activity_1,PREEMPT,22973.660494,22973.660725,0.231000
Activity_1,PREEMPT,22973.661158,22973.661379,0.221000
Activity_1,PREEMPT,22973.672072,22973.672107,0.035000
Activity_1,PREEMPT,22973.672195,22973.672237,0.042000
Activity_1,PREEMPT,22973.672253,22973.672295,0.042000
Activity_1,PREEMPT,22973.673730,22973.673954,0.224000
Activity_1,PREEMPT,22973.722379,22973.722455,0.076000
Activity_1,PREEMPT,22973.722796,22973.723027,0.231000
Activity_1,PREEMPT,22973.723662,22973.723904,0.242000
Activity_1,PREEMPT,22973.724555,22973.725087,0.532000
Activity_1,PREEMPT,22973.754156,22973.754453,0.297000
Activity_1,PREEMPT,22973.762621,22973.762904,0.283000
Activity_1,PREEMPT,22973.763733,22974.082852,319.119000
Activity_1,PREEMPT,22974.113832,22974.113844,0.012000
Activity_1,PREEMPT,22974.129830,22974.129839,0.009000
Activity_1,PREEMPT,22974.135829,22974.135836,0.007000
Activity_1,PREEMPT,22974.159943,22974.160018,0.075000
Activity_1,PREEMPT,22974.160341,22974.160578,0.237000
Activity_1,PREEMPT,22974.160847,22974.161086,0.239000
Activity_1,PREEMPT,22974.163769,22974.164431,0.662000
Activity_1,PREEMPT,22974.164587,22974.164615,0.028000
Activity_1,PREEMPT,22974.164944,22974.165175,0.231000
Activity_1,PREEMPT,22974.178831,22974.178835,0.004000
Activity_1,PREEMPT,22974.179828,22974.179835,0.007000
Activity_1,PREEMPT,22974.180506,22974.180736,0.230000
Activity_1,PREEMPT,22974.183833,22974.183840,0.007000
Activity_1,PREEMPT,22974.189829,22974.189832,0.003000
Activity_1,PREEMPT,22974.207829,22974.207832,0.003000
Activity_1,PREEMPT,22974.211830,22974.211833,0.003000
Activity_1,PREEMPT,22974.212827,22974.212834,0.007000
Activity_1,PREEMPT,22974.228828,22974.228832,0.004000
Activity_1,PREEMPT,22974.240850,22974.240915,0.065000
Activity_1,PREEMPT,22974.241293,22974.241562,0.269000
Activity_1,PREEMPT,22974.241884,22974.242136,0.252000
Activity_1,PREEMPT,22974.242539,22974.243104,0.565000
Activity_1,PREEMPT,22974.243134,22974.243383,0.249000
Activity_1,PREEMPT,22974.243727,22974.243968,0.241000
Activity_1,PREEMPT,22974.247830,22974.247840,0.010000
Activity_1,PREEMPT,22974.261497,22974.261731,0.234000
Activity_1,PREEMPT,22974.261829,22974.261832,0.003000
Activity_1,PREEMPT,22974.263727,22974.585275,321.548000
Activity_1,SLEEP,22974.587454,22974.617072,29.618000
Activity_1,PREEMPT,22974.671827,22974.671833,0.006000
Activity_1,PREEMPT,22974.675776,22974.676075,0.299000
Activity_1,PREEMPT,22974.676639,22974.676874,0.235000
Activity_1,PREEMPT,22974.677346,22974.677577,0.231000
Activity_1,PREEMPT,22974.679931,22974.680496,0.565000
Activity_1,PREEMPT,22974.681403,22974.681838,0.435000
Activity_1,PREEMPT,22974.682724,22974.683206,0.482000
Activity_1,PREEMPT,22974.683857,22974.685345,1.488000
Activity_1,PREEMPT,22974.687718,22974.687953,0.235000
Activity_1,PREEMPT,22974.695831,22974.695845,0.014000
Activity_1,PREEMPT,22974.705452,22974.705726,0.274000
Activity_1,PREEMPT,22974.763723,22975.084578,320.855000
Activity_1,PREEMPT,22975.107821,22975.107826,0.005000
Activity_1,PREEMPT,22975.128819,22975.128824,0.005000
Activity_1,PREEMPT,22975.143819,22975.143829,0.010000
Activity_1,PREEMPT,22975.161818,22975.161822,0.004000
Activity_1,PREEMPT,22975.196825,22975.196833,0.008000
Activity_1,PREEMPT,22975.207818,22975.207828,0.010000
Activity_1,PREEMPT,22975.209638,22975.209907,0.269000
Activity_1,PREEMPT,22975.210469,22975.210711,0.242000
Activity_1,PREEMPT,22975.211105,22975.211658,0.553000
Activity_1,PREEMPT,22975.211816,22975.211820,0.004000
Activity_1,PREEMPT,22975.211856,22975.212081,0.225000
Activity_1,PREEMPT,22975.229198,22975.229469,0.271000
Activity_1,PREEMPT,22975.263716,22975.585797,322.081000
Activity_1,SLEEP,22975.596608,22975.617054,20.446000
Activity_1,PREEMPT,22975.653529,22975.653618,0.089000
Activity_1,PREEMPT,22975.653691,22975.653767,0.076000
Activity_1,PREEMPT,22975.654463,22975.654694,0.231000
Activity_1,PREEMPT,22975.657041,22975.657076,0.035000
Activity_1,PREEMPT,22975.657182,22975.657227,0.045000
Activity_1,PREEMPT,22975.657253,22975.657498,0.245000
Activity_1,PREEMPT,22975.658479,22975.658708,0.229000
Activity_1,PREEMPT,22975.699773,22975.700072,0.299000
Activity_1,PREEMPT,22975.719813,22975.719822,0.009000
Activity_1,PREEMPT,22975.761245,22975.761281,0.036000
Activity_1,PREEMPT,22975.762071,22975.762302,0.231000
Activity_1,PREEMPT,22975.762648,22975.762888,0.240000
Activity_1,PREEMPT,22975.763269,22976.081598,318.329000
Activity_1,PREEMPT,22976.142786,22976.143074,0.288000
Activity_1,PREEMPT,22976.143239,22976.143524,0.285000
Activity_1,PREEMPT,22976.144025,22976.144284,0.259000
Activity_1,PREEMPT,22976.167806,22976.167812,0.006000
Activity_1,PREEMPT,22976.182096,22976.182373,0.277000
Activity_1,PREEMPT,22976.211794,22976.212101,0.307000
Activity_1,PREEMPT,22976.256805,22976.256811,0.006000
Activity_1,SLEEP,22976.261933,22976.617045,355.112000
Activity_1,PREEMPT,22976.679801,22976.679810,0.009000
Activity_1,PREEMPT,22976.706803,22976.706809,0.006000
Activity_1,PREEMPT,22976.712798,22976.712811,0.013000
Activity_1,PREEMPT,22976.722279,22976.722356,0.077000
Activity_1,PREEMPT,22976.724767,22976.724999,0.232000
Activity_1,PREEMPT,22976.725185,22976.725458,0.273000
Activity_1,PREEMPT,22976.727938,22976.728226,0.288000
Activity_1,PREEMPT,22976.738797,22976.738801,0.004000
Activity_1,PREEMPT,22976.745798,22976.745810,0.012000
Activity_1,PREEMPT,22976.762530,22976.762824,0.294000
Activity_1,PREEMPT,22976.763696,22977.083621,319.925000
Activity_1,PREEMPT,22977.106799,22977.106806,0.007000
Activity_1,PREEMPT,22977.112793,22977.112805,0.012000
Activity_1,PREEMPT,22977.122790,22977.122802,0.012000
Activity_1,PREEMPT,22977.127788,22977.127796,0.008000
Activity_1,PREEMPT,22977.139789,22977.139791,0.002000
Activity_1,PREEMPT,22977.145790,22977.145797,0.007000
Activity_1,PREEMPT,22977.166806,22977.167068,0.262000
Activity_1,PREEMPT,22977.167388,22977.167619,0.231000
Activity_1,PREEMPT,22977.172787,22977.172794,0.007000
Activity_1,PREEMPT,22977.186360,22977.186590,0.230000
Activity_1,PREEMPT,22977.189790,22977.189793,0.003000
Activity_1,PREEMPT,22977.191791,22977.191799,0.008000
Activity_1,PREEMPT,22977.235837,22977.236091,0.254000
Activity_1,PREEMPT,22977.240920,22977.240986,0.066000
Activity_1,PREEMPT,22977.241370,22977.241601,0.231000
Activity_1,PREEMPT,22977.241955,22977.242181,0.226000
Activity_1,PREEMPT,22977.242679,22977.242965,0.286000
Activity_1,PREEMPT,22977.263690,22977.582931,319.241000
Activity_1,SLEEP,22977.589543,22977.617026,27.483000
Activity_1,PREEMPT,22977.646811,22977.647109,0.298000
Activity_1,PREEMPT,22977.660789,22977.660793,0.004000
Activity_1,PREEMPT,22977.703786,22977.703797,0.011000
Activity_1,PREEMPT,22977.705297,22977.705385,0.088000
Activity_1,PREEMPT,22977.705457,22977.705500,0.043000
Activity_1,PREEMPT,22977.705505,22977.705544,0.039000
Activity_1,PREEMPT,22977.706823,22977.707052,0.229000
Activity_1,PREEMPT,22977.748606,22977.748894,0.288000
Activity_1,PREEMPT,22977.749238,22977.749467,0.229000
Activity_1,PREEMPT,22977.763684,22978.083616,319.932000
Activity_1,PREEMPT,22978.110783,22978.110789,0.006000
Activity_1,PREEMPT,22978.112778,22978.112790,0.012000
Activity_1,PREEMPT,22978.123778,22978.123787,0.009000
Activity_1,PREEMPT,22978.128780,22978.128792,0.012000
Activity_1,PREEMPT,22978.137777,22978.137786,0.009000
Activity_1,PREEMPT,22978.157446,22978.157729,0.283000
Activity_1,PREEMPT,22978.210783,22978.210789,0.006000
Activity_1,PREEMPT,22978.263677,22978.587314,323.637000
Activity_1,SLEEP,22978.593448,22978.617014,23.566000
Activity_1,PREEMPT,22978.620962,22978.621040,0.078000
Activity_1,PREEMPT,22978.621370,22978.621601,0.231000
Activity_1,PREEMPT,22978.622685,22978.622933,0.248000
Activity_1,PREEMPT,22978.623368,22978.623608,0.240000
Activity_1,PREEMPT,22978.661371,22978.661648,0.277000
Activity_1,PREEMPT,22978.663773,22978.663781,0.008000
Activity_1,PREEMPT,22978.665772,22978.665784,0.012000
Activity_1,PREEMPT,22978.758474,22978.758587,0.113000
Activity_1,PREEMPT,22978.758850,22978.759143,0.293000
Activity_1,PREEMPT,22978.759805,22978.760099,0.294000
Activity_1,PREEMPT,22978.760606,22978.760909,0.303000
Activity_1,PREEMPT,22978.763670,22979.093895,330.225000
Activity_1,PREEMPT,22979.111771,22979.111778,0.007000
Activity_1,PREEMPT,22979.175771,22979.175779,0.008000
Activity_1,PREEMPT,22979.234768,22979.234783,0.015000
Activity_1,PREEMPT,22979.239765,22979.239773,0.008000
Activity_1,PREEMPT,22979.263665,22979.578981,315.316000
Activity_1,SLEEP,22979.603868,22979.617000,13.132000
Activity_1,PREEMPT,22979.668764,22979.668769,0.005000
Activity_1,PREEMPT,22979.687764,22979.687778,0.014000
Activity_1,PREEMPT,22979.688834,22979.688914,0.080000
Activity_1,PREEMPT,22979.688958,22979.689001,0.043000
Activity_1,PREEMPT,22979.689017,22979.689063,0.046000
Activity_1,PREEMPT,22979.690457,22979.690681,0.224000
Activity_1,PREEMPT,22979.763660,22980.098690,335.030000
Activity_1,PREEMPT,22980.103048,22980.103289,0.241000
Activity_1,PREEMPT,22980.135756,22980.135764,0.008000
Activity_1,PREEMPT,22980.180756,22980.180761,0.005000
Activity_1,PREEMPT,22980.244320,22980.244407,0.087000
Activity_1,PREEMPT,22980.244717,22980.244947,0.230000
Activity_1,PREEMPT,22980.245170,22980.245400,0.230000
Activity_1,PREEMPT,22980.245792,22980.246095,0.303000
Activity_1,PREEMPT,22980.257394,22980.257672,0.278000
Activity_1,PREEMPT,22980.261254,22980.261523,0.269000
Activity_1,PREEMPT,22980.263651,22980.599331,335.680000
Activity_1,SLEEP,22980.611934,22980.617084,5.150000
Activity_1,PREEMPT,22980.645753,22980.645759,0.006000
Activity_1,PREEMPT,22980.648296,22980.648566,0.270000
Activity_1,PREEMPT,22980.648689,22980.648969,0.280000
Activity_1,PREEMPT,22980.667932,22980.668215,0.283000
Activity_1,PREEMPT,22980.711755,22980.711766,0.011000
Activity_1,PREEMPT,22980.717484,22980.717780,0.296000
Activity_1,PREEMPT,22980.763646,22981.081728,318.082000
Activity_1,PREEMPT,22981.095744,22981.095751,0.007000
Activity_1,PREEMPT,22981.101742,22981.101745,0.003000
Activity_1,PREEMPT,22981.159744,22981.159754,0.010000
Activity_1,PREEMPT,22981.168741,22981.168744,0.003000
Activity_1,PREEMPT,22981.196740,22981.196754,0.014000
Activity_1,PREEMPT,22981.223739,22981.223747,0.008000
Activity_1,PREEMPT,22981.246740,22981.246743,0.003000
Activity_1,SLEEP,22981.260245,22981.616981,356.736000
Activity_1,PREEMPT,22981.638743,22981.638750,0.007000
Activity_1,PREEMPT,22981.639081,22981.639380,0.299000
Activity_1,PREEMPT,22981.652735,22981.652748,0.013000
Activity_1,PREEMPT,22981.671735,22981.671743,0.008000
Activity_1,PREEMPT,22981.672995,22981.673031,0.036000
Activity_1,PREEMPT,22981.673047,22981.673082,0.035000
Activity_1,PREEMPT,22981.673224,22981.673276,0.052000
Activity_1,PREEMPT,22981.673337,22981.673378,0.041000
Activity_1,PREEMPT,22981.673555,22981.673592,0.037000
Activity_1,PREEMPT,22981.704195,22981.704248,0.053000
Activity_1,PREEMPT,22981.741442,22981.741499,0.057000
Activity_1,PREEMPT,22981.747735,22981.747739,0.004000
Activity_1,PREEMPT,22981.757960,22981.757995,0.035000
Activity_1,PREEMPT,22981.758349,22981.758386,0.037000
Activity_1,PREEMPT,22981.759609,22981.759677,0.068000
Activity_1,PREEMPT,22981.763633,22982.078054,314.421000
Activity_1,PREEMPT,22982.100686,22982.100719,0.033000
Activity_1,PREEMPT,22982.119730,22982.119738,0.008000
Activity_1,PREEMPT,22982.150729,22982.150732,0.003000
Activity_1,PREEMPT,22982.172848,22982.172884,0.036000
Activity_1,PREEMPT,22982.173099,22982.173126,0.027000
Activity_1,PREEMPT,22982.173183,22982.173211,0.028000
Activity_1,PREEMPT,22982.173246,22982.173284,0.038000
Activity_1,PREEMPT,22982.173999,22982.174036,0.037000
Activity_1,PREEMPT,22982.174910,22982.174946,0.036000
Activity_1,PREEMPT,22982.175051,22982.175172,0.121000
Activity_1,PREEMPT,22982.203100,22982.203139,0.039000
Activity_1,PREEMPT,22982.247731,22982.247739,0.008000
Activity_1,PREEMPT,22982.263627,22982.582111,318.484000
Activity_1,SLEEP,22982.582845,22982.616980,34.135000
Activity_1,PREEMPT,22982.663036,22982.663097,0.061000
Activity_1,PREEMPT,22982.673432,22982.673467,0.035000
Activity_1,PREEMPT,22982.673829,22982.673863,0.034000
Activity_1,PREEMPT,22982.674189,22982.674254,0.065000
Activity_1,PREEMPT,22982.695726,22982.695740,0.014000
Activity_1,PREEMPT,22982.715262,22982.715300,0.038000
Activity_1,PREEMPT,22982.763624,22983.083125,319.501000
Activity_1,PREEMPT,22983.121720,22983.121725,0.005000
Activity_1,PREEMPT,22983.124974,22983.125007,0.033000
Activity_1,PREEMPT,22983.143719,22983.143753,0.034000
Activity_1,PREEMPT,22983.204225,22983.204283,0.058000
Activity_1,PREEMPT,22983.207718,22983.207727,0.009000
Activity_1,PREEMPT,22983.226444,22983.226479,0.035000
Activity_1,PREEMPT,22983.240931,22983.240966,0.035000
Activity_1,PREEMPT,22983.241318,22983.241355,0.037000
Activity_1,PREEMPT,22983.241715,22983.241771,0.056000
Activity_1,PREEMPT,22983.248688,22983.248725,0.037000
Activity_1,PREEMPT,22983.248849,22983.248876,0.027000
Activity_1,PREEMPT,22983.249929,22983.249966,0.037000
Activity_1,PREEMPT,22983.263616,22983.578201,314.585000
Activity_1,PREEMPT,22983.581143,22983.581251,0.108000
Activity_1,PREEMPT,22983.581290,22983.581385,0.095000
Activity_1,PREEMPT,22983.581570,22983.581668,0.098000
Activity_1,PREEMPT,22983.581716,22983.581822,0.106000
Activity_1,PREEMPT,22983.581849,22983.581949,0.100000
Activity_1,PREEMPT,22983.581988,22983.582082,0.094000
Activity_1,PREEMPT,22983.582100,22983.582199,0.099000
Activity_1,PREEMPT,22983.582246,22983.582332,0.086000
Activity_1,PREEMPT,22983.582991,22983.583088,0.097000
Activity_1,PREEMPT,22983.583135,22983.583229,0.094000
Activity_1,PREEMPT,22983.583306,22983.583399,0.093000
Activity_1,PREEMPT,22983.583417,22983.583510,0.093000
Activity_1,PREEMPT,22983.583578,22983.583670,0.092000
Activity_1,PREEMPT,22983.583688,22983.583909,0.221000
Activity_1,PREEMPT,22983.584003,22983.584101,0.098000
Activity_1,PREEMPT,22983.584119,22983.584216,0.097000
Activity_1,PREEMPT,22983.584261,22983.584352,0.091000
Activity_1,PREEMPT,22983.584371,22983.584467,0.096000
Activity_1,PREEMPT,22983.584511,22983.584611,0.100000
Activity_1,PREEMPT,22983.584650,22983.584921,0.271000
Activity_1,PREEMPT,22983.584960,22983.585055,0.095000
Activity_1,PREEMPT,22983.585374,22983.585475,0.101000
Activity_1,PREEMPT,22983.585596,22983.585688,0.092000
Activity_1,PREEMPT,22983.585724,22983.585824,0.100000
Activity_1,PREEMPT,22983.586120,22983.586223,0.103000
Activity_1,PREEMPT,22983.586241,22983.586336,0.095000
Activity_1,PREEMPT,22983.586414,22983.586509,0.095000
Activity_1,PREEMPT,22983.586528,22983.586622,0.094000
Activity_1,PREEMPT,22983.587591,22983.587686,0.095000
Activity_1,SLEEP,22983.602751,22983.616997,14.246000
Activity_1,PREEMPT,22983.636156,22983.636194,0.038000
Activity_1,PREEMPT,22983.687078,22983.687137,0.059000
Activity_1,PREEMPT,22983.688060,22983.688119,0.059000
Activity_1,PREEMPT,22983.693152,22983.693240,0.088000
Activity_1,PREEMPT,22983.696712,22983.696726,0.014000
Activity_1,PREEMPT,22983.719712,22983.719720,0.008000
Activity_1,PREEMPT,22983.738590,22983.738625,0.035000
Activity_1,PREEMPT,22983.763610,22984.083068,319.458000
Activity_1,PREEMPT,22984.097704,22984.097779,0.075000
Activity_1,PREEMPT,22984.148284,22984.148321,0.037000
Activity_1,PREEMPT,22984.167708,22984.167716,0.008000
Activity_1,PREEMPT,22984.199100,22984.199160,0.060000
Activity_1,PREEMPT,22984.205803,22984.205839,0.036000
Activity_1,PREEMPT,22984.222709,22984.222719,0.010000
Activity_1,PREEMPT,22984.250675,22984.250716,0.041000
Activity_1,SLEEP,22984.255096,22984.616942,361.846000
Activity_1,PREEMPT,22984.660389,22984.660429,0.040000
Activity_1,PREEMPT,22984.671701,22984.671706,0.005000
Activity_1,PREEMPT,22984.679702,22984.679710,0.008000
Activity_1,PREEMPT,22984.721700,22984.721706,0.006000
Activity_1,PREEMPT,22984.758016,22984.758052,0.036000
Activity_1,PREEMPT,22984.758401,22984.758439,0.038000
Activity_1,PREEMPT,22984.759136,22984.759201,0.065000
Activity_1,PREEMPT,22984.762788,22984.762822,0.034000
Activity_1,PREEMPT,22984.763597,22985.074709,311.112000
Activity_1,PREEMPT,22985.127712,22985.127735,0.023000
Activity_1,PREEMPT,22985.127863,22985.127896,0.033000
Activity_1,PREEMPT,22985.128445,22985.128483,0.038000
Activity_1,PREEMPT,22985.144904,22985.144939,0.035000
Activity_1,PREEMPT,22985.164112,22985.164178,0.066000
Activity_1,PREEMPT,22985.172506,22985.172541,0.035000
Activity_1,PREEMPT,22985.191699,22985.191709,0.010000
Activity_1,PREEMPT,22985.223103,22985.223185,0.082000
Activity_1,PREEMPT,22985.255696,22985.255705,0.009000
Activity_1,SLEEP,22985.262747,22985.616980,354.233000
Activity_1,PREEMPT,22985.639757,22985.639796,0.039000
Activity_1,PREEMPT,22985.640118,22985.640155,0.037000
Activity_1,PREEMPT,22985.665790,22985.665863,0.073000
Activity_1,PREEMPT,22985.673380,22985.673408,0.028000
Activity_1,PREEMPT,22985.673785,22985.673840,0.055000
Activity_1,PREEMPT,22985.674660,22985.674702,0.042000
Activity_1,PREEMPT,22985.674801,22985.674873,0.072000
Activity_1,PREEMPT,22985.684613,22985.684648,0.035000
Activity_1,PREEMPT,22985.703688,22985.703696,0.008000
Activity_1,PREEMPT,22985.705148,22985.705378,0.230000
Activity_1,PREEMPT,22985.735159,22985.735401,0.242000
Activity_1,PREEMPT,22985.763586,22986.083091,319.505000
Activity_1,PREEMPT,22986.144786,22986.145075,0.289000
Activity_1,PREEMPT,22986.151684,22986.151694,0.010000
Activity_1,PREEMPT,22986.215685,22986.215692,0.007000
Activity_1,PREEMPT,22986.238681,22986.238685,0.004000
Activity_1,PREEMPT,22986.241191,22986.241271,0.080000
Activity_1,PREEMPT,22986.241635,22986.241866,0.231000
Activity_1,PREEMPT,22986.242784,22986.243013,0.229000
Activity_1,PREEMPT,22986.243500,22986.243794,0.294000
Activity_1,SLEEP,22986.263365,22986.616918,353.553000
Activity_1,PREEMPT,22986.656777,22986.657070,0.293000
Activity_1,PREEMPT,22986.663677,22986.663686,0.009000
Activity_1,PREEMPT,22986.759179,22986.759473,0.294000
Activity_1,PREEMPT,22986.763573,22987.085912,322.339000
Activity_1,PREEMPT,22987.085919,22987.085946,0.027000
Activity_1,PREEMPT,22987.111677,22987.111689,0.012000
Activity_1,PREEMPT,22987.168789,22987.169083,0.294000
Activity_1,PREEMPT,22987.169756,22987.170009,0.253000
Activity_1,PREEMPT,22987.175692,22987.175717,0.025000
Activity_1,PREEMPT,22987.175780,22987.175857,0.077000
Activity_1,PREEMPT,22987.176193,22987.176430,0.237000
Activity_1,PREEMPT,22987.177164,22987.177397,0.233000
Activity_1,PREEMPT,22987.192694,22987.192977,0.283000
Activity_1,PREEMPT,22987.196451,22987.196685,0.234000
Activity_1,PREEMPT,22987.239673,22987.239683,0.010000
Activity_1,PREEMPT,22987.263569,22987.585731,322.162000
Activity_1,PREEMPT,22987.593820,22987.594106,0.286000
Activity_1,SLEEP,22987.614860,22987.616907,2.047000
Activity_1,PREEMPT,22987.680804,22987.681097,0.293000
Activity_1,PREEMPT,22987.681922,22987.682154,0.232000
Activity_1,PREEMPT,22987.687687,22987.687707,0.020000
Activity_1,PREEMPT,22987.687945,22987.687979,0.034000
Activity_1,PREEMPT,22987.688071,22987.688379,0.308000
Activity_1,PREEMPT,22987.689253,22987.689482,0.229000
Activity_1,PREEMPT,22987.758254,22987.758334,0.080000
Activity_1,PREEMPT,22987.758680,22987.758911,0.231000
Activity_1,PREEMPT,22987.759160,22987.759399,0.239000
Activity_1,PREEMPT,22987.760136,22987.760378,0.242000
Activity_1,PREEMPT,22987.763561,22988.081331,317.770000
Activity_1,PREEMPT,22988.082771,22988.082887,0.116000
Activity_1,PREEMPT,22988.090399,22988.090640,0.241000
Activity_1,PREEMPT,22988.103316,22988.103463,0.147000
Activity_1,PREEMPT,22988.103508,22988.103642,0.134000
Activity_1,PREEMPT,22988.103882,22988.104009,0.127000
Activity_1,PREEMPT,22988.104055,22988.104188,0.133000
Activity_1,PREEMPT,22988.104323,22988.104451,0.128000
Activity_1,PREEMPT,22988.104496,22988.104632,0.136000
Activity_1,PREEMPT,22988.105299,22988.105422,0.123000
Activity_1,PREEMPT,22988.141659,22988.141673,0.014000
Activity_1,PREEMPT,22988.158661,22988.158675,0.014000
Activity_1,PREEMPT,22988.192790,22988.193083,0.293000
Activity_1,PREEMPT,22988.225660,22988.225666,0.006000
Activity_1,SLEEP,22988.259226,22988.616894,357.668000
Activity_1,PREEMPT,22988.622892,22988.623161,0.269000
Activity_1,PREEMPT,22988.640523,22988.640818,0.295000
Activity_1,PREEMPT,22988.647653,22988.647662,0.009000
Activity_1,PREEMPT,22988.673489,22988.673567,0.078000
Activity_1,PREEMPT,22988.673936,22988.674168,0.232000
Activity_1,PREEMPT,22988.694012,22988.694287,0.275000
Activity_1,PREEMPT,22988.711654,22988.711661,0.007000
Activity_1,PREEMPT,22988.763552,22989.087244,323.692000
Activity_1,PREEMPT,22989.095648,22989.095658,0.010000
Activity_1,PREEMPT,22989.114425,22989.114725,0.300000
Activity_1,PREEMPT,22989.116092,22989.116322,0.230000
Activity_1,PREEMPT,22989.118975,22989.119205,0.230000
Activity_1,PREEMPT,22989.120326,22989.120809,0.483000
Activity_1,PREEMPT,22989.136647,22989.136661,0.014000
Activity_1,PREEMPT,22989.154559,22989.154794,0.235000
Activity_1,PREEMPT,22989.159647,22989.159656,0.009000
Activity_1,PREEMPT,22989.203645,22989.203658,0.013000
Activity_1,PREEMPT,22989.223648,22989.223660,0.012000
Activity_1,PREEMPT,22989.241075,22989.241148,0.073000
Activity_1,PREEMPT,22989.242001,22989.242516,0.515000
Activity_1,PREEMPT,22989.244160,22989.244391,0.231000
Activity_1,PREEMPT,22989.245090,22989.245319,0.229000
Activity_1,PREEMPT,22989.253646,22989.253656,0.010000
Activity_1,PREEMPT,22989.261643,22989.261872,0.229000
Activity_1,PREEMPT,22989.263545,22989.582670,319.125000
Activity_1,SLEEP,22989.585175,22989.617248,32.073000
Activity_1,PREEMPT,22989.618651,22989.618656,0.005000
Activity_1,PREEMPT,22989.626413,22989.626714,0.301000
Activity_1,PREEMPT,22989.636093,22989.636171,0.078000
Activity_1,PREEMPT,22989.637737,22989.637969,0.232000
Activity_1,PREEMPT,22989.638236,22989.638474,0.238000
Activity_1,PREEMPT,22989.638890,22989.639205,0.315000
Activity_1,PREEMPT,22989.668644,22989.668650,0.006000
Activity_1,PREEMPT,22989.671642,22989.671650,0.008000
Activity_1,PREEMPT,22989.671874,22989.671903,0.029000
Activity_1,PREEMPT,22989.672068,22989.672115,0.047000
Activity_1,PREEMPT,22989.673243,22989.673472,0.229000
Activity_1,PREEMPT,22989.691086,22989.691357,0.271000
Activity_1,PREEMPT,22989.702640,22989.702654,0.014000
Activity_1,PREEMPT,22989.723642,22989.723646,0.004000
Activity_1,PREEMPT,22989.724639,22989.724649,0.010000
Activity_1,PREEMPT,22989.728837,22989.729077,0.240000
Activity_1,PREEMPT,22989.735639,22989.735647,0.008000
Activity_1,PREEMPT,22989.739035,22989.739111,0.076000
Activity_1,PREEMPT,22989.739431,22989.739669,0.238000
Activity_1,PREEMPT,22989.739996,22989.740222,0.226000
Activity_1,PREEMPT,22989.752640,22989.752650,0.010000
Activity_1,PREEMPT,22989.759731,22989.759961,0.230000
Activity_1,PREEMPT,22989.763539,22990.088600,325.061000
Activity_1,PREEMPT,22990.101637,22990.101642,0.005000
Activity_1,PREEMPT,22990.123639,22990.123644,0.005000
Activity_1,PREEMPT,22990.138444,22990.138737,0.293000
Activity_1,PREEMPT,22990.141635,22990.141638,0.003000
Activity_1,PREEMPT,22990.156638,22990.156641,0.003000
Activity_1,PREEMPT,22990.231640,22990.231650,0.010000
Activity_1,PREEMPT,22990.236635,22990.236650,0.015000
Activity_1,PREEMPT,22990.247845,22990.247923,0.078000
Activity_1,PREEMPT,22990.248231,22990.248460,0.229000
Activity_1,PREEMPT,22990.248914,22990.249150,0.236000
Activity_1,PREEMPT,22990.263536,22990.596845,333.309000
Activity_1,SLEEP,22990.625929,22990.625933,0.004000
Activity_1,SLEEP,22990.625939,22991.629867,1003.928000
Activity_1,PREEMPT,22991.656734,22991.656775,0.041000
Activity_1,PREEMPT,22991.656866,22991.656914,0.048000
Activity_1,PREEMPT,22991.656923,22991.657165,0.242000
Activity_1,PREEMPT,22991.657375,22991.657616,0.241000
Activity_1,PREEMPT,22991.659443,22991.659673,0.230000
Activity_1,PREEMPT,22991.673743,22991.673819,0.076000
Activity_1,PREEMPT,22991.674462,22991.674987,0.525000
Activity_1,PREEMPT,22991.684573,22991.684811,0.238000
Activity_1,PREEMPT,22991.685340,22991.685629,0.289000
Activity_1,PREEMPT,22991.714043,22991.714271,0.228000
Activity_1,PREEMPT,22991.763520,22992.107362,343.842000
Activity_1,PREEMPT,22992.213464,22992.213497,0.033000
Activity_1,PREEMPT,22992.231614,22992.231623,0.009000
Activity_1,PREEMPT,22992.241108,22992.241186,0.078000
Activity_1,PREEMPT,22992.241547,22992.241779,0.232000
Activity_1,PREEMPT,22992.242138,22992.242378,0.240000
Activity_1,PREEMPT,22992.242809,22992.243140,0.331000
Activity_1,PREEMPT,22992.263511,22992.592420,328.909000
Activity_1,PREEMPT,22992.607609,22992.607613,0.004000
Activity_1,PREEMPT,22992.622610,22992.622614,0.004000
Activity_1,PREEMPT,22992.629736,22992.629968,0.232000
Activity_1,PREEMPT,22992.630229,22992.630465,0.236000
Activity_1,PREEMPT,22992.630877,22992.631135,0.258000
Activity_1,PREEMPT,22992.631401,22992.631479,0.078000
Activity_1,PREEMPT,22992.631790,22992.632026,0.236000
Activity_1,SLEEP,22992.647553,22992.647557,0.004000
Activity_1,SLEEP,22992.647561,22993.616838,969.277000
Activity_1,PREEMPT,22993.620083,22993.620372,0.289000
Activity_1,PREEMPT,22993.640852,22993.640888,0.036000
Activity_1,PREEMPT,22993.640912,22993.640948,0.036000
Activity_1,PREEMPT,22993.641043,22993.641081,0.038000
Activity_1,PREEMPT,22993.641180,22993.641469,0.289000
Activity_1,PREEMPT,22993.641730,22993.641964,0.234000
Activity_1,PREEMPT,22993.642989,22993.643209,0.220000
Activity_1,PREEMPT,22993.722497,22993.722796,0.299000
Activity_1,PREEMPT,22993.761372,22993.761450,0.078000
Activity_1,PREEMPT,22993.761814,22993.762045,0.231000
Activity_1,PREEMPT,22993.762610,22993.762839,0.229000
Activity_1,PREEMPT,22993.763493,22994.090815,327.322000
Activity_1,PREEMPT,22994.217177,22994.217214,0.037000
Activity_1,PREEMPT,22994.223592,22994.223606,0.014000
Activity_1,PREEMPT,22994.234590,22994.234594,0.004000
Activity_1,PREEMPT,22994.252591,22994.252604,0.013000
Activity_1,PREEMPT,22994.257220,22994.257493,0.273000
Activity_1,PREEMPT,22994.257729,22994.257964,0.235000
Activity_1,PREEMPT,22994.263489,22994.608641,345.152000
Activity_1,SLEEP,22994.615872,22994.616830,0.958000
Activity_1,PREEMPT,22994.644102,22994.644402,0.300000
Activity_1,PREEMPT,22994.673575,22994.673655,0.080000
Activity_1,PREEMPT,22994.674030,22994.674261,0.231000
Activity_1,PREEMPT,22994.674839,22994.675074,0.235000
Activity_1,PREEMPT,22994.675512,22994.675797,0.285000
Activity_1,PREEMPT,22994.713906,22994.714184,0.278000
Activity_1,PREEMPT,22994.722585,22994.722600,0.015000
Activity_1,PREEMPT,22994.756584,22994.756588,0.004000
Activity_1,PREEMPT,22994.763483,22995.085595,322.112000
Activity_1,PREEMPT,22995.089581,22995.089596,0.015000
Activity_1,PREEMPT,22995.134582,22995.134588,0.006000
Activity_1,PREEMPT,22995.221582,22995.221588,0.006000
Activity_1,PREEMPT,22995.241233,22995.241310,0.077000
Activity_1,PREEMPT,22995.241678,22995.241908,0.230000
Activity_1,PREEMPT,22995.242196,22995.242425,0.229000
Activity_1,PREEMPT,22995.243164,22995.243460,0.296000
Activity_1,PREEMPT,22995.258197,22995.258467,0.270000
Activity_1,PREEMPT,22995.263477,22995.580714,317.237000
Activity_1,SLEEP,22995.587337,22995.616822,29.485000
Activity_1,PREEMPT,22995.618590,22995.618856,0.266000
Activity_1,PREEMPT,22995.655576,22995.655591,0.015000
Activity_1,PREEMPT,22995.668116,22995.668364,0.248000
Activity_1,PREEMPT,22995.687578,22995.687654,0.076000
Activity_1,PREEMPT,22995.688741,22995.688856,0.115000
Activity_1,PREEMPT,22995.688931,22995.688983,0.052000
Activity_1,PREEMPT,22995.688992,22995.689028,0.036000
Activity_1,PREEMPT,22995.689572,22995.689584,0.012000
Activity_1,PREEMPT,22995.701573,22995.701577,0.004000
Activity_1,PREEMPT,22995.763473,22996.077028,313.555000
Activity_1,PREEMPT,22996.129514,22996.129552,0.038000
Activity_1,PREEMPT,22996.180078,22996.180133,0.055000
Activity_1,PREEMPT,22996.199570,22996.199578,0.008000
Activity_1,PREEMPT,22996.231946,22996.231985,0.039000
Activity_1,PREEMPT,22996.263470,22996.606002,342.532000
Activity_1,SLEEP,22996.607911,22996.616806,8.895000
Activity_1,PREEMPT,22996.627563,22996.627578,0.015000
Activity_1,PREEMPT,22996.641657,22996.641695,0.038000
Activity_1,PREEMPT,22996.711563,22996.711570,0.007000
Activity_1,PREEMPT,22996.744109,22996.744147,0.038000
Activity_1,PREEMPT,22996.758134,22996.758168,0.034000
Activity_1,PREEMPT,22996.758517,22996.758610,0.093000
Activity_1,PREEMPT,22996.758814,22996.758878,0.064000
Activity_1,PREEMPT,22996.763461,22997.078621,315.160000
Activity_1,PREEMPT,22997.153844,22997.153882,0.038000
Activity_1,SLEEP,22997.249185,22997.616798,367.613000
Activity_1,PREEMPT,22997.665975,22997.666013,0.038000
Activity_1,PREEMPT,22997.671554,22997.671564,0.010000
Activity_1,PREEMPT,22997.673573,22997.673608,0.035000
Activity_1,PREEMPT,22997.673954,22997.673991,0.037000
Activity_1,PREEMPT,22997.675318,22997.675373,0.055000
Activity_1,PREEMPT,22997.716122,22997.716180,0.058000
Activity_1,PREEMPT,22997.763453,22998.080102,316.649000
Activity_1,PREEMPT,22998.177119,22998.177158,0.039000
Activity_1,PREEMPT,22998.183552,22998.183559,0.007000
Activity_1,PREEMPT,22998.204438,22998.204491,0.053000
Activity_1,PREEMPT,22998.228129,22998.228184,0.055000
Activity_1,PREEMPT,22998.241142,22998.241177,0.035000
Activity_1,PREEMPT,22998.241507,22998.241564,0.057000
Activity_1,PREEMPT,22998.242080,22998.242132,0.052000
Activity_1,PREEMPT,22998.247547,22998.247558,0.011000
Activity_1,PREEMPT,22998.248545,22998.248557,0.012000
Activity_1,PREEMPT,22998.248956,22998.248993,0.037000
Activity_1,PREEMPT,22998.249057,22998.249085,0.028000
Activity_1,PREEMPT,22998.250178,22998.250215,0.037000
Activity_1,PREEMPT,22998.263445,22998.611747,348.302000
Activity_1,SLEEP,22998.612554,22998.616784,4.230000
Activity_1,PREEMPT,22998.637726,22998.637787,0.061000
Activity_1,PREEMPT,22998.676336,22998.676372,0.036000
Activity_1,PREEMPT,22998.676730,22998.676767,0.037000
Activity_1,PREEMPT,22998.689246,22998.689280,0.034000
Activity_1,PREEMPT,22998.695542,22998.695554,0.012000
Activity_1,PREEMPT,22998.717448,22998.717484,0.036000
Activity_1,PREEMPT,22998.717567,22998.717653,0.086000
Activity_1,PREEMPT,22998.740114,22998.740167,0.053000
Activity_1,PREEMPT,22998.763440,22999.077063,313.623000
Activity_1,PREEMPT,22999.098923,22999.098953,0.030000
Activity_1,PREEMPT,22999.201377,22999.201415,0.038000
Activity_1,PREEMPT,22999.205538,22999.205544,0.006000
Activity_1,PREEMPT,22999.207535,22999.207542,0.007000
Activity_1,SLEEP,22999.249851,22999.616773,366.922000
Activity_1,PREEMPT,22999.656760,22999.657036,0.276000
Activity_1,PREEMPT,22999.661784,22999.662026,0.242000
Activity_1,PREEMPT,22999.719534,22999.719544,0.010000
Activity_1,PREEMPT,22999.758430,22999.758506,0.076000
Activity_1,PREEMPT,22999.758857,22999.759090,0.233000
Activity_1,PREEMPT,22999.759621,22999.759855,0.234000
Activity_1,PREEMPT,22999.760263,22999.760543,0.280000
Activity_1,PREEMPT,22999.763428,23000.080410,316.982000
Activity_1,PREEMPT,23000.161556,23000.161561,0.005000
Activity_1,PREEMPT,23000.167524,23000.167532,0.008000
Activity_1,PREEMPT,23000.263425,23000.579499,316.074000
Activity_1,SLEEP,23000.582319,23000.616762,34.443000
Activity_1,PREEMPT,23000.673715,23000.673792,0.077000
Activity_1,PREEMPT,23000.674144,23000.674429,0.285000
Activity_1,PREEMPT,23000.675469,23000.676019,0.550000
Activity_1,PREEMPT,23000.679528,23000.679537,0.009000
Activity_1,PREEMPT,23000.685820,23000.686120,0.300000
Activity_1,PREEMPT,23000.694328,23000.694562,0.234000
Activity_1,PREEMPT,23000.763422,23001.101310,337.888000
Activity_1,PREEMPT,23001.181520,23001.181526,0.006000
Activity_1,PREEMPT,23001.191513,23001.191520,0.007000
Activity_1,PREEMPT,23001.231057,23001.231323,0.266000
Activity_1,PREEMPT,23001.231514,23001.231519,0.005000
Activity_1,PREEMPT,23001.231959,23001.232189,0.230000
Activity_1,PREEMPT,23001.232608,23001.232834,0.226000
Activity_1,PREEMPT,23001.233238,23001.233819,0.581000
Activity_1,PREEMPT,23001.234086,23001.234319,0.233000
Activity_1,PREEMPT,23001.241238,23001.241302,0.064000
Activity_1,PREEMPT,23001.241666,23001.241942,0.276000
Activity_1,PREEMPT,23001.242003,23001.242291,0.288000
Activity_1,PREEMPT,23001.255515,23001.255524,0.009000
Activity_1,PREEMPT,23001.263412,23001.577804,314.392000
Activity_1,PREEMPT,23001.599642,23001.599717,0.075000
Activity_1,PREEMPT,23001.600042,23001.600274,0.232000
Activity_1,PREEMPT,23001.607418,23001.607675,0.257000
Activity_1,SLEEP,23001.611701,23001.616753,5.052000
Activity_1,PREEMPT,23001.621099,23001.621376,0.277000
Activity_1,PREEMPT,23001.630558,23001.630647,0.089000
Activity_1,PREEMPT,23001.630713,23001.630742,0.029000
Activity_1,PREEMPT,23001.631021,23001.631296,0.275000
Activity_1,PREEMPT,23001.651193,23001.651461,0.268000
Activity_1,PREEMPT,23001.673515,23001.673523,0.008000
Activity_1,PREEMPT,23001.703511,23001.703519,0.008000
Activity_1,PREEMPT,23001.704516,23001.704600,0.084000
Activity_1,PREEMPT,23001.704666,23001.704708,0.042000
Activity_1,PREEMPT,23001.704725,23001.704768,0.043000
Activity_1,PREEMPT,23001.706035,23001.706263,0.228000
Activity_1,PREEMPT,23001.763409,23002.085078,321.669000
Activity_1,PREEMPT,23002.099503,23002.099516,0.013000
Activity_1,PREEMPT,23002.144121,23002.144201,0.080000
Activity_1,PREEMPT,23002.144269,23002.144336,0.067000
Activity_1,PREEMPT,23002.144734,23002.145007,0.273000
Activity_1,PREEMPT,23002.145583,23002.145813,0.230000
Activity_1,PREEMPT,23002.147103,23002.147583,0.480000
Activity_1,PREEMPT,23002.147644,23002.147921,0.277000
Activity_1,PREEMPT,23002.151507,23002.151515,0.008000
Activity_1,PREEMPT,23002.164835,23002.165067,0.232000
Activity_1,PREEMPT,23002.203506,23002.203512,0.006000
Activity_1,PREEMPT,23002.205502,23002.205506,0.004000
Activity_1,PREEMPT,23002.221832,23002.222115,0.283000
Activity_1,PREEMPT,23002.222808,23002.223039,0.231000
Activity_1,PREEMPT,23002.223606,23002.223832,0.226000
Activity_1,PREEMPT,23002.226312,23002.226544,0.232000
Activity_1,PREEMPT,23002.226674,23002.227200,0.526000
Activity_1,PREEMPT,23002.248020,23002.248090,0.070000
Activity_1,PREEMPT,23002.248422,23002.248699,0.277000
Activity_1,PREEMPT,23002.261974,23002.262204,0.230000
Activity_1,PREEMPT,23002.263403,23002.589455,326.052000
Activity_1,SLEEP,23002.592031,23002.616743,24.712000
Activity_1,PREEMPT,23002.631445,23002.631747,0.302000
Activity_1,PREEMPT,23002.663500,23002.663509,0.009000
Activity_1,PREEMPT,23002.758279,23002.758355,0.076000
Activity_1,PREEMPT,23002.759114,23002.759395,0.281000
Activity_1,PREEMPT,23002.760393,23002.760688,0.295000
Activity_1,PREEMPT,23002.763396,23003.097937,334.541000
Activity_1,PREEMPT,23003.106499,23003.106506,0.007000
Activity_1,PREEMPT,23003.175498,23003.175506,0.008000
Activity_1,PREEMPT,23003.181495,23003.181498,0.003000
Activity_1,PREEMPT,23003.202498,23003.202504,0.006000
Activity_1,PREEMPT,23003.222493,23003.222497,0.004000
Activity_1,PREEMPT,23003.239492,23003.239500,0.008000
Activity_1,PREEMPT,23003.245842,23003.246135,0.293000
Activity_1,PREEMPT,23003.263392,23003.581629,318.237000
Activity_1,SLEEP,23003.593213,23003.616730,23.517000
Activity_1,PREEMPT,23003.623496,23003.623510,0.014000
Activity_1,PREEMPT,23003.628972,23003.629059,0.087000
Activity_1,PREEMPT,23003.629132,23003.629160,0.028000
Activity_1,PREEMPT,23003.629420,23003.629652,0.232000
Activity_1,PREEMPT,23003.629936,23003.630171,0.235000
Activity_1,PREEMPT,23003.649653,23003.649931,0.278000
Activity_1,PREEMPT,23003.655444,23003.655684,0.240000
Activity_1,PREEMPT,23003.659386,23003.659469,0.083000
Activity_1,PREEMPT,23003.659538,23003.659609,0.071000
Activity_1,PREEMPT,23003.659767,23003.660030,0.263000
Activity_1,PREEMPT,23003.673732,23003.673802,0.070000
Activity_1,PREEMPT,23003.675029,23003.675259,0.230000
Activity_1,PREEMPT,23003.680114,23003.680342,0.228000
Activity_1,PREEMPT,23003.681495,23003.681501,0.006000
Activity_1,PREEMPT,23003.687489,23003.687496,0.007000
Activity_1,PREEMPT,23003.688606,23003.688642,0.036000
Activity_1,PREEMPT,23003.688667,23003.688702,0.035000
Activity_1,PREEMPT,23003.688801,23003.688844,0.043000
Activity_1,PREEMPT,23003.688904,23003.689190,0.286000
Activity_1,PREEMPT,23003.689987,23003.690215,0.228000
Activity_1,PREEMPT,23003.723488,23003.723503,0.015000
Activity_1,PREEMPT,23003.757852,23003.758145,0.293000
Activity_1,PREEMPT,23003.759779,23003.760008,0.229000
Activity_1,PREEMPT,23003.762865,23004.093129,330.264000
Activity_1,PREEMPT,23004.167487,23004.167778,0.291000
Activity_1,PREEMPT,23004.199487,23004.199497,0.010000
Activity_1,PREEMPT,23004.241310,23004.241387,0.077000
Activity_1,PREEMPT,23004.241746,23004.241979,0.233000
Activity_1,PREEMPT,23004.242372,23004.242607,0.235000
Activity_1,PREEMPT,23004.243002,23004.244046,1.044000
Activity_1,PREEMPT,23004.244049,23004.244549,0.500000
Activity_1,PREEMPT,23004.244946,23004.245235,0.289000
Activity_1,PREEMPT,23004.245285,23004.245312,0.027000
Activity_1,PREEMPT,23004.245578,23004.245807,0.229000
Activity_1,PREEMPT,23004.258279,23004.258563,0.284000
Activity_1,PREEMPT,23004.262026,23004.262257,0.231000
Activity_1,PREEMPT,23004.263380,23004.579297,315.917000
Activity_1,SLEEP,23004.597348,23004.616719,19.371000
Activity_1,PREEMPT,23004.679483,23004.679774,0.291000
Activity_1,PREEMPT,23004.700069,23004.700093,0.024000
Activity_1,PREEMPT,23004.711481,23004.711498,0.017000
Activity_1,PREEMPT,23004.763378,23005.089017,325.639000
Activity_1,PREEMPT,23005.089086,23005.089343,0.257000
Activity_1,PREEMPT,23005.095626,23005.095701,0.075000
Activity_1,PREEMPT,23005.096328,23005.096554,0.226000
Activity_1,PREEMPT,23005.116384,23005.116673,0.289000
Activity_1,PREEMPT,23005.159474,23005.159483,0.009000
Activity_1,PREEMPT,23005.196434,23005.196730,0.296000
Activity_1,PREEMPT,23005.207631,23005.207863,0.232000
Activity_1,PREEMPT,23005.223474,23005.223483,0.009000
Activity_1,PREEMPT,23005.234475,23005.234492,0.017000
Activity_1,PREEMPT,23005.254475,23005.254489,0.014000
Activity_1,PREEMPT,23005.263372,23005.577089,313.717000
Activity_1,SLEEP,23005.580938,23005.616714,35.776000
Activity_1,PREEMPT,23005.629351,23005.629628,0.277000
Activity_1,PREEMPT,23005.653768,23005.653854,0.086000
Activity_1,PREEMPT,23005.653918,23005.653988,0.070000
Activity_1,PREEMPT,23005.654140,23005.654409,0.269000
Activity_1,PREEMPT,23005.662634,23005.662868,0.234000
Activity_1,PREEMPT,23005.663532,23005.664061,0.529000
Activity_1,PREEMPT,23005.671468,23005.671478,0.010000
Activity_1,PREEMPT,23005.671763,23005.671798,0.035000
Activity_1,PREEMPT,23005.671916,23005.671959,0.043000
Activity_1,PREEMPT,23005.671993,23005.672028,0.035000
Activity_1,PREEMPT,23005.674434,23005.674488,0.054000
Activity_1,PREEMPT,23005.675585,23005.675622,0.037000
Activity_1,PREEMPT,23005.675693,23005.675743,0.050000
Activity_1,PREEMPT,23005.726576,23005.726591,0.015000
Activity_1,PREEMPT,23005.755381,23005.755414,0.033000
Activity_1,PREEMPT,23005.758338,23005.758372,0.034000
Activity_1,PREEMPT,23005.758718,23005.758755,0.037000
Activity_1,PREEMPT,23005.759075,23005.759150,0.075000
Activity_1,PREEMPT,23005.763365,23006.078404,315.039000
Activity_1,PREEMPT,23006.126470,23006.126476,0.006000
Activity_1,PREEMPT,23006.165167,23006.165205,0.038000
Activity_1,PREEMPT,23006.183465,23006.183473,0.008000
Activity_1,PREEMPT,23006.215452,23006.215519,0.067000
Activity_1,PREEMPT,23006.247462,23006.247467,0.005000
Activity_1,PREEMPT,23006.263361,23006.577091,313.730000
Activity_1,SLEEP,23006.582925,23006.616702,33.777000
Activity_1,PREEMPT,23006.622737,23006.622778,0.041000
Activity_1,PREEMPT,23006.625075,23006.625147,0.072000
Activity_1,PREEMPT,23006.659543,23006.659549,0.006000
Activity_1,PREEMPT,23006.673750,23006.673786,0.036000
Activity_1,PREEMPT,23006.674156,23006.674237,0.081000
Activity_1,PREEMPT,23006.674400,23006.674474,0.074000
Activity_1,PREEMPT,23006.677343,23006.677378,0.035000
Activity_1,PREEMPT,23006.695457,23006.695469,0.012000
Activity_1,PREEMPT,23006.711456,23006.711460,0.004000
Activity_1,PREEMPT,23006.726455,23006.726468,0.013000
Activity_1,PREEMPT,23006.727455,23006.727532,0.077000
Activity_1,PREEMPT,23006.763355,23007.077224,313.869000
Activity_1,PREEMPT,23007.085960,23007.086025,0.065000
Activity_1,PREEMPT,23007.086138,23007.086172,0.034000
Activity_1,MARKER_PERIOD_START_Activity_1,22972.617087,22972.617087,0.0
Activity_1,MARKER_FUNCTION_START_Activity_1,22972.617087,22972.617087,0.0
Activity_1,MARKER_FUNCTION_END_Activity_1,22973.600970,22973.600970,0.0
Activity_1,MARKER_SLEEP_START_Activity_1,22973.601018,22973.601018,0.0
Activity_1,MARKER_PERIOD_END_Activity_1,22973.617089,22973.617089,0.0
Activity_1,MARKER_PERIOD_START_Activity_1,22973.617090,22973.617090,0.0
Activity_1,MARKER_FUNCTION_START_Activity_1,22973.617091,22973.617091,0.0
Activity_1,MARKER_FUNCTION_END_Activity_1,22974.587434,22974.587434,0.0
Activity_1,MARKER_SLEEP_START_Activity_1,22974.587450,22974.587450,0.0
Activity_1,MARKER_PERIOD_END_Activity_1,22974.617086,22974.617086,0.0
Activity_1,MARKER_PERIOD_START_Activity_1,22974.617088,22974.617088,0.0
Activity_1,MARKER_FUNCTION_START_Activity_1,22974.617089,22974.617089,0.0
Activity_1,MARKER_FUNCTION_END_Activity_1,22975.596594,22975.596594,0.0
Activity_1,MARKER_SLEEP_START_Activity_1,22975.596605,22975.596605,0.0
Activity_1,MARKER_PERIOD_END_Activity_1,22975.617067,22975.617067,0.0
Activity_1,MARKER_PERIOD_START_Activity_1,22975.617068,22975.617068,0.0
Activity_1,MARKER_FUNCTION_START_Activity_1,22975.617069,22975.617069,0.0
Activity_1,MARKER_FUNCTION_END_Activity_1,22976.261911,22976.261911,0.0
Activity_1,MARKER_SLEEP_START_Activity_1,22976.261930,22976.261930,0.0
Activity_1,MARKER_PERIOD_END_Activity_1,22976.617061,22976.617061,0.0
Activity_1,MARKER_PERIOD_START_Activity_1,22976.617063,22976.617063,0.0
Activity_1,MARKER_FUNCTION_START_Activity_1,22976.617064,22976.617064,0.0
Activity_1,MARKER_FUNCTION_END_Activity_1,22977.589530,22977.589530,0.0
Activity_1,MARKER_SLEEP_START_Activity_1,22977.589541,22977.589541,0.0
Activity_1,MARKER_PERIOD_END_Activity_1,22977.617037,22977.617037,0.0
Activity_1,MARKER_PERIOD_START_Activity_1,22977.617038,22977.617038,0.0
Activity_1,MARKER_FUNCTION_START_Activity_1,22977.617039,22977.617039,0.0
Activity_1,MARKER_FUNCTION_END_Activity_1,22978.593426,22978.593426,0.0
Activity_1,MARKER_SLEEP_START_Activity_1,22978.593441,22978.593441,0.0
Activity_1,MARKER_PERIOD_END_Activity_1,22978.617022,22978.617022,0.0
Activity_1,MARKER_PERIOD_START_Activity_1,22978.617024,22978.617024,0.0
Activity_1,MARKER_FUNCTION_START_Activity_1,22978.617025,22978.617025,0.0
Activity_1,MARKER_FUNCTION_END_Activity_1,22979.603847,22979.603847,0.0
Activity_1,MARKER_SLEEP_START_Activity_1,22979.603865,22979.603865,0.0
Activity_1,MARKER_PERIOD_END_Activity_1,22979.617010,22979.617010,0.0
Activity_1,MARKER_PERIOD_START_Activity_1,22979.617012,22979.617012,0.0
Activity_1,MARKER_FUNCTION_START_Activity_1,22979.617013,22979.617013,0.0
Activity_1,MARKER_FUNCTION_END_Activity_1,22980.611919,22980.611919,0.0
Activity_1,MARKER_SLEEP_START_Activity_1,22980.611931,22980.611931,0.0
Activity_1,MARKER_PERIOD_END_Activity_1,22980.617090,22980.617090,0.0
Activity_1,MARKER_PERIOD_START_Activity_1,22980.617091,22980.617091,0.0
Activity_1,MARKER_FUNCTION_START_Activity_1,22980.617091,22980.617091,0.0
Activity_1,MARKER_FUNCTION_END_Activity_1,22981.260222,22981.260222,0.0
Activity_1,MARKER_SLEEP_START_Activity_1,22981.260241,22981.260241,0.0
Activity_1,MARKER_PERIOD_END_Activity_1,22981.616993,22981.616993,0.0
Activity_1,MARKER_PERIOD_START_Activity_1,22981.616994,22981.616994,0.0
Activity_1,MARKER_FUNCTION_START_Activity_1,22981.616996,22981.616996,0.0
Activity_1,MARKER_FUNCTION_END_Activity_1,22982.582834,22982.582834,0.0
Activity_1,MARKER_SLEEP_START_Activity_1,22982.582842,22982.582842,0.0
Activity_1,MARKER_PERIOD_END_Activity_1,22982.616992,22982.616992,0.0
Activity_1,MARKER_PERIOD_START_Activity_1,22982.616995,22982.616995,0.0
Activity_1,MARKER_FUNCTION_START_Activity_1,22982.616996,22982.616996,0.0
Activity_1,MARKER_FUNCTION_END_Activity_1,22983.602732,22983.602732,0.0
Activity_1,MARKER_SLEEP_START_Activity_1,22983.602748,22983.602748,0.0
Activity_1,MARKER_PERIOD_END_Activity_1,22983.617007,22983.617007,0.0
Activity_1,MARKER_PERIOD_START_Activity_1,22983.617008,22983.617008,0.0
Activity_1,MARKER_FUNCTION_START_Activity_1,22983.617009,22983.617009,0.0
Activity_1,MARKER_FUNCTION_END_Activity_1,22984.255079,22984.255079,0.0
Activity_1,MARKER_SLEEP_START_Activity_1,22984.255093,22984.255093,0.0
Activity_1,MARKER_PERIOD_END_Activity_1,22984.616953,22984.616953,0.0
Activity_1,MARKER_PERIOD_START_Activity_1,22984.616954,22984.616954,0.0
Activity_1,MARKER_FUNCTION_START_Activity_1,22984.616955,22984.616955,0.0
Activity_1,MARKER_FUNCTION_END_Activity_1,22985.262723,22985.262723,0.0
Activity_1,MARKER_SLEEP_START_Activity_1,22985.262742,22985.262742,0.0
Activity_1,MARKER_PERIOD_END_Activity_1,22985.616998,22985.616998,0.0
Activity_1,MARKER_PERIOD_START_Activity_1,22985.616999,22985.616999,0.0
Activity_1,MARKER_FUNCTION_START_Activity_1,22985.617001,22985.617001,0.0
Activity_1,MARKER_FUNCTION_END_Activity_1,22986.263347,22986.263347,0.0
Activity_1,MARKER_SLEEP_START_Activity_1,22986.263362,22986.263362,0.0
Activity_1,MARKER_PERIOD_END_Activity_1,22986.616928,22986.616928,0.0
Activity_1,MARKER_PERIOD_START_Activity_1,22986.616929,22986.616929,0.0
Activity_1,MARKER_FUNCTION_START_Activity_1,22986.616930,22986.616930,0.0
Activity_1,MARKER_FUNCTION_END_Activity_1,22987.614841,22987.614841,0.0
Activity_1,MARKER_SLEEP_START_Activity_1,22987.614856,22987.614856,0.0
Activity_1,MARKER_PERIOD_END_Activity_1,22987.616914,22987.616914,0.0
Activity_1,MARKER_PERIOD_START_Activity_1,22987.616915,22987.616915,0.0
Activity_1,MARKER_FUNCTION_START_Activity_1,22987.616916,22987.616916,0.0
Activity_1,MARKER_FUNCTION_END_Activity_1,22988.259194,22988.259194,0.0
Activity_1,MARKER_SLEEP_START_Activity_1,22988.259219,22988.259219,0.0
Activity_1,MARKER_PERIOD_END_Activity_1,22988.616902,22988.616902,0.0
Activity_1,MARKER_PERIOD_START_Activity_1,22988.616903,22988.616903,0.0
Activity_1,MARKER_FUNCTION_START_Activity_1,22988.616904,22988.616904,0.0
Activity_1,MARKER_FUNCTION_END_Activity_1,22989.585163,22989.585163,0.0
Activity_1,MARKER_SLEEP_START_Activity_1,22989.585173,22989.585173,0.0
Activity_1,MARKER_PERIOD_END_Activity_1,22989.617261,22989.617261,0.0
Activity_1,MARKER_PERIOD_START_Activity_1,22989.617262,22989.617262,0.0
Activity_1,MARKER_FUNCTION_START_Activity_1,22989.617263,22989.617263,0.0
Activity_1,MARKER_FUNCTION_END_Activity_1,22990.625909,22990.625909,0.0
Activity_1,MARKER_SLEEP_START_Activity_1,22990.625925,22990.625925,0.0
Activity_1,MARKER_PERIOD_END_Activity_1,22990.625935,22990.625935,0.0
Activity_1,MARKER_PERIOD_START_Activity_1,22990.625936,22990.625936,0.0
Activity_1,MARKER_PERIOD_END_Activity_1,22991.629870,22991.629870,0.0
Activity_1,MARKER_PERIOD_START_Activity_1,22991.629871,22991.629871,0.0
Activity_1,MARKER_FUNCTION_START_Activity_1,22991.629872,22991.629872,0.0
Activity_1,MARKER_FUNCTION_END_Activity_1,22992.647531,22992.647531,0.0
Activity_1,MARKER_SLEEP_START_Activity_1,22992.647548,22992.647548,0.0
Activity_1,MARKER_PERIOD_END_Activity_1,22992.647558,22992.647558,0.0
Activity_1,MARKER_PERIOD_START_Activity_1,22992.647559,22992.647559,0.0
Activity_1,MARKER_PERIOD_END_Activity_1,22993.616844,22993.616844,0.0
Activity_1,MARKER_PERIOD_START_Activity_1,22993.616845,22993.616845,0.0
Activity_1,MARKER_FUNCTION_START_Activity_1,22993.616846,22993.616846,0.0
Activity_1,MARKER_FUNCTION_END_Activity_1,22994.615851,22994.615851,0.0
Activity_1,MARKER_SLEEP_START_Activity_1,22994.615868,22994.615868,0.0
Activity_1,MARKER_PERIOD_END_Activity_1,22994.616840,22994.616840,0.0
Activity_1,MARKER_PERIOD_START_Activity_1,22994.616842,22994.616842,0.0
Activity_1,MARKER_FUNCTION_START_Activity_1,22994.616843,22994.616843,0.0
Activity_1,MARKER_FUNCTION_END_Activity_1,22995.587323,22995.587323,0.0
Activity_1,MARKER_SLEEP_START_Activity_1,22995.587334,22995.587334,0.0
Activity_1,MARKER_PERIOD_END_Activity_1,22995.616839,22995.616839,0.0
Activity_1,MARKER_PERIOD_START_Activity_1,22995.616841,22995.616841,0.0
Activity_1,MARKER_FUNCTION_START_Activity_1,22995.616842,22995.616842,0.0
Activity_1,MARKER_FUNCTION_END_Activity_1,22996.607897,22996.607897,0.0
Activity_1,MARKER_SLEEP_START_Activity_1,22996.607909,22996.607909,0.0
Activity_1,MARKER_PERIOD_END_Activity_1,22996.616815,22996.616815,0.0
Activity_1,MARKER_PERIOD_START_Activity_1,22996.616816,22996.616816,0.0
Activity_1,MARKER_FUNCTION_START_Activity_1,22996.616816,22996.616816,0.0
Activity_1,MARKER_FUNCTION_END_Activity_1,22997.249164,22997.249164,0.0
Activity_1,MARKER_SLEEP_START_Activity_1,22997.249181,22997.249181,0.0
Activity_1,MARKER_PERIOD_END_Activity_1,22997.616811,22997.616811,0.0
Activity_1,MARKER_PERIOD_START_Activity_1,22997.616813,22997.616813,0.0
Activity_1,MARKER_FUNCTION_START_Activity_1,22997.616814,22997.616814,0.0
Activity_1,MARKER_FUNCTION_END_Activity_1,22998.612528,22998.612528,0.0
Activity_1,MARKER_SLEEP_START_Activity_1,22998.612544,22998.612544,0.0
Activity_1,MARKER_PERIOD_END_Activity_1,22998.616793,22998.616793,0.0
Activity_1,MARKER_PERIOD_START_Activity_1,22998.616795,22998.616795,0.0
Activity_1,MARKER_FUNCTION_START_Activity_1,22998.616796,22998.616796,0.0
Activity_1,MARKER_FUNCTION_END_Activity_1,22999.249832,22999.249832,0.0
Activity_1,MARKER_SLEEP_START_Activity_1,22999.249848,22999.249848,0.0
Activity_1,MARKER_PERIOD_END_Activity_1,22999.616784,22999.616784,0.0
Activity_1,MARKER_PERIOD_START_Activity_1,22999.616786,22999.616786,0.0
Activity_1,MARKER_FUNCTION_START_Activity_1,22999.616786,22999.616786,0.0
Activity_1,MARKER_FUNCTION_END_Activity_1,23000.582309,23000.582309,0.0
Activity_1,MARKER_SLEEP_START_Activity_1,23000.582316,23000.582316,0.0
Activity_1,MARKER_PERIOD_END_Activity_1,23000.616777,23000.616777,0.0
Activity_1,MARKER_PERIOD_START_Activity_1,23000.616778,23000.616778,0.0
Activity_1,MARKER_FUNCTION_START_Activity_1,23000.616779,23000.616779,0.0
Activity_1,MARKER_FUNCTION_END_Activity_1,23001.611679,23001.611679,0.0
Activity_1,MARKER_SLEEP_START_Activity_1,23001.611698,23001.611698,0.0
Activity_1,MARKER_PERIOD_END_Activity_1,23001.616761,23001.616761,0.0
Activity_1,MARKER_PERIOD_START_Activity_1,23001.616762,23001.616762,0.0
Activity_1,MARKER_FUNCTION_START_Activity_1,23001.616762,23001.616762,0.0
Activity_1,MARKER_FUNCTION_END_Activity_1,23002.592019,23002.592019,0.0
Activity_1,MARKER_SLEEP_START_Activity_1,23002.592028,23002.592028,0.0
Activity_1,MARKER_PERIOD_END_Activity_1,23002.616754,23002.616754,0.0
Activity_1,MARKER_PERIOD_START_Activity_1,23002.616755,23002.616755,0.0
Activity_1,MARKER_FUNCTION_START_Activity_1,23002.616756,23002.616756,0.0
Activity_1,MARKER_FUNCTION_END_Activity_1,23003.593197,23003.593197,0.0
Activity_1,MARKER_SLEEP_START_Activity_1,23003.593209,23003.593209,0.0
Activity_1,MARKER_PERIOD_END_Activity_1,23003.616743,23003.616743,0.0
Activity_1,MARKER_PERIOD_START_Activity_1,23003.616745,23003.616745,0.0
Activity_1,MARKER_FUNCTION_START_Activity_1,23003.616745,23003.616745,0.0
Activity_1,MARKER_FUNCTION_END_Activity_1,23004.597326,23004.597326,0.0
Activity_1,MARKER_SLEEP_START_Activity_1,23004.597345,23004.597345,0.0
Activity_1,MARKER_PERIOD_END_Activity_1,23004.616733,23004.616733,0.0
Activity_1,MARKER_PERIOD_START_Activity_1,23004.616735,23004.616735,0.0
Activity_1,MARKER_FUNCTION_START_Activity_1,23004.616735,23004.616735,0.0
Activity_1,MARKER_FUNCTION_END_Activity_1,23005.580920,23005.580920,0.0
Activity_1,MARKER_SLEEP_START_Activity_1,23005.580933,23005.580933,0.0
Activity_1,MARKER_PERIOD_END_Activity_1,23005.616729,23005.616729,0.0
Activity_1,MARKER_PERIOD_START_Activity_1,23005.616731,23005.616731,0.0
Activity_1,MARKER_FUNCTION_START_Activity_1,23005.616732,23005.616732,0.0
Activity_1,MARKER_FUNCTION_END_Activity_1,23006.582904,23006.582904,0.0
Activity_1,MARKER_SLEEP_START_Activity_1,23006.582920,23006.582920,0.0
Activity_1,MARKER_PERIOD_END_Activity_1,23006.616717,23006.616717,0.0
Activity_1,MARKER_PERIOD_START_Activity_1,23006.616719,23006.616719,0.0
Activity_1,MARKER_FUNCTION_START_Activity_1,23006.616720,23006.616720,0.0
Activity_1,STAT_PERIOD,0,0,1000.000000
Activity_1,STAT_MEASURED,0,0,999.992000
Activity_1,STAT_DEADLINE,0,0,1000.000000
Activity_1,STAT_WCET,0,0,350.870000
Activity_1,STAT_ACET,0,0,310.224559
Activity_1,STAT_JITTER,0,0,6.294469
Activity_1,STAT_UTIL,0,0,0.314813
Activity_1,STAT_NRUN,0,0,759
Activity_1,STAT_NPRE,0,0,724
Activity_1,STAT_NSLP,0,0,34
Activity_1,STAT_NMISS,0,0,2
Activity_1,STAT_WSLACK,0,0,-17.660000
Activity_1,STAT_HGAPS,0,0,1.000000
Activity_1,STAT_NGAPS,0,0,758
Activity_1,STAT_MAXGAP,0,0,1003.928000
Activity_1,STAT_RUNTOT,0,0,10703.631000
Activity_1,STAT_PRETOT,0,0,18481.305000
Activity_1,STAT_SLPTOT,0,0,5285.062000
Activity_1,MISS_LOG,22989.617262,17.374443,1000.000000|1008.647000|8.647000|18
Activity_1,MISS_LOG,22991.629871,19.387052,1000.000000|1017.660000|17.660000|20
