task,type,start,end,duration_ms
DDS_Publish,RUN,10311.673337,10311.680769,7.432000
DDS_Publish,RUN,10311.680957,10311.713682,32.725000
DDS_Publish,RUN,10311.713923,10311.809087,95.164000
DDS_Publish,RUN,10312.173343,10312.204973,31.630000
DDS_Publish,RUN,10312.205053,10312.205366,0.313000
DDS_Publish,RUN,10312.205577,10312.205900,0.323000
DDS_Publish,RUN,10312.206111,10312.225653,19.542000
DDS_Publish,RUN,10312.225871,10312.226435,0.564000
DDS_Publish,RUN,10312.226651,10312.297523,70.872000
DDS_Publish,RUN,10312.673354,10312.674626,1.272000
DDS_Publish,RUN,10312.674693,10312.675046,0.353000
DDS_Publish,RUN,10312.675275,10312.675336,0.061000
DDS_Publish,RUN,10312.675628,10312.687723,12.095000
DDS_Publish,RUN,10312.687935,10312.687947,0.012000
DDS_Publish,RUN,10312.688014,10312.688356,0.342000
DDS_Publish,RUN,10312.688564,10312.701981,13.417000
DDS_Publish,RUN,10312.702232,10312.737648,35.416000
DDS_Publish,RUN,10312.737890,10312.796973,59.083000
DDS_Publish,RUN,10313.173368,10313.207144,33.776000
DDS_Publish,RUN,10313.207329,10313.249645,42.316000
DDS_Publish,RUN,10313.249869,10313.295821,45.952000
DDS_Publish,RUN,10313.673392,10313.761693,88.301000
DDS_Publish,RUN,10313.761932,10313.808722,46.790000
DDS_Publish,RUN,10314.173406,10314.273682,100.276000
DDS_Publish,RUN,10314.273926,10314.307410,33.484000
DDS_Publish,RUN,10314.673533,10314.683315,9.782000
DDS_Publish,RUN,10314.683638,10314.785698,102.060000
DDS_Publish,RUN,10314.785988,10314.815589,29.601000
DDS_Publish,RUN,10315.173535,10315.195292,21.757000
DDS_Publish,RUN,10315.195536,10315.297711,102.175000
DDS_Publish,RUN,10315.297940,10315.310981,13.041000
DDS_Publish,RUN,10315.673442,10315.678362,4.920000
DDS_Publish,RUN,10315.678455,10315.678783,0.328000
DDS_Publish,RUN,10315.679023,10315.679280,0.257000
DDS_Publish,RUN,10315.679521,10315.684634,5.113000
DDS_Publish,RUN,10315.684958,10315.696244,11.286000
DDS_Publish,RUN,10315.696359,10315.697885,1.526000
DDS_Publish,RUN,10315.698005,10315.707292,9.287000
DDS_Publish,RUN,10315.707535,10315.718428,10.893000
DDS_Publish,RUN,10315.718552,10315.718597,0.045000
DDS_Publish,RUN,10315.718725,10315.718758,0.033000
DDS_Publish,RUN,10315.719075,10315.719093,0.018000
DDS_Publish,RUN,10315.719181,10315.719363,0.182000
DDS_Publish,RUN,10315.719486,10315.719531,0.045000
DDS_Publish,RUN,10315.719654,10315.720411,0.757000
DDS_Publish,RUN,10315.720509,10315.809713,89.204000
DDS_Publish,RUN,10315.809940,10315.813375,3.435000
DDS_Publish,RUN,10316.173444,10316.174124,0.680000
DDS_Publish,RUN,10316.174402,10316.192269,17.867000
DDS_Publish,RUN,10316.192497,10316.219334,26.837000
DDS_Publish,RUN,10316.219618,10316.309944,90.326000
DDS_Publish,RUN,10316.673569,10316.715869,42.300000
DDS_Publish,RUN,10316.715943,10316.716272,0.329000
DDS_Publish,RUN,10316.716503,10316.716744,0.241000
DDS_Publish,RUN,10316.716978,10316.717633,0.655000
DDS_Publish,RUN,10316.717920,10316.731339,13.419000
DDS_Publish,RUN,10316.731638,10316.756285,24.647000
DDS_Publish,RUN,10316.756480,10316.815044,58.564000
DDS_Publish,RUN,10317.173579,10317.243341,69.762000
DDS_Publish,RUN,10317.243580,10317.312777,69.197000
DDS_Publish,RUN,10317.673498,10317.755352,81.854000
DDS_Publish,RUN,10317.755640,10317.811312,55.672000
DDS_Publish,RUN,10318.173496,10318.185473,11.977000
DDS_Publish,RUN,10318.185757,10318.267366,81.609000
DDS_Publish,RUN,10318.267651,10318.269805,2.154000
DDS_Publish,RUN,10318.270030,10318.272355,2.325000
DDS_Publish,RUN,10318.272580,10318.273170,0.590000
DDS_Publish,RUN,10318.273708,10318.273816,0.108000
DDS_Publish,RUN,10318.273847,10318.274155,0.308000
DDS_Publish,RUN,10318.274384,10318.287869,13.485000
DDS_Publish,RUN,10318.288097,10318.308686,20.589000
DDS_Publish,RUN,10318.673619,10318.675448,1.829000
DDS_Publish,RUN,10318.675536,10318.676965,1.429000
DDS_Publish,RUN,10318.677502,10318.677530,0.028000
DDS_Publish,RUN,10318.677793,10318.678392,0.599000
DDS_Publish,RUN,10318.678926,10318.678987,0.061000
DDS_Publish,RUN,10318.679056,10318.681038,1.982000
DDS_Publish,RUN,10318.681332,10318.696546,15.214000
DDS_Publish,RUN,10318.696777,10318.783345,86.568000
DDS_Publish,RUN,10318.783574,10318.786169,2.595000
DDS_Publish,RUN,10318.786394,10318.786566,0.172000
DDS_Publish,RUN,10318.786833,10318.792168,5.335000
DDS_Publish,RUN,10318.792408,10318.792728,0.320000
DDS_Publish,RUN,10318.792796,10318.793138,0.342000
DDS_Publish,RUN,10318.793366,10318.803869,10.503000
DDS_Publish,RUN,10318.804095,10318.812558,8.463000
DDS_Publish,RUN,10318.812628,10318.812947,0.319000
DDS_Publish,RUN,10318.813176,10318.814181,1.005000
DDS_Publish,RUN,10319.173510,10319.173734,0.224000
DDS_Publish,RUN,10319.174060,10319.188980,14.920000
DDS_Publish,RUN,10319.189225,10319.190079,0.854000
DDS_Publish,RUN,10319.190321,10319.212261,21.940000
DDS_Publish,RUN,10319.212485,10319.291375,78.890000
DDS_Publish,RUN,10319.291601,10319.310878,19.277000
DDS_Publish,RUN,10319.673653,10319.700982,27.329000
DDS_Publish,RUN,10319.701266,10319.803384,102.118000
DDS_Publish,RUN,10319.803624,10319.810474,6.850000
DDS_Publish,RUN,10320.173556,10320.212995,39.439000
DDS_Publish,RUN,10320.213287,10320.314941,101.654000
DDS_Publish,RUN,10320.673677,10320.725004,51.327000
DDS_Publish,RUN,10320.725241,10320.725918,0.677000
DDS_Publish,RUN,10320.726149,10320.745487,19.338000
DDS_Publish,RUN,10320.745716,10320.811363,65.647000
DDS_Publish,RUN,10321.173678,10321.237411,63.733000
DDS_Publish,RUN,10321.237654,10321.238369,0.715000
DDS_Publish,RUN,10321.238597,10321.257925,19.328000
DDS_Publish,RUN,10321.258153,10321.312038,53.885000
DDS_Publish,RUN,10321.673590,10321.675671,2.081000
DDS_Publish,RUN,10321.675760,10321.676100,0.340000
DDS_Publish,RUN,10321.676342,10321.696314,19.972000
DDS_Publish,RUN,10321.696543,10321.748995,52.452000
DDS_Publish,RUN,10321.749288,10321.809138,59.850000
DDS_Publish,RUN,10322.175121,10322.175427,0.306000
DDS_Publish,RUN,10322.175658,10322.195705,20.047000
DDS_Publish,RUN,10322.195934,10322.261047,65.113000
DDS_Publish,RUN,10322.261333,10322.303586,42.253000
DDS_Publish,RUN,10322.673602,10322.773036,99.434000
DDS_Publish,RUN,10322.773321,10322.774058,0.737000
DDS_Publish,RUN,10322.774307,10322.775487,1.180000
DDS_Publish,RUN,10322.775717,10322.779486,3.769000
DDS_Publish,RUN,10322.779738,10322.782917,3.179000
DDS_Publish,RUN,10322.783146,10322.786974,3.828000
DDS_Publish,RUN,10322.787441,10322.813206,25.765000
DDS_Publish,RUN,10322.813435,10322.813673,0.238000
DDS_Publish,RUN,10323.173622,10323.182656,9.034000
DDS_Publish,RUN,10323.183008,10323.285035,102.027000
DDS_Publish,RUN,10323.285267,10323.311137,25.870000
DDS_Publish,RUN,10323.673632,10323.694659,21.027000
DDS_Publish,RUN,10323.694955,10323.797872,102.917000
DDS_Publish,RUN,10323.798151,10323.811541,13.390000
DDS_Publish,RUN,10324.173636,10324.206667,33.031000
DDS_Publish,RUN,10324.206959,10324.207515,0.556000
DDS_Publish,RUN,10324.207748,10324.208008,0.260000
DDS_Publish,RUN,10324.208239,10324.210581,2.342000
DDS_Publish,RUN,10324.211206,10324.211274,0.068000
DDS_Publish,RUN,10324.211297,10324.211302,0.005000
DDS_Publish,RUN,10324.211367,10324.211622,0.255000
DDS_Publish,RUN,10324.211850,10324.214670,2.820000
DDS_Publish,RUN,10324.214921,10324.236769,21.848000
DDS_Publish,RUN,10324.237050,10324.237060,0.010000
DDS_Publish,RUN,10324.237127,10324.237441,0.314000
DDS_Publish,RUN,10324.237688,10324.237971,0.283000
DDS_Publish,RUN,10324.238194,10324.246035,7.841000
DDS_Publish,RUN,10324.246915,10324.247490,0.575000
DDS_Publish,RUN,10324.247557,10324.247763,0.206000
DDS_Publish,RUN,10324.247829,10324.247854,0.025000
DDS_Publish,RUN,10324.248131,10324.248206,0.075000
DDS_Publish,RUN,10324.248481,10324.248854,0.373000
DDS_Publish,RUN,10324.249094,10324.249357,0.263000
DDS_Publish,RUN,10324.250668,10324.250874,0.206000
DDS_Publish,RUN,10324.251102,10324.266568,15.466000
DDS_Publish,RUN,10324.266845,10324.309045,42.200000
DDS_Publish,RUN,10324.309342,10324.309861,0.519000
DDS_Publish,RUN,10324.310091,10324.320671,10.580000
DDS_Publish,RUN,10324.673763,10324.675862,2.099000
DDS_Publish,RUN,10324.675955,10324.676268,0.313000
DDS_Publish,RUN,10324.676555,10324.696507,19.952000
DDS_Publish,RUN,10324.696736,10324.718671,21.935000
DDS_Publish,RUN,10324.718928,10324.719600,0.672000
DDS_Publish,RUN,10324.719826,10324.739173,19.347000
DDS_Publish,RUN,10324.739397,10324.792086,52.689000
DDS_Publish,RUN,10324.792155,10324.792522,0.367000
DDS_Publish,RUN,10324.792750,10324.811630,18.880000
DDS_Publish,RUN,10325.173648,10325.192814,19.166000
DDS_Publish,RUN,10325.193084,10325.230679,37.595000
DDS_Publish,RUN,10325.230922,10325.231608,0.686000
DDS_Publish,RUN,10325.231832,10325.251181,19.349000
DDS_Publish,RUN,10325.251411,10325.311825,60.414000
DDS_Publish,RUN,10325.673672,10325.688362,14.690000
DDS_Publish,RUN,10325.688589,10325.698117,9.528000
DDS_Publish,RUN,10325.698189,10325.698518,0.329000
DDS_Publish,RUN,10325.698744,10325.718776,20.032000
DDS_Publish,RUN,10325.719004,10325.742733,23.729000
DDS_Publish,RUN,10325.743029,10325.743834,0.805000
DDS_Publish,RUN,10325.744083,10325.744638,0.555000
DDS_Publish,RUN,10325.744863,10325.782922,38.059000
DDS_Publish,RUN,10325.783149,10325.797690,14.541000
DDS_Publish,RUN,10326.173674,10326.197503,23.829000
DDS_Publish,RUN,10326.197622,10326.197651,0.029000
DDS_Publish,RUN,10326.197685,10326.198003,0.318000
DDS_Publish,RUN,10326.198040,10326.198974,0.934000
DDS_Publish,RUN,10326.198999,10326.199351,0.352000
DDS_Publish,RUN,10326.199388,10326.233095,33.707000
DDS_Publish,RUN,10326.233132,10326.233586,0.454000
DDS_Publish,RUN,10326.233625,10326.234026,0.401000
DDS_Publish,RUN,10326.234063,10326.234325,0.262000
DDS_Publish,RUN,10326.234363,10326.234535,0.172000
DDS_Publish,RUN,10326.234573,10326.235070,0.497000
DDS_Publish,RUN,10326.235107,10326.235273,0.166000
DDS_Publish,RUN,10326.235348,10326.235374,0.026000
DDS_Publish,RUN,10326.235431,10326.235446,0.015000
DDS_Publish,RUN,10326.235474,10326.236130,0.656000
DDS_Publish,RUN,10326.236168,10326.236845,0.677000
DDS_Publish,RUN,10326.236872,10326.236925,0.053000
DDS_Publish,RUN,10326.236953,10326.236987,0.034000
DDS_Publish,RUN,10326.237012,10326.237236,0.224000
DDS_Publish,RUN,10326.237274,10326.254649,17.375000
DDS_Publish,RUN,10326.254702,10326.266455,11.753000
DDS_Publish,RUN,10326.266491,10326.266564,0.073000
DDS_Publish,RUN,10326.266626,10326.266785,0.159000
DDS_Publish,RUN,10326.266807,10326.267137,0.330000
DDS_Publish,RUN,10326.267175,10326.301013,33.838000
DDS_Publish,RUN,10326.301077,10326.306301,5.224000
DDS_Publish,RUN,10326.306337,10326.311623,5.286000
DDS_Publish,RUN,10326.673718,10326.703562,29.844000
DDS_Publish,RUN,10326.703597,10326.703668,0.071000
DDS_Publish,RUN,10326.703784,10326.704001,0.217000
DDS_Publish,RUN,10326.704027,10326.705944,1.917000
DDS_Publish,RUN,10326.705981,10326.716541,10.560000
DDS_Publish,RUN,10326.716576,10326.766804,50.228000
DDS_Publish,RUN,10326.766858,10326.803307,36.449000
DDS_Publish,RUN,10327.173713,10327.176945,3.232000
DDS_Publish,RUN,10327.177000,10327.183553,6.553000
DDS_Publish,RUN,10327.183628,10327.183763,0.135000
DDS_Publish,RUN,10327.183792,10327.185514,1.722000
DDS_Publish,RUN,10327.185542,10327.186042,0.500000
DDS_Publish,RUN,10327.186080,10327.188260,2.180000
DDS_Publish,RUN,10327.188297,10327.188372,0.075000
DDS_Publish,RUN,10327.188418,10327.188628,0.210000
DDS_Publish,RUN,10327.188655,10327.190613,1.958000
DDS_Publish,RUN,10327.190651,10327.220673,30.022000
DDS_Publish,RUN,10327.220722,10327.220796,0.074000
DDS_Publish,RUN,10327.220829,10327.220847,0.018000
DDS_Publish,RUN,10327.220874,10327.221003,0.129000
DDS_Publish,RUN,10327.221046,10327.221128,0.082000
DDS_Publish,RUN,10327.221154,10327.221200,0.046000
DDS_Publish,RUN,10327.221237,10327.221551,0.314000
DDS_Publish,RUN,10327.221589,10327.222418,0.829000
DDS_Publish,RUN,10327.222445,10327.222465,0.020000
DDS_Publish,RUN,10327.222492,10327.222514,0.022000
DDS_Publish,RUN,10327.222540,10327.222787,0.247000
DDS_Publish,RUN,10327.222825,10327.228393,5.568000
DDS_Publish,RUN,10327.228428,10327.238217,9.789000
DDS_Publish,RUN,10327.238264,10327.261987,23.723000
DDS_Publish,RUN,10327.262068,10327.262147,0.079000
DDS_Publish,RUN,10327.262202,10327.262280,0.078000
DDS_Publish,RUN,10327.262331,10327.262414,0.083000
DDS_Publish,RUN,10327.262444,10327.262457,0.013000
DDS_Publish,RUN,10327.262483,10327.262768,0.285000
DDS_Publish,RUN,10327.262801,10327.278657,15.856000
DDS_Publish,RUN,10327.278711,10327.303669,24.958000
DDS_Publish,RUN,10327.673714,10327.675910,2.196000
DDS_Publish,RUN,10327.675961,10327.676268,0.307000
DDS_Publish,RUN,10327.676304,10327.676547,0.243000
DDS_Publish,RUN,10327.676623,10327.688270,11.647000
DDS_Publish,RUN,10327.688331,10327.689286,0.955000
DDS_Publish,RUN,10327.689350,10327.689406,0.056000
DDS_Publish,RUN,10327.689443,10327.689514,0.071000
DDS_Publish,RUN,10327.689608,10327.689723,0.115000
DDS_Publish,RUN,10327.689756,10327.690068,0.312000
DDS_Publish,RUN,10327.690105,10327.699103,8.998000
DDS_Publish,RUN,10327.699162,10327.699223,0.061000
DDS_Publish,RUN,10327.699254,10327.699561,0.307000
DDS_Publish,RUN,10327.699594,10327.700728,1.134000
DDS_Publish,RUN,10327.700754,10327.701094,0.340000
DDS_Publish,RUN,10327.701133,10327.739975,38.842000
DDS_Publish,RUN,10327.740044,10327.740121,0.077000
DDS_Publish,RUN,10327.740148,10327.740209,0.061000
DDS_Publish,RUN,10327.740245,10327.740412,0.167000
DDS_Publish,RUN,10327.740457,10327.740474,0.017000
DDS_Publish,RUN,10327.740497,10327.741047,0.550000
DDS_Publish,RUN,10327.741083,10327.741385,0.302000
DDS_Publish,RUN,10327.741423,10327.741893,0.470000
DDS_Publish,RUN,10327.741920,10327.741962,0.042000
DDS_Publish,RUN,10327.742003,10327.742042,0.039000
DDS_Publish,RUN,10327.742077,10327.742284,0.207000
DDS_Publish,RUN,10327.742322,10327.765899,23.577000
DDS_Publish,RUN,10327.765958,10327.766088,0.130000
DDS_Publish,RUN,10327.766115,10327.766448,0.333000
DDS_Publish,RUN,10327.766483,10327.766486,0.003000
DDS_Publish,RUN,10327.766515,10327.766833,0.318000
DDS_Publish,RUN,10327.766870,10327.771445,4.575000
DDS_Publish,RUN,10327.771493,10327.771669,0.176000
DDS_Publish,RUN,10327.771706,10327.771778,0.072000
DDS_Publish,RUN,10327.771819,10327.771907,0.088000
DDS_Publish,RUN,10327.771937,10327.772281,0.344000
DDS_Publish,RUN,10327.772318,10327.790675,18.357000
DDS_Publish,RUN,10327.790747,10327.800121,9.374000
DDS_Publish,RUN,10327.800198,10327.808608,8.410000
DDS_Publish,RUN,10327.808655,10327.813260,4.605000
DDS_Publish,RUN,10328.173730,10328.174773,1.043000
DDS_Publish,RUN,10328.174837,10328.189246,14.409000
DDS_Publish,RUN,10328.189374,10328.189486,0.112000
DDS_Publish,RUN,10328.189537,10328.193719,4.182000
DDS_Publish,RUN,10328.193762,10328.194077,0.315000
DDS_Publish,RUN,10328.194114,10328.195275,1.161000
DDS_Publish,RUN,10328.195308,10328.195636,0.328000
DDS_Publish,RUN,10328.195674,10328.196485,0.811000
DDS_Publish,RUN,10328.196560,10328.200280,3.720000
DDS_Publish,RUN,10328.200342,10328.205193,4.851000
DDS_Publish,RUN,10328.205228,10328.205525,0.297000
DDS_Publish,RUN,10328.205562,10328.240713,35.151000
DDS_Publish,RUN,10328.240808,10328.240847,0.039000
DDS_Publish,RUN,10328.240876,10328.241469,0.593000
DDS_Publish,RUN,10328.241507,10328.242204,0.697000
DDS_Publish,RUN,10328.242231,10328.242576,0.345000
DDS_Publish,RUN,10328.242610,10328.252026,9.416000
DDS_Publish,RUN,10328.252061,10328.288611,36.550000
DDS_Publish,RUN,10328.288711,10328.288810,0.099000
DDS_Publish,RUN,10328.288838,10328.289179,0.341000
DDS_Publish,RUN,10328.289217,10328.289295,0.078000
DDS_Publish,RUN,10328.289333,10328.289500,0.167000
DDS_Publish,RUN,10328.289557,10328.289573,0.016000
DDS_Publish,RUN,10328.289597,10328.289932,0.335000
DDS_Publish,RUN,10328.289970,10328.291121,1.151000
DDS_Publish,RUN,10328.291148,10328.291232,0.084000
DDS_Publish,RUN,10328.291256,10328.291703,0.447000
DDS_Publish,RUN,10328.291740,10328.303322,11.582000
DDS_Publish,RUN,10328.303376,10328.315511,12.135000
DDS_Publish,RUN,10328.673857,10328.695766,21.909000
DDS_Publish,RUN,10328.695802,10328.695872,0.070000
DDS_Publish,RUN,10328.695957,10328.696205,0.248000
DDS_Publish,RUN,10328.696233,10328.696552,0.319000
DDS_Publish,RUN,10328.696589,10328.708113,11.524000
DDS_Publish,RUN,10328.708154,10328.708444,0.290000
DDS_Publish,RUN,10328.708482,10328.712286,3.804000
DDS_Publish,RUN,10328.712341,10328.763840,51.499000
DDS_Publish,RUN,10328.763874,10328.770865,6.991000
DDS_Publish,RUN,10328.770939,10328.806329,35.390000
DDS_Publish,RUN,10329.173778,10329.174100,0.322000
DDS_Publish,RUN,10329.174165,10329.224285,50.120000
DDS_Publish,RUN,10329.224340,10329.255286,30.946000
DDS_Publish,RUN,10329.255364,10329.255495,0.131000
DDS_Publish,RUN,10329.255525,10329.255845,0.320000
DDS_Publish,RUN,10329.255882,10329.257716,1.834000
DDS_Publish,RUN,10329.257742,10329.258209,0.467000
DDS_Publish,RUN,10329.258231,10329.258759,0.528000
DDS_Publish,RUN,10329.258796,10329.259109,0.313000
DDS_Publish,RUN,10329.259146,10329.264682,5.536000
DDS_Publish,RUN,10329.264709,10329.265029,0.320000
DDS_Publish,RUN,10329.265067,10329.265883,0.816000
DDS_Publish,RUN,10329.265931,10329.266109,0.178000
DDS_Publish,RUN,10329.266136,10329.266469,0.333000
DDS_Publish,RUN,10329.266507,10329.276636,10.129000
DDS_Publish,RUN,10329.276671,10329.298943,22.272000
DDS_Publish,RUN,10329.299003,10329.299038,0.035000
DDS_Publish,RUN,10329.299081,10329.299118,0.037000
DDS_Publish,RUN,10329.299155,10329.299223,0.068000
DDS_Publish,RUN,10329.299267,10329.299339,0.072000
DDS_Publish,RUN,10329.299367,10329.299408,0.041000
DDS_Publish,RUN,10329.299446,10329.300411,0.965000
DDS_Publish,RUN,10329.300460,10329.300583,0.123000
DDS_Publish,RUN,10329.300605,10329.300611,0.006000
DDS_Publish,RUN,10329.300647,10329.300934,0.287000
DDS_Publish,RUN,10329.300967,10329.301870,0.903000
DDS_Publish,RUN,10329.301896,10329.302242,0.346000
DDS_Publish,RUN,10329.302279,10329.311835,9.556000
DDS_Publish,RUN,10329.673886,10329.685897,12.011000
DDS_Publish,RUN,10329.685948,10329.736292,50.344000
DDS_Publish,RUN,10329.736345,10329.736421,0.076000
DDS_Publish,RUN,10329.736459,10329.736627,0.168000
DDS_Publish,RUN,10329.736701,10329.736730,0.029000
DDS_Publish,RUN,10329.736775,10329.736783,0.008000
DDS_Publish,RUN,10329.736875,10329.737213,0.338000
DDS_Publish,RUN,10329.737250,10329.740143,2.893000
DDS_Publish,RUN,10329.740170,10329.740810,0.640000
DDS_Publish,RUN,10329.740836,10329.740984,0.148000
DDS_Publish,RUN,10329.741021,10329.747704,6.683000
DDS_Publish,RUN,10329.747735,10329.748046,0.311000
DDS_Publish,RUN,10329.748084,10329.748813,0.729000
DDS_Publish,RUN,10329.748869,10329.749033,0.164000
DDS_Publish,RUN,10329.749059,10329.749389,0.330000
DDS_Publish,RUN,10329.749427,10329.771390,21.963000
DDS_Publish,RUN,10329.771453,10329.771469,0.016000
DDS_Publish,RUN,10329.771498,10329.771709,0.211000
DDS_Publish,RUN,10329.771756,10329.771777,0.021000
DDS_Publish,RUN,10329.771804,10329.772075,0.271000
DDS_Publish,RUN,10329.772113,10329.772431,0.318000
DDS_Publish,RUN,10329.772468,10329.776070,3.602000
DDS_Publish,RUN,10329.776120,10329.776137,0.017000
DDS_Publish,RUN,10329.776164,10329.776493,0.329000
DDS_Publish,RUN,10329.776531,10329.777630,1.099000
DDS_Publish,RUN,10329.777657,10329.777993,0.336000
DDS_Publish,RUN,10329.778038,10329.788640,10.602000
DDS_Publish,RUN,10329.788676,10329.814200,25.524000
DDS_Publish,RUN,10330.173774,10330.197646,23.872000
DDS_Publish,RUN,10330.197681,10330.207677,9.996000
DDS_Publish,RUN,10330.207714,10330.207880,0.166000
DDS_Publish,RUN,10330.208024,10330.208095,0.071000
DDS_Publish,RUN,10330.208137,10330.209039,0.902000
DDS_Publish,RUN,10330.209077,10330.211098,2.021000
DDS_Publish,RUN,10330.211124,10330.211442,0.318000
DDS_Publish,RUN,10330.211476,10330.211607,0.131000
DDS_Publish,RUN,10330.211634,10330.211954,0.320000
DDS_Publish,RUN,10330.211992,10330.243761,31.769000
DDS_Publish,RUN,10330.243856,10330.243879,0.023000
DDS_Publish,RUN,10330.243910,10330.243921,0.011000
DDS_Publish,RUN,10330.243959,10330.244009,0.050000
DDS_Publish,RUN,10330.244032,10330.244039,0.007000
DDS_Publish,RUN,10330.244088,10330.244104,0.016000
DDS_Publish,RUN,10330.244132,10330.244230,0.098000
DDS_Publish,RUN,10330.244268,10330.244565,0.297000
DDS_Publish,RUN,10330.244603,10330.244976,0.373000
DDS_Publish,RUN,10330.245025,10330.245150,0.125000
DDS_Publish,RUN,10330.245172,10330.245493,0.321000
DDS_Publish,RUN,10330.245531,10330.248320,2.789000
DDS_Publish,RUN,10330.248373,10330.276423,28.050000
DDS_Publish,RUN,10330.276519,10330.276536,0.017000
DDS_Publish,RUN,10330.276564,10330.276886,0.322000
DDS_Publish,RUN,10330.276924,10330.277896,0.972000
DDS_Publish,RUN,10330.277922,10330.278260,0.338000
DDS_Publish,RUN,10330.278297,10330.300227,21.930000
DDS_Publish,RUN,10330.300264,10330.304610,4.346000
DDS_Publish,RUN,10330.673812,10330.676234,2.422000
DDS_Publish,RUN,10330.676289,10330.676608,0.319000
DDS_Publish,RUN,10330.676662,10330.676849,0.187000
DDS_Publish,RUN,10330.676939,10330.680470,3.531000
DDS_Publish,RUN,10330.680549,10330.681355,0.806000
DDS_Publish,RUN,10330.681389,10330.681715,0.326000
DDS_Publish,RUN,10330.681752,10330.709443,27.691000
DDS_Publish,RUN,10330.709478,10330.717773,8.295000
DDS_Publish,RUN,10330.717819,10330.717968,0.149000
DDS_Publish,RUN,10330.718012,10330.758181,40.169000
DDS_Publish,RUN,10330.758207,10330.760310,2.103000
DDS_Publish,RUN,10330.760365,10330.760441,0.076000
DDS_Publish,RUN,10330.760478,10330.811994,51.516000
DDS_Publish,RUN,10330.812030,10330.812201,0.171000
DDS_Publish,RUN,10331.173807,10331.173834,0.027000
DDS_Publish,RUN,10331.173886,10331.174123,0.237000
DDS_Publish,RUN,10331.174199,10331.222168,47.969000
DDS_Publish,RUN,10331.222202,10331.272338,50.136000
DDS_Publish,RUN,10331.272392,10331.312207,39.815000
DDS_Publish,RUN,10331.673920,10331.681923,8.003000
DDS_Publish,RUN,10331.682012,10331.709204,27.192000
DDS_Publish,RUN,10331.709237,10331.709549,0.312000
DDS_Publish,RUN,10331.709587,10331.733960,24.373000
DDS_Publish,RUN,10331.733994,10331.784343,50.349000
DDS_Publish,RUN,10331.784387,10331.812403,28.016000
DDS_Publish,RUN,10332.173854,10332.194006,20.152000
DDS_Publish,RUN,10332.194247,10332.296390,102.143000
DDS_Publish,RUN,10332.296681,10332.308811,12.130000
DDS_Publish,RUN,10332.673967,10332.706010,32.043000
DDS_Publish,RUN,10332.706278,10332.808401,102.123000
DDS_Publish,RUN,10332.808635,10332.812754,4.119000
DDS_Publish,RUN,10349.267767,10349.267819,0.052000
DDS_Publish,RUN,10349.267843,10349.268355,0.512000
DDS_Publish,RUN,10349.268581,10349.269410,0.829000
DDS_Publish,RUN,10349.270584,10349.271734,1.150000
DDS_Publish,RUN,10349.271806,10349.272199,0.393000
DDS_Publish,RUN,10349.272477,10349.273007,0.530000
DDS_Publish,RUN,10349.273077,10349.273478,0.401000
DDS_Publish,RUN,10349.273705,10349.288393,14.688000
DDS_Publish,RUN,10349.288617,10349.295091,6.474000
DDS_Publish,RUN,10349.295334,10349.313741,18.407000
DDS_Publish,RUN,10349.674383,10349.704708,30.325000
DDS_Publish,RUN,10349.704946,10349.705542,0.596000
DDS_Publish,RUN,10349.705772,10349.705948,0.176000
DDS_Publish,RUN,10349.706219,10349.708641,2.422000
DDS_Publish,RUN,10349.708897,10349.744913,36.016000
DDS_Publish,RUN,10349.745142,10349.807085,61.943000
DDS_Publish,RUN,10349.807314,10349.811644,4.330000
DDS_Publish,RUN,10350.174297,10350.216686,42.389000
DDS_Publish,RUN,10350.216977,10350.311712,94.735000
DDS_Publish,RUN,10350.674310,10350.728721,54.411000
DDS_Publish,RUN,10350.728962,10350.796714,67.752000
DDS_Publish,RUN,10351.174301,10351.240724,66.423000
DDS_Publish,RUN,10351.241016,10351.298907,57.891000
DDS_Publish,RUN,10351.674333,10351.681068,6.735000
DDS_Publish,RUN,10351.681167,10351.681486,0.319000
DDS_Publish,RUN,10351.681800,10351.681859,0.059000
DDS_Publish,RUN,10351.682189,10351.721479,39.290000
DDS_Publish,RUN,10351.721714,10351.752734,31.020000
DDS_Publish,RUN,10351.753029,10351.807037,54.008000
DDS_Publish,RUN,10352.174304,10352.177791,3.487000
DDS_Publish,RUN,10352.177860,10352.178224,0.364000
DDS_Publish,RUN,10352.178454,10352.198507,20.053000
DDS_Publish,RUN,10352.198787,10352.264740,65.953000
DDS_Publish,RUN,10352.264982,10352.299589,34.607000
DDS_Publish,RUN,10352.674730,10352.776765,102.035000
DDS_Publish,RUN,10352.777045,10352.811362,34.317000
DDS_Publish,RUN,10353.174363,10353.180367,6.004000
DDS_Publish,RUN,10353.180658,10353.182243,1.585000
DDS_Publish,RUN,10353.182536,10353.183431,0.895000
DDS_Publish,RUN,10353.183676,10353.184363,0.687000
DDS_Publish,RUN,10353.184646,10353.186767,2.121000
DDS_Publish,RUN,10353.187043,10353.288770,101.727000
DDS_Publish,RUN,10353.289011,10353.312711,23.700000
DDS_Publish,RUN,10353.390066,10353.390125,0.059000
DDS_Publish,PREEMPT,10311.680769,10311.680957,0.188000
DDS_Publish,PREEMPT,10311.713682,10311.713923,0.241000
DDS_Publish,SLEEP,10311.809087,10312.173343,364.256000
DDS_Publish,PREEMPT,10312.204973,10312.205053,0.080000
DDS_Publish,PREEMPT,10312.205366,10312.205577,0.211000
DDS_Publish,PREEMPT,10312.205900,10312.206111,0.211000
DDS_Publish,PREEMPT,10312.225653,10312.225871,0.218000
DDS_Publish,PREEMPT,10312.226435,10312.226651,0.216000
DDS_Publish,SLEEP,10312.297523,10312.673354,375.831000
DDS_Publish,PREEMPT,10312.674626,10312.674693,0.067000
DDS_Publish,PREEMPT,10312.675046,10312.675275,0.229000
DDS_Publish,PREEMPT,10312.675336,10312.675628,0.292000
DDS_Publish,PREEMPT,10312.687723,10312.687935,0.212000
DDS_Publish,PREEMPT,10312.687947,10312.688014,0.067000
DDS_Publish,PREEMPT,10312.688356,10312.688564,0.208000
DDS_Publish,PREEMPT,10312.701981,10312.702232,0.251000
DDS_Publish,PREEMPT,10312.737648,10312.737890,0.242000
DDS_Publish,SLEEP,10312.796973,10313.173368,376.395000
DDS_Publish,PREEMPT,10313.207144,10313.207329,0.185000
DDS_Publish,PREEMPT,10313.249645,10313.249869,0.224000
DDS_Publish,SLEEP,10313.295821,10313.673392,377.571000
DDS_Publish,PREEMPT,10313.761693,10313.761932,0.239000
DDS_Publish,SLEEP,10313.808722,10314.173406,364.684000
DDS_Publish,PREEMPT,10314.273682,10314.273926,0.244000
DDS_Publish,SLEEP,10314.307410,10314.673533,366.123000
DDS_Publish,PREEMPT,10314.683315,10314.683638,0.323000
DDS_Publish,PREEMPT,10314.785698,10314.785988,0.290000
DDS_Publish,SLEEP,10314.815589,10315.173535,357.946000
DDS_Publish,PREEMPT,10315.195292,10315.195536,0.244000
DDS_Publish,PREEMPT,10315.297711,10315.297940,0.229000
DDS_Publish,SLEEP,10315.310981,10315.673442,362.461000
DDS_Publish,PREEMPT,10315.678362,10315.678455,0.093000
DDS_Publish,PREEMPT,10315.678783,10315.679023,0.240000
DDS_Publish,PREEMPT,10315.679280,10315.679521,0.241000
DDS_Publish,PREEMPT,10315.684634,10315.684958,0.324000
DDS_Publish,PREEMPT,10315.696244,10315.696359,0.115000
DDS_Publish,PREEMPT,10315.697885,10315.698005,0.120000
DDS_Publish,PREEMPT,10315.707292,10315.707535,0.243000
DDS_Publish,PREEMPT,10315.718428,10315.718552,0.124000
DDS_Publish,PREEMPT,10315.718597,10315.718725,0.128000
DDS_Publish,PREEMPT,10315.718758,10315.719075,0.317000
DDS_Publish,PREEMPT,10315.719093,10315.719181,0.088000
DDS_Publish,PREEMPT,10315.719363,10315.719486,0.123000
DDS_Publish,PREEMPT,10315.719531,10315.719654,0.123000
DDS_Publish,PREEMPT,10315.720411,10315.720509,0.098000
DDS_Publish,PREEMPT,10315.809713,10315.809940,0.227000
DDS_Publish,SLEEP,10315.813375,10316.173444,360.069000
DDS_Publish,PREEMPT,10316.174124,10316.174402,0.278000
DDS_Publish,PREEMPT,10316.192269,10316.192497,0.228000
DDS_Publish,PREEMPT,10316.219334,10316.219618,0.284000
DDS_Publish,SLEEP,10316.309944,10316.673569,363.625000
DDS_Publish,PREEMPT,10316.715869,10316.715943,0.074000
DDS_Publish,PREEMPT,10316.716272,10316.716503,0.231000
DDS_Publish,PREEMPT,10316.716744,10316.716978,0.234000
DDS_Publish,PREEMPT,10316.717633,10316.717920,0.287000
DDS_Publish,PREEMPT,10316.731339,10316.731638,0.299000
DDS_Publish,PREEMPT,10316.756285,10316.756480,0.195000
DDS_Publish,SLEEP,10316.815044,10317.173579,358.535000
DDS_Publish,PREEMPT,10317.243341,10317.243580,0.239000
DDS_Publish,SLEEP,10317.312777,10317.673498,360.721000
DDS_Publish,PREEMPT,10317.755352,10317.755640,0.288000
DDS_Publish,SLEEP,10317.811312,10318.173496,362.184000
DDS_Publish,PREEMPT,10318.185473,10318.185757,0.284000
DDS_Publish,PREEMPT,10318.267366,10318.267651,0.285000
DDS_Publish,PREEMPT,10318.269805,10318.270030,0.225000
DDS_Publish,PREEMPT,10318.272355,10318.272580,0.225000
DDS_Publish,PREEMPT,10318.273170,10318.273708,0.538000
DDS_Publish,PREEMPT,10318.273816,10318.273847,0.031000
DDS_Publish,PREEMPT,10318.274155,10318.274384,0.229000
DDS_Publish,PREEMPT,10318.287869,10318.288097,0.228000
DDS_Publish,SLEEP,10318.308686,10318.673619,364.933000
DDS_Publish,PREEMPT,10318.675448,10318.675536,0.088000
DDS_Publish,PREEMPT,10318.676965,10318.677502,0.537000
DDS_Publish,PREEMPT,10318.677530,10318.677793,0.263000
DDS_Publish,PREEMPT,10318.678392,10318.678926,0.534000
DDS_Publish,PREEMPT,10318.678987,10318.679056,0.069000
DDS_Publish,PREEMPT,10318.681038,10318.681332,0.294000
DDS_Publish,PREEMPT,10318.696546,10318.696777,0.231000
DDS_Publish,PREEMPT,10318.783345,10318.783574,0.229000
DDS_Publish,PREEMPT,10318.786169,10318.786394,0.225000
DDS_Publish,PREEMPT,10318.786566,10318.786833,0.267000
DDS_Publish,PREEMPT,10318.792168,10318.792408,0.240000
DDS_Publish,PREEMPT,10318.792728,10318.792796,0.068000
DDS_Publish,PREEMPT,10318.793138,10318.793366,0.228000
DDS_Publish,PREEMPT,10318.803869,10318.804095,0.226000
DDS_Publish,PREEMPT,10318.812558,10318.812628,0.070000
DDS_Publish,PREEMPT,10318.812947,10318.813176,0.229000
DDS_Publish,SLEEP,10318.814181,10319.173510,359.329000
DDS_Publish,PREEMPT,10319.173734,10319.174060,0.326000
DDS_Publish,PREEMPT,10319.188980,10319.189225,0.245000
DDS_Publish,PREEMPT,10319.190079,10319.190321,0.242000
DDS_Publish,PREEMPT,10319.212261,10319.212485,0.224000
DDS_Publish,PREEMPT,10319.291375,10319.291601,0.226000
DDS_Publish,SLEEP,10319.310878,10319.673653,362.775000
DDS_Publish,PREEMPT,10319.700982,10319.701266,0.284000
DDS_Publish,PREEMPT,10319.803384,10319.803624,0.240000
DDS_Publish,SLEEP,10319.810474,10320.173556,363.082000
DDS_Publish,PREEMPT,10320.212995,10320.213287,0.292000
DDS_Publish,SLEEP,10320.314941,10320.673677,358.736000
DDS_Publish,PREEMPT,10320.725004,10320.725241,0.237000
DDS_Publish,PREEMPT,10320.725918,10320.726149,0.231000
DDS_Publish,PREEMPT,10320.745487,10320.745716,0.229000
DDS_Publish,SLEEP,10320.811363,10321.173678,362.315000
DDS_Publish,PREEMPT,10321.237411,10321.237654,0.243000
DDS_Publish,PREEMPT,10321.238369,10321.238597,0.228000
DDS_Publish,PREEMPT,10321.257925,10321.258153,0.228000
DDS_Publish,SLEEP,10321.312038,10321.673590,361.552000
DDS_Publish,PREEMPT,10321.675671,10321.675760,0.089000
DDS_Publish,PREEMPT,10321.676100,10321.676342,0.242000
DDS_Publish,PREEMPT,10321.696314,10321.696543,0.229000
DDS_Publish,PREEMPT,10321.748995,10321.749288,0.293000
DDS_Publish,SLEEP,10321.809138,10322.175121,365.983000
DDS_Publish,PREEMPT,10322.175427,10322.175658,0.231000
DDS_Publish,PREEMPT,10322.195705,10322.195934,0.229000
DDS_Publish,PREEMPT,10322.261047,10322.261333,0.286000
DDS_Publish,SLEEP,10322.303586,10322.673602,370.016000
DDS_Publish,PREEMPT,10322.773036,10322.773321,0.285000
DDS_Publish,PREEMPT,10322.774058,10322.774307,0.249000
DDS_Publish,PREEMPT,10322.775487,10322.775717,0.230000
DDS_Publish,PREEMPT,10322.779486,10322.779738,0.252000
DDS_Publish,PREEMPT,10322.782917,10322.783146,0.229000
DDS_Publish,PREEMPT,10322.786974,10322.787441,0.467000
DDS_Publish,PREEMPT,10322.813206,10322.813435,0.229000
DDS_Publish,SLEEP,10322.813673,10323.173622,359.949000
DDS_Publish,PREEMPT,10323.182656,10323.183008,0.352000
DDS_Publish,PREEMPT,10323.285035,10323.285267,0.232000
DDS_Publish,SLEEP,10323.311137,10323.673632,362.495000
DDS_Publish,PREEMPT,10323.694659,10323.694955,0.296000
DDS_Publish,PREEMPT,10323.797872,10323.798151,0.279000
DDS_Publish,SLEEP,10323.811541,10324.173636,362.095000
DDS_Publish,PREEMPT,10324.206667,10324.206959,0.292000
DDS_Publish,PREEMPT,10324.207515,10324.207748,0.233000
DDS_Publish,PREEMPT,10324.208008,10324.208239,0.231000
DDS_Publish,PREEMPT,10324.210581,10324.211206,0.625000
DDS_Publish,PREEMPT,10324.211274,10324.211297,0.023000
DDS_Publish,PREEMPT,10324.211302,10324.211367,0.065000
DDS_Publish,PREEMPT,10324.211622,10324.211850,0.228000
DDS_Publish,PREEMPT,10324.214670,10324.214921,0.251000
DDS_Publish,PREEMPT,10324.236769,10324.237050,0.281000
DDS_Publish,PREEMPT,10324.237060,10324.237127,0.067000
DDS_Publish,PREEMPT,10324.237441,10324.237688,0.247000
DDS_Publish,PREEMPT,10324.237971,10324.238194,0.223000
DDS_Publish,PREEMPT,10324.246035,10324.246915,0.880000
DDS_Publish,PREEMPT,10324.247490,10324.247557,0.067000
DDS_Publish,PREEMPT,10324.247763,10324.247829,0.066000
DDS_Publish,PREEMPT,10324.247854,10324.248131,0.277000
DDS_Publish,PREEMPT,10324.248206,10324.248481,0.275000
DDS_Publish,PREEMPT,10324.248854,10324.249094,0.240000
DDS_Publish,PREEMPT,10324.249357,10324.250668,1.311000
DDS_Publish,PREEMPT,10324.250874,10324.251102,0.228000
DDS_Publish,PREEMPT,10324.266568,10324.266845,0.277000
DDS_Publish,PREEMPT,10324.309045,10324.309342,0.297000
DDS_Publish,PREEMPT,10324.309861,10324.310091,0.230000
DDS_Publish,SLEEP,10324.320671,10324.673763,353.092000
DDS_Publish,PREEMPT,10324.675862,10324.675955,0.093000
DDS_Publish,PREEMPT,10324.676268,10324.676555,0.287000
DDS_Publish,PREEMPT,10324.696507,10324.696736,0.229000
DDS_Publish,PREEMPT,10324.718671,10324.718928,0.257000
DDS_Publish,PREEMPT,10324.719600,10324.719826,0.226000
DDS_Publish,PREEMPT,10324.739173,10324.739397,0.224000
DDS_Publish,PREEMPT,10324.792086,10324.792155,0.069000
DDS_Publish,PREEMPT,10324.792522,10324.792750,0.228000
DDS_Publish,SLEEP,10324.811630,10325.173648,362.018000
DDS_Publish,PREEMPT,10325.192814,10325.193084,0.270000
DDS_Publish,PREEMPT,10325.230679,10325.230922,0.243000
DDS_Publish,PREEMPT,10325.231608,10325.231832,0.224000
DDS_Publish,PREEMPT,10325.251181,10325.251411,0.230000
DDS_Publish,SLEEP,10325.311825,10325.673672,361.847000
DDS_Publish,PREEMPT,10325.688362,10325.688589,0.227000
DDS_Publish,PREEMPT,10325.698117,10325.698189,0.072000
DDS_Publish,PREEMPT,10325.698518,10325.698744,0.226000
DDS_Publish,PREEMPT,10325.718776,10325.719004,0.228000
DDS_Publish,PREEMPT,10325.742733,10325.743029,0.296000
DDS_Publish,PREEMPT,10325.743834,10325.744083,0.249000
DDS_Publish,PREEMPT,10325.744638,10325.744863,0.225000
DDS_Publish,PREEMPT,10325.782922,10325.783149,0.227000
DDS_Publish,SLEEP,10325.797690,10326.173674,375.984000
DDS_Publish,PREEMPT,10326.197503,10326.197622,0.119000
DDS_Publish,PREEMPT,10326.197651,10326.197685,0.034000
DDS_Publish,PREEMPT,10326.198003,10326.198040,0.037000
DDS_Publish,PREEMPT,10326.198974,10326.198999,0.025000
DDS_Publish,PREEMPT,10326.199351,10326.199388,0.037000
DDS_Publish,PREEMPT,10326.233095,10326.233132,0.037000
DDS_Publish,PREEMPT,10326.233586,10326.233625,0.039000
DDS_Publish,PREEMPT,10326.234026,10326.234063,0.037000
DDS_Publish,PREEMPT,10326.234325,10326.234363,0.038000
DDS_Publish,PREEMPT,10326.234535,10326.234573,0.038000
DDS_Publish,PREEMPT,10326.235070,10326.235107,0.037000
DDS_Publish,PREEMPT,10326.235273,10326.235348,0.075000
DDS_Publish,PREEMPT,10326.235374,10326.235431,0.057000
DDS_Publish,PREEMPT,10326.235446,10326.235474,0.028000
DDS_Publish,PREEMPT,10326.236130,10326.236168,0.038000
DDS_Publish,PREEMPT,10326.236845,10326.236872,0.027000
DDS_Publish,PREEMPT,10326.236925,10326.236953,0.028000
DDS_Publish,PREEMPT,10326.236987,10326.237012,0.025000
DDS_Publish,PREEMPT,10326.237236,10326.237274,0.038000
DDS_Publish,PREEMPT,10326.254649,10326.254702,0.053000
DDS_Publish,PREEMPT,10326.266455,10326.266491,0.036000
DDS_Publish,PREEMPT,10326.266564,10326.266626,0.062000
DDS_Publish,PREEMPT,10326.266785,10326.266807,0.022000
DDS_Publish,PREEMPT,10326.267137,10326.267175,0.038000
DDS_Publish,PREEMPT,10326.301013,10326.301077,0.064000
DDS_Publish,PREEMPT,10326.306301,10326.306337,0.036000
DDS_Publish,SLEEP,10326.311623,10326.673718,362.095000
DDS_Publish,PREEMPT,10326.703562,10326.703597,0.035000
DDS_Publish,PREEMPT,10326.703668,10326.703784,0.116000
DDS_Publish,PREEMPT,10326.704001,10326.704027,0.026000
DDS_Publish,PREEMPT,10326.705944,10326.705981,0.037000
DDS_Publish,PREEMPT,10326.716541,10326.716576,0.035000
DDS_Publish,PREEMPT,10326.766804,10326.766858,0.054000
DDS_Publish,SLEEP,10326.803307,10327.173713,370.406000
DDS_Publish,PREEMPT,10327.176945,10327.177000,0.055000
DDS_Publish,PREEMPT,10327.183553,10327.183628,0.075000
DDS_Publish,PREEMPT,10327.183763,10327.183792,0.029000
DDS_Publish,PREEMPT,10327.185514,10327.185542,0.028000
DDS_Publish,PREEMPT,10327.186042,10327.186080,0.038000
DDS_Publish,PREEMPT,10327.188260,10327.188297,0.037000
DDS_Publish,PREEMPT,10327.188372,10327.188418,0.046000
DDS_Publish,PREEMPT,10327.188628,10327.188655,0.027000
DDS_Publish,PREEMPT,10327.190613,10327.190651,0.038000
DDS_Publish,PREEMPT,10327.220673,10327.220722,0.049000
DDS_Publish,PREEMPT,10327.220796,10327.220829,0.033000
DDS_Publish,PREEMPT,10327.220847,10327.220874,0.027000
DDS_Publish,PREEMPT,10327.221003,10327.221046,0.043000
DDS_Publish,PREEMPT,10327.221128,10327.221154,0.026000
DDS_Publish,PREEMPT,10327.221200,10327.221237,0.037000
DDS_Publish,PREEMPT,10327.221551,10327.221589,0.038000
DDS_Publish,PREEMPT,10327.222418,10327.222445,0.027000
DDS_Publish,PREEMPT,10327.222465,10327.222492,0.027000
DDS_Publish,PREEMPT,10327.222514,10327.222540,0.026000
DDS_Publish,PREEMPT,10327.222787,10327.222825,0.038000
DDS_Publish,PREEMPT,10327.228393,10327.228428,0.035000
DDS_Publish,PREEMPT,10327.238217,10327.238264,0.047000
DDS_Publish,PREEMPT,10327.261987,10327.262068,0.081000
DDS_Publish,PREEMPT,10327.262147,10327.262202,0.055000
DDS_Publish,PREEMPT,10327.262280,10327.262331,0.051000
DDS_Publish,PREEMPT,10327.262414,10327.262444,0.030000
DDS_Publish,PREEMPT,10327.262457,10327.262483,0.026000
DDS_Publish,PREEMPT,10327.262768,10327.262801,0.033000
DDS_Publish,PREEMPT,10327.278657,10327.278711,0.054000
DDS_Publish,SLEEP,10327.303669,10327.673714,370.045000
DDS_Publish,PREEMPT,10327.675910,10327.675961,0.051000
DDS_Publish,PREEMPT,10327.676268,10327.676304,0.036000
DDS_Publish,PREEMPT,10327.676547,10327.676623,0.076000
DDS_Publish,PREEMPT,10327.688270,10327.688331,0.061000
DDS_Publish,PREEMPT,10327.689286,10327.689350,0.064000
DDS_Publish,PREEMPT,10327.689406,10327.689443,0.037000
DDS_Publish,PREEMPT,10327.689514,10327.689608,0.094000
DDS_Publish,PREEMPT,10327.689723,10327.689756,0.033000
DDS_Publish,PREEMPT,10327.690068,10327.690105,0.037000
DDS_Publish,PREEMPT,10327.699103,10327.699162,0.059000
DDS_Publish,PREEMPT,10327.699223,10327.699254,0.031000
DDS_Publish,PREEMPT,10327.699561,10327.699594,0.033000
DDS_Publish,PREEMPT,10327.700728,10327.700754,0.026000
DDS_Publish,PREEMPT,10327.701094,10327.701133,0.039000
DDS_Publish,PREEMPT,10327.739975,10327.740044,0.069000
DDS_Publish,PREEMPT,10327.740121,10327.740148,0.027000
DDS_Publish,PREEMPT,10327.740209,10327.740245,0.036000
DDS_Publish,PREEMPT,10327.740412,10327.740457,0.045000
DDS_Publish,PREEMPT,10327.740474,10327.740497,0.023000
DDS_Publish,PREEMPT,10327.741047,10327.741083,0.036000
DDS_Publish,PREEMPT,10327.741385,10327.741423,0.038000
DDS_Publish,PREEMPT,10327.741893,10327.741920,0.027000
DDS_Publish,PREEMPT,10327.741962,10327.742003,0.041000
DDS_Publish,PREEMPT,10327.742042,10327.742077,0.035000
DDS_Publish,PREEMPT,10327.742284,10327.742322,0.038000
DDS_Publish,PREEMPT,10327.765899,10327.765958,0.059000
DDS_Publish,PREEMPT,10327.766088,10327.766115,0.027000
DDS_Publish,PREEMPT,10327.766448,10327.766483,0.035000
DDS_Publish,PREEMPT,10327.766486,10327.766515,0.029000
DDS_Publish,PREEMPT,10327.766833,10327.766870,0.037000
DDS_Publish,PREEMPT,10327.771445,10327.771493,0.048000
DDS_Publish,PREEMPT,10327.771669,10327.771706,0.037000
DDS_Publish,PREEMPT,10327.771778,10327.771819,0.041000
DDS_Publish,PREEMPT,10327.771907,10327.771937,0.030000
DDS_Publish,PREEMPT,10327.772281,10327.772318,0.037000
DDS_Publish,PREEMPT,10327.790675,10327.790747,0.072000
DDS_Publish,PREEMPT,10327.800121,10327.800198,0.077000
DDS_Publish,PREEMPT,10327.808608,10327.808655,0.047000
DDS_Publish,SLEEP,10327.813260,10328.173730,360.470000
DDS_Publish,PREEMPT,10328.174773,10328.174837,0.064000
DDS_Publish,PREEMPT,10328.189246,10328.189374,0.128000
DDS_Publish,PREEMPT,10328.189486,10328.189537,0.051000
DDS_Publish,PREEMPT,10328.193719,10328.193762,0.043000
DDS_Publish,PREEMPT,10328.194077,10328.194114,0.037000
DDS_Publish,PREEMPT,10328.195275,10328.195308,0.033000
DDS_Publish,PREEMPT,10328.195636,10328.195674,0.038000
DDS_Publish,PREEMPT,10328.196485,10328.196560,0.075000
DDS_Publish,PREEMPT,10328.200280,10328.200342,0.062000
DDS_Publish,PREEMPT,10328.205193,10328.205228,0.035000
DDS_Publish,PREEMPT,10328.205525,10328.205562,0.037000
DDS_Publish,PREEMPT,10328.240713,10328.240808,0.095000
DDS_Publish,PREEMPT,10328.240847,10328.240876,0.029000
DDS_Publish,PREEMPT,10328.241469,10328.241507,0.038000
DDS_Publish,PREEMPT,10328.242204,10328.242231,0.027000
DDS_Publish,PREEMPT,10328.242576,10328.242610,0.034000
DDS_Publish,PREEMPT,10328.252026,10328.252061,0.035000
DDS_Publish,PREEMPT,10328.288611,10328.288711,0.100000
DDS_Publish,PREEMPT,10328.288810,10328.288838,0.028000
DDS_Publish,PREEMPT,10328.289179,10328.289217,0.038000
DDS_Publish,PREEMPT,10328.289295,10328.289333,0.038000
DDS_Publish,PREEMPT,10328.289500,10328.289557,0.057000
DDS_Publish,PREEMPT,10328.289573,10328.289597,0.024000
DDS_Publish,PREEMPT,10328.289932,10328.289970,0.038000
DDS_Publish,PREEMPT,10328.291121,10328.291148,0.027000
DDS_Publish,PREEMPT,10328.291232,10328.291256,0.024000
DDS_Publish,PREEMPT,10328.291703,10328.291740,0.037000
DDS_Publish,PREEMPT,10328.303322,10328.303376,0.054000
DDS_Publish,SLEEP,10328.315511,10328.673857,358.346000
DDS_Publish,PREEMPT,10328.695766,10328.695802,0.036000
DDS_Publish,PREEMPT,10328.695872,10328.695957,0.085000
DDS_Publish,PREEMPT,10328.696205,10328.696233,0.028000
DDS_Publish,PREEMPT,10328.696552,10328.696589,0.037000
DDS_Publish,PREEMPT,10328.708113,10328.708154,0.041000
DDS_Publish,PREEMPT,10328.708444,10328.708482,0.038000
DDS_Publish,PREEMPT,10328.712286,10328.712341,0.055000
DDS_Publish,PREEMPT,10328.763840,10328.763874,0.034000
DDS_Publish,PREEMPT,10328.770865,10328.770939,0.074000
DDS_Publish,SLEEP,10328.806329,10329.173778,367.449000
DDS_Publish,PREEMPT,10329.174100,10329.174165,0.065000
DDS_Publish,PREEMPT,10329.224285,10329.224340,0.055000
DDS_Publish,PREEMPT,10329.255286,10329.255364,0.078000
DDS_Publish,PREEMPT,10329.255495,10329.255525,0.030000
DDS_Publish,PREEMPT,10329.255845,10329.255882,0.037000
DDS_Publish,PREEMPT,10329.257716,10329.257742,0.026000
DDS_Publish,PREEMPT,10329.258209,10329.258231,0.022000
DDS_Publish,PREEMPT,10329.258759,10329.258796,0.037000
DDS_Publish,PREEMPT,10329.259109,10329.259146,0.037000
DDS_Publish,PREEMPT,10329.264682,10329.264709,0.027000
DDS_Publish,PREEMPT,10329.265029,10329.265067,0.038000
DDS_Publish,PREEMPT,10329.265883,10329.265931,0.048000
DDS_Publish,PREEMPT,10329.266109,10329.266136,0.027000
DDS_Publish,PREEMPT,10329.266469,10329.266507,0.038000
DDS_Publish,PREEMPT,10329.276636,10329.276671,0.035000
DDS_Publish,PREEMPT,10329.298943,10329.299003,0.060000
DDS_Publish,PREEMPT,10329.299038,10329.299081,0.043000
DDS_Publish,PREEMPT,10329.299118,10329.299155,0.037000
DDS_Publish,PREEMPT,10329.299223,10329.299267,0.044000
DDS_Publish,PREEMPT,10329.299339,10329.299367,0.028000
DDS_Publish,PREEMPT,10329.299408,10329.299446,0.038000
DDS_Publish,PREEMPT,10329.300411,10329.300460,0.049000
DDS_Publish,PREEMPT,10329.300583,10329.300605,0.022000
DDS_Publish,PREEMPT,10329.300611,10329.300647,0.036000
DDS_Publish,PREEMPT,10329.300934,10329.300967,0.033000
DDS_Publish,PREEMPT,10329.301870,10329.301896,0.026000
DDS_Publish,PREEMPT,10329.302242,10329.302279,0.037000
DDS_Publish,SLEEP,10329.311835,10329.673886,362.051000
DDS_Publish,PREEMPT,10329.685897,10329.685948,0.051000
DDS_Publish,PREEMPT,10329.736292,10329.736345,0.053000
DDS_Publish,PREEMPT,10329.736421,10329.736459,0.038000
DDS_Publish,PREEMPT,10329.736627,10329.736701,0.074000
DDS_Publish,PREEMPT,10329.736730,10329.736775,0.045000
DDS_Publish,PREEMPT,10329.736783,10329.736875,0.092000
DDS_Publish,PREEMPT,10329.737213,10329.737250,0.037000
DDS_Publish,PREEMPT,10329.740143,10329.740170,0.027000
DDS_Publish,PREEMPT,10329.740810,10329.740836,0.026000
DDS_Publish,PREEMPT,10329.740984,10329.741021,0.037000
DDS_Publish,PREEMPT,10329.747704,10329.747735,0.031000
DDS_Publish,PREEMPT,10329.748046,10329.748084,0.038000
DDS_Publish,PREEMPT,10329.748813,10329.748869,0.056000
DDS_Publish,PREEMPT,10329.749033,10329.749059,0.026000
DDS_Publish,PREEMPT,10329.749389,10329.749427,0.038000
DDS_Publish,PREEMPT,10329.771390,10329.771453,0.063000
DDS_Publish,PREEMPT,10329.771469,10329.771498,0.029000
DDS_Publish,PREEMPT,10329.771709,10329.771756,0.047000
DDS_Publish,PREEMPT,10329.771777,10329.771804,0.027000
DDS_Publish,PREEMPT,10329.772075,10329.772113,0.038000
DDS_Publish,PREEMPT,10329.772431,10329.772468,0.037000
DDS_Publish,PREEMPT,10329.776070,10329.776120,0.050000
DDS_Publish,PREEMPT,10329.776137,10329.776164,0.027000
DDS_Publish,PREEMPT,10329.776493,10329.776531,0.038000
DDS_Publish,PREEMPT,10329.777630,10329.777657,0.027000
DDS_Publish,PREEMPT,10329.777993,10329.778038,0.045000
DDS_Publish,PREEMPT,10329.788640,10329.788676,0.036000
DDS_Publish,SLEEP,10329.814200,10330.173774,359.574000
DDS_Publish,PREEMPT,10330.197646,10330.197681,0.035000
DDS_Publish,PREEMPT,10330.207677,10330.207714,0.037000
DDS_Publish,PREEMPT,10330.207880,10330.208024,0.144000
DDS_Publish,PREEMPT,10330.208095,10330.208137,0.042000
DDS_Publish,PREEMPT,10330.209039,10330.209077,0.038000
DDS_Publish,PREEMPT,10330.211098,10330.211124,0.026000
DDS_Publish,PREEMPT,10330.211442,10330.211476,0.034000
DDS_Publish,PREEMPT,10330.211607,10330.211634,0.027000
DDS_Publish,PREEMPT,10330.211954,10330.211992,0.038000
DDS_Publish,PREEMPT,10330.243761,10330.243856,0.095000
DDS_Publish,PREEMPT,10330.243879,10330.243910,0.031000
DDS_Publish,PREEMPT,10330.243921,10330.243959,0.038000
DDS_Publish,PREEMPT,10330.244009,10330.244032,0.023000
DDS_Publish,PREEMPT,10330.244039,10330.244088,0.049000
DDS_Publish,PREEMPT,10330.244104,10330.244132,0.028000
DDS_Publish,PREEMPT,10330.244230,10330.244268,0.038000
DDS_Publish,PREEMPT,10330.244565,10330.244603,0.038000
DDS_Publish,PREEMPT,10330.244976,10330.245025,0.049000
DDS_Publish,PREEMPT,10330.245150,10330.245172,0.022000
DDS_Publish,PREEMPT,10330.245493,10330.245531,0.038000
DDS_Publish,PREEMPT,10330.248320,10330.248373,0.053000
DDS_Publish,PREEMPT,10330.276423,10330.276519,0.096000
DDS_Publish,PREEMPT,10330.276536,10330.276564,0.028000
DDS_Publish,PREEMPT,10330.276886,10330.276924,0.038000
DDS_Publish,PREEMPT,10330.277896,10330.277922,0.026000
DDS_Publish,PREEMPT,10330.278260,10330.278297,0.037000
DDS_Publish,PREEMPT,10330.300227,10330.300264,0.037000
DDS_Publish,SLEEP,10330.304610,10330.673812,369.202000
DDS_Publish,PREEMPT,10330.676234,10330.676289,0.055000
DDS_Publish,PREEMPT,10330.676608,10330.676662,0.054000
DDS_Publish,PREEMPT,10330.676849,10330.676939,0.090000
DDS_Publish,PREEMPT,10330.680470,10330.680549,0.079000
DDS_Publish,PREEMPT,10330.681355,10330.681389,0.034000
DDS_Publish,PREEMPT,10330.681715,10330.681752,0.037000
DDS_Publish,PREEMPT,10330.709443,10330.709478,0.035000
DDS_Publish,PREEMPT,10330.717773,10330.717819,0.046000
DDS_Publish,PREEMPT,10330.717968,10330.718012,0.044000
DDS_Publish,PREEMPT,10330.758181,10330.758207,0.026000
DDS_Publish,PREEMPT,10330.760310,10330.760365,0.055000
DDS_Publish,PREEMPT,10330.760441,10330.760478,0.037000
DDS_Publish,PREEMPT,10330.811994,10330.812030,0.036000
DDS_Publish,SLEEP,10330.812201,10331.173807,361.606000
DDS_Publish,PREEMPT,10331.173834,10331.173886,0.052000
DDS_Publish,PREEMPT,10331.174123,10331.174199,0.076000
DDS_Publish,PREEMPT,10331.222168,10331.222202,0.034000
DDS_Publish,PREEMPT,10331.272338,10331.272392,0.054000
DDS_Publish,SLEEP,10331.312207,10331.673920,361.713000
DDS_Publish,PREEMPT,10331.681923,10331.682012,0.089000
DDS_Publish,PREEMPT,10331.709204,10331.709237,0.033000
DDS_Publish,PREEMPT,10331.709549,10331.709587,0.038000
DDS_Publish,PREEMPT,10331.733960,10331.733994,0.034000
DDS_Publish,PREEMPT,10331.784343,10331.784387,0.044000
DDS_Publish,SLEEP,10331.812403,10332.173854,361.451000
DDS_Publish,PREEMPT,10332.194006,10332.194247,0.241000
DDS_Publish,PREEMPT,10332.296390,10332.296681,0.291000
DDS_Publish,SLEEP,10332.308811,10332.673967,365.156000
DDS_Publish,PREEMPT,10332.706010,10332.706278,0.268000
DDS_Publish,PREEMPT,10332.808401,10332.808635,0.234000
DDS_Publish,SLEEP,10332.812754,10349.267767,16455.013000
DDS_Publish,PREEMPT,10349.267819,10349.267843,0.024000
DDS_Publish,PREEMPT,10349.268355,10349.268581,0.226000
DDS_Publish,PREEMPT,10349.269410,10349.270584,1.174000
DDS_Publish,PREEMPT,10349.271734,10349.271806,0.072000
DDS_Publish,PREEMPT,10349.272199,10349.272477,0.278000
DDS_Publish,PREEMPT,10349.273007,10349.273077,0.070000
DDS_Publish,PREEMPT,10349.273478,10349.273705,0.227000
DDS_Publish,PREEMPT,10349.288393,10349.288617,0.224000
DDS_Publish,PREEMPT,10349.295091,10349.295334,0.243000
DDS_Publish,PREEMPT,10349.313741,10349.674383,360.642000
DDS_Publish,SLEEP,10349.704708,10349.704946,0.238000
DDS_Publish,PREEMPT,10349.705542,10349.705772,0.230000
DDS_Publish,PREEMPT,10349.705948,10349.706219,0.271000
DDS_Publish,PREEMPT,10349.708641,10349.708897,0.256000
DDS_Publish,PREEMPT,10349.744913,10349.745142,0.229000
DDS_Publish,PREEMPT,10349.807085,10349.807314,0.229000
DDS_Publish,PREEMPT,10349.811644,10350.174297,362.653000
DDS_Publish,SLEEP,10350.216686,10350.216977,0.291000
DDS_Publish,PREEMPT,10350.311712,10350.674310,362.598000
DDS_Publish,SLEEP,10350.728721,10350.728962,0.241000
DDS_Publish,PREEMPT,10350.796714,10351.174301,377.587000
DDS_Publish,SLEEP,10351.240724,10351.241016,0.292000
DDS_Publish,PREEMPT,10351.298907,10351.674333,375.426000
DDS_Publish,SLEEP,10351.681068,10351.681167,0.099000
DDS_Publish,PREEMPT,10351.681486,10351.681800,0.314000
DDS_Publish,PREEMPT,10351.681859,10351.682189,0.330000
DDS_Publish,PREEMPT,10351.721479,10351.721714,0.235000
DDS_Publish,PREEMPT,10351.752734,10351.753029,0.295000
DDS_Publish,PREEMPT,10351.807037,10352.174304,367.267000
DDS_Publish,SLEEP,10352.177791,10352.177860,0.069000
DDS_Publish,PREEMPT,10352.178224,10352.178454,0.230000
DDS_Publish,PREEMPT,10352.198507,10352.198787,0.280000
DDS_Publish,PREEMPT,10352.264740,10352.264982,0.242000
DDS_Publish,PREEMPT,10352.299589,10352.674730,375.141000
DDS_Publish,SLEEP,10352.776765,10352.777045,0.280000
DDS_Publish,PREEMPT,10352.811362,10353.174363,363.001000
DDS_Publish,SLEEP,10353.180367,10353.180658,0.291000
DDS_Publish,PREEMPT,10353.182243,10353.182536,0.293000
DDS_Publish,PREEMPT,10353.183431,10353.183676,0.245000
DDS_Publish,PREEMPT,10353.184363,10353.184646,0.283000
DDS_Publish,PREEMPT,10353.186767,10353.187043,0.276000
DDS_Publish,PREEMPT,10353.288770,10353.289011,0.241000
DDS_Publish,PREEMPT,10353.312711,10353.390066,77.355000
DDS_Publish,MARKER_PERIOD_END_DDS_Publish,10311.673345,10311.673345,0.0
DDS_Publish,MARKER_PERIOD_START_DDS_Publish,10311.673346,10311.673346,0.0
DDS_Publish,MARKER_FUNCTION_START_DDS_Publish,10311.673347,10311.673347,0.0
DDS_Publish,MARKER_DDS_MSG_START_DDS_Publish,10311.808994,10311.808994,0.0
DDS_Publish,MARKER_DDS_WRITE_START,10311.808995,10311.808995,0.0
DDS_Publish,MARKER_DDS_WRITE_END,10311.809063,10311.809063,0.0
DDS_Publish,MARKER_DDS_MSG_END_DDS_Publish,10311.809063,10311.809063,0.0
DDS_Publish,MARKER_FUNCTION_END_DDS_Publish,10311.809079,10311.809079,0.0
DDS_Publish,MARKER_SLEEP_START_DDS_Publish,10311.809083,10311.809083,0.0
DDS_Publish,MARKER_PERIOD_END_DDS_Publish,10312.173369,10312.173369,0.0
DDS_Publish,MARKER_PERIOD_START_DDS_Publish,10312.173370,10312.173370,0.0
DDS_Publish,MARKER_FUNCTION_START_DDS_Publish,10312.173371,10312.173371,0.0
DDS_Publish,MARKER_DDS_MSG_START_DDS_Publish,10312.297421,10312.297421,0.0
DDS_Publish,MARKER_DDS_WRITE_START,10312.297422,10312.297422,0.0
DDS_Publish,MARKER_DDS_WRITE_END,10312.297503,10312.297503,0.0
DDS_Publish,MARKER_DDS_MSG_END_DDS_Publish,10312.297503,10312.297503,0.0
DDS_Publish,MARKER_FUNCTION_END_DDS_Publish,10312.297515,10312.297515,0.0
DDS_Publish,MARKER_SLEEP_START_DDS_Publish,10312.297520,10312.297520,0.0
DDS_Publish,MARKER_PERIOD_END_DDS_Publish,10312.673390,10312.673390,0.0
DDS_Publish,MARKER_PERIOD_START_DDS_Publish,10312.673391,10312.673391,0.0
DDS_Publish,MARKER_FUNCTION_START_DDS_Publish,10312.673391,10312.673391,0.0
DDS_Publish,MARKER_DDS_MSG_START_DDS_Publish,10312.796919,10312.796919,0.0
DDS_Publish,MARKER_DDS_WRITE_START,10312.796920,10312.796920,0.0
DDS_Publish,MARKER_DDS_WRITE_END,10312.796954,10312.796954,0.0
DDS_Publish,MARKER_DDS_MSG_END_DDS_Publish,10312.796955,10312.796955,0.0
DDS_Publish,MARKER_FUNCTION_END_DDS_Publish,10312.796966,10312.796966,0.0
DDS_Publish,MARKER_SLEEP_START_DDS_Publish,10312.796970,10312.796970,0.0
DDS_Publish,MARKER_PERIOD_END_DDS_Publish,10313.173396,10313.173396,0.0
DDS_Publish,MARKER_PERIOD_START_DDS_Publish,10313.173397,10313.173397,0.0
DDS_Publish,MARKER_FUNCTION_START_DDS_Publish,10313.173398,10313.173398,0.0
DDS_Publish,MARKER_DDS_MSG_START_DDS_Publish,10313.295762,10313.295762,0.0
DDS_Publish,MARKER_DDS_WRITE_START,10313.295763,10313.295763,0.0
DDS_Publish,MARKER_DDS_WRITE_END,10313.295804,10313.295804,0.0
DDS_Publish,MARKER_DDS_MSG_END_DDS_Publish,10313.295804,10313.295804,0.0
DDS_Publish,MARKER_FUNCTION_END_DDS_Publish,10313.295814,10313.295814,0.0
DDS_Publish,MARKER_SLEEP_START_DDS_Publish,10313.295819,10313.295819,0.0
DDS_Publish,MARKER_PERIOD_END_DDS_Publish,10313.673417,10313.673417,0.0
DDS_Publish,MARKER_PERIOD_START_DDS_Publish,10313.673424,10313.673424,0.0
DDS_Publish,MARKER_FUNCTION_START_DDS_Publish,10313.673425,10313.673425,0.0
DDS_Publish,MARKER_DDS_MSG_START_DDS_Publish,10313.808613,10313.808613,0.0
DDS_Publish,MARKER_DDS_WRITE_START,10313.808614,10313.808614,0.0
DDS_Publish,MARKER_DDS_WRITE_END,10313.808704,10313.808704,0.0
DDS_Publish,MARKER_DDS_MSG_END_DDS_Publish,10313.808704,10313.808704,0.0
DDS_Publish,MARKER_FUNCTION_END_DDS_Publish,10313.808715,10313.808715,0.0
DDS_Publish,MARKER_SLEEP_START_DDS_Publish,10313.808720,10313.808720,0.0
DDS_Publish,MARKER_PERIOD_END_DDS_Publish,10314.173428,10314.173428,0.0
DDS_Publish,MARKER_PERIOD_START_DDS_Publish,10314.173431,10314.173431,0.0
DDS_Publish,MARKER_FUNCTION_START_DDS_Publish,10314.173433,10314.173433,0.0
DDS_Publish,MARKER_DDS_MSG_START_DDS_Publish,10314.307322,10314.307322,0.0
DDS_Publish,MARKER_DDS_WRITE_START,10314.307323,10314.307323,0.0
DDS_Publish,MARKER_DDS_WRITE_END,10314.307388,10314.307388,0.0
DDS_Publish,MARKER_DDS_MSG_END_DDS_Publish,10314.307388,10314.307388,0.0
DDS_Publish,MARKER_FUNCTION_END_DDS_Publish,10314.307402,10314.307402,0.0
DDS_Publish,MARKER_SLEEP_START_DDS_Publish,10314.307406,10314.307406,0.0
DDS_Publish,MARKER_PERIOD_END_DDS_Publish,10314.673564,10314.673564,0.0
DDS_Publish,MARKER_PERIOD_START_DDS_Publish,10314.673567,10314.673567,0.0
DDS_Publish,MARKER_FUNCTION_START_DDS_Publish,10314.673569,10314.673569,0.0
DDS_Publish,MARKER_DDS_MSG_START_DDS_Publish,10314.815488,10314.815488,0.0
DDS_Publish,MARKER_DDS_WRITE_START,10314.815489,10314.815489,0.0
DDS_Publish,MARKER_DDS_WRITE_END,10314.815563,10314.815563,0.0
DDS_Publish,MARKER_DDS_MSG_END_DDS_Publish,10314.815563,10314.815563,0.0
DDS_Publish,MARKER_FUNCTION_END_DDS_Publish,10314.815580,10314.815580,0.0
DDS_Publish,MARKER_SLEEP_START_DDS_Publish,10314.815585,10314.815585,0.0
DDS_Publish,MARKER_PERIOD_END_DDS_Publish,10315.173564,10315.173564,0.0
DDS_Publish,MARKER_PERIOD_START_DDS_Publish,10315.173567,10315.173567,0.0
DDS_Publish,MARKER_FUNCTION_START_DDS_Publish,10315.173568,10315.173568,0.0
DDS_Publish,MARKER_DDS_MSG_START_DDS_Publish,10315.310898,10315.310898,0.0
DDS_Publish,MARKER_DDS_WRITE_START,10315.310899,10315.310899,0.0
DDS_Publish,MARKER_DDS_WRITE_END,10315.310963,10315.310963,0.0
DDS_Publish,MARKER_DDS_MSG_END_DDS_Publish,10315.310964,10315.310964,0.0
DDS_Publish,MARKER_FUNCTION_END_DDS_Publish,10315.310975,10315.310975,0.0
DDS_Publish,MARKER_SLEEP_START_DDS_Publish,10315.310979,10315.310979,0.0
DDS_Publish,MARKER_PERIOD_END_DDS_Publish,10315.673464,10315.673464,0.0
DDS_Publish,MARKER_PERIOD_START_DDS_Publish,10315.673467,10315.673467,0.0
DDS_Publish,MARKER_FUNCTION_START_DDS_Publish,10315.673468,10315.673468,0.0
DDS_Publish,MARKER_DDS_MSG_START_DDS_Publish,10315.813327,10315.813327,0.0
DDS_Publish,MARKER_DDS_WRITE_START,10315.813328,10315.813328,0.0
DDS_Publish,MARKER_DDS_WRITE_END,10315.813358,10315.813358,0.0
DDS_Publish,MARKER_DDS_MSG_END_DDS_Publish,10315.813358,10315.813358,0.0
DDS_Publish,MARKER_FUNCTION_END_DDS_Publish,10315.813368,10315.813368,0.0
DDS_Publish,MARKER_SLEEP_START_DDS_Publish,10315.813374,10315.813374,0.0
DDS_Publish,MARKER_PERIOD_END_DDS_Publish,10316.173466,10316.173466,0.0
DDS_Publish,MARKER_PERIOD_START_DDS_Publish,10316.173468,10316.173468,0.0
DDS_Publish,MARKER_FUNCTION_START_DDS_Publish,10316.173470,10316.173470,0.0
DDS_Publish,MARKER_DDS_MSG_START_DDS_Publish,10316.309857,10316.309857,0.0
DDS_Publish,MARKER_DDS_WRITE_START,10316.309858,10316.309858,0.0
DDS_Publish,MARKER_DDS_WRITE_END,10316.309923,10316.309923,0.0
DDS_Publish,MARKER_DDS_MSG_END_DDS_Publish,10316.309923,10316.309923,0.0
DDS_Publish,MARKER_FUNCTION_END_DDS_Publish,10316.309935,10316.309935,0.0
DDS_Publish,MARKER_SLEEP_START_DDS_Publish,10316.309941,10316.309941,0.0
DDS_Publish,MARKER_PERIOD_END_DDS_Publish,10316.673596,10316.673596,0.0
DDS_Publish,MARKER_PERIOD_START_DDS_Publish,10316.673599,10316.673599,0.0
DDS_Publish,MARKER_FUNCTION_START_DDS_Publish,10316.673601,10316.673601,0.0
DDS_Publish,MARKER_DDS_MSG_START_DDS_Publish,10316.814929,10316.814929,0.0
DDS_Publish,MARKER_DDS_WRITE_START,10316.814930,10316.814930,0.0
DDS_Publish,MARKER_DDS_WRITE_END,10316.815021,10316.815021,0.0
DDS_Publish,MARKER_DDS_MSG_END_DDS_Publish,10316.815021,10316.815021,0.0
DDS_Publish,MARKER_FUNCTION_END_DDS_Publish,10316.815034,10316.815034,0.0
DDS_Publish,MARKER_SLEEP_START_DDS_Publish,10316.815042,10316.815042,0.0
DDS_Publish,MARKER_PERIOD_END_DDS_Publish,10317.173604,10317.173604,0.0
DDS_Publish,MARKER_PERIOD_START_DDS_Publish,10317.173607,10317.173607,0.0
DDS_Publish,MARKER_FUNCTION_START_DDS_Publish,10317.173609,10317.173609,0.0
DDS_Publish,MARKER_DDS_MSG_START_DDS_Publish,10317.312680,10317.312680,0.0
DDS_Publish,MARKER_DDS_WRITE_START,10317.312681,10317.312681,0.0
DDS_Publish,MARKER_DDS_WRITE_END,10317.312757,10317.312757,0.0
DDS_Publish,MARKER_DDS_MSG_END_DDS_Publish,10317.312757,10317.312757,0.0
DDS_Publish,MARKER_FUNCTION_END_DDS_Publish,10317.312768,10317.312768,0.0
DDS_Publish,MARKER_SLEEP_START_DDS_Publish,10317.312773,10317.312773,0.0
DDS_Publish,MARKER_PERIOD_END_DDS_Publish,10317.673527,10317.673527,0.0
DDS_Publish,MARKER_PERIOD_START_DDS_Publish,10317.673530,10317.673530,0.0
DDS_Publish,MARKER_FUNCTION_START_DDS_Publish,10317.673531,10317.673531,0.0
DDS_Publish,MARKER_DDS_MSG_START_DDS_Publish,10317.811205,10317.811205,0.0
DDS_Publish,MARKER_DDS_WRITE_START,10317.811206,10317.811206,0.0
DDS_Publish,MARKER_DDS_WRITE_END,10317.811291,10317.811291,0.0
DDS_Publish,MARKER_DDS_MSG_END_DDS_Publish,10317.811291,10317.811291,0.0
DDS_Publish,MARKER_FUNCTION_END_DDS_Publish,10317.811305,10317.811305,0.0
DDS_Publish,MARKER_SLEEP_START_DDS_Publish,10317.811310,10317.811310,0.0
DDS_Publish,MARKER_PERIOD_END_DDS_Publish,10318.173515,10318.173515,0.0
DDS_Publish,MARKER_PERIOD_START_DDS_Publish,10318.173518,10318.173518,0.0
DDS_Publish,MARKER_FUNCTION_START_DDS_Publish,10318.173519,10318.173519,0.0
DDS_Publish,MARKER_DDS_MSG_START_DDS_Publish,10318.308581,10318.308581,0.0
DDS_Publish,MARKER_DDS_WRITE_START,10318.308582,10318.308582,0.0
DDS_Publish,MARKER_DDS_WRITE_END,10318.308666,10318.308666,0.0
DDS_Publish,MARKER_DDS_MSG_END_DDS_Publish,10318.308666,10318.308666,0.0
DDS_Publish,MARKER_FUNCTION_END_DDS_Publish,10318.308678,10318.308678,0.0
DDS_Publish,MARKER_SLEEP_START_DDS_Publish,10318.308683,10318.308683,0.0
DDS_Publish,MARKER_PERIOD_END_DDS_Publish,10318.673648,10318.673648,0.0
DDS_Publish,MARKER_PERIOD_START_DDS_Publish,10318.673651,10318.673651,0.0
DDS_Publish,MARKER_FUNCTION_START_DDS_Publish,10318.673653,10318.673653,0.0
DDS_Publish,MARKER_DDS_MSG_START_DDS_Publish,10318.814114,10318.814114,0.0
DDS_Publish,MARKER_DDS_WRITE_START,10318.814115,10318.814115,0.0
DDS_Publish,MARKER_DDS_WRITE_END,10318.814160,10318.814160,0.0
DDS_Publish,MARKER_DDS_MSG_END_DDS_Publish,10318.814160,10318.814160,0.0
DDS_Publish,MARKER_FUNCTION_END_DDS_Publish,10318.814171,10318.814171,0.0
DDS_Publish,MARKER_SLEEP_START_DDS_Publish,10318.814179,10318.814179,0.0
DDS_Publish,MARKER_PERIOD_END_DDS_Publish,10319.173536,10319.173536,0.0
DDS_Publish,MARKER_PERIOD_START_DDS_Publish,10319.173539,10319.173539,0.0
DDS_Publish,MARKER_FUNCTION_START_DDS_Publish,10319.173541,10319.173541,0.0
DDS_Publish,MARKER_DDS_MSG_START_DDS_Publish,10319.310829,10319.310829,0.0
DDS_Publish,MARKER_DDS_WRITE_START,10319.310830,10319.310830,0.0
DDS_Publish,MARKER_DDS_WRITE_END,10319.310859,10319.310859,0.0
DDS_Publish,MARKER_DDS_MSG_END_DDS_Publish,10319.310859,10319.310859,0.0
DDS_Publish,MARKER_FUNCTION_END_DDS_Publish,10319.310871,10319.310871,0.0
DDS_Publish,MARKER_SLEEP_START_DDS_Publish,10319.310876,10319.310876,0.0
DDS_Publish,MARKER_PERIOD_END_DDS_Publish,10319.673684,10319.673684,0.0
DDS_Publish,MARKER_PERIOD_START_DDS_Publish,10319.673687,10319.673687,0.0
DDS_Publish,MARKER_FUNCTION_START_DDS_Publish,10319.673688,10319.673688,0.0
DDS_Publish,MARKER_DDS_MSG_START_DDS_Publish,10319.810373,10319.810373,0.0
DDS_Publish,MARKER_DDS_WRITE_START,10319.810374,10319.810374,0.0
DDS_Publish,MARKER_DDS_WRITE_END,10319.810451,10319.810451,0.0
DDS_Publish,MARKER_DDS_MSG_END_DDS_Publish,10319.810451,10319.810451,0.0
DDS_Publish,MARKER_FUNCTION_END_DDS_Publish,10319.810465,10319.810465,0.0
DDS_Publish,MARKER_SLEEP_START_DDS_Publish,10319.810471,10319.810471,0.0
DDS_Publish,MARKER_PERIOD_END_DDS_Publish,10320.173578,10320.173578,0.0
DDS_Publish,MARKER_PERIOD_START_DDS_Publish,10320.173581,10320.173581,0.0
DDS_Publish,MARKER_FUNCTION_START_DDS_Publish,10320.173582,10320.173582,0.0
DDS_Publish,MARKER_DDS_MSG_START_DDS_Publish,10320.314849,10320.314849,0.0
DDS_Publish,MARKER_DDS_WRITE_START,10320.314850,10320.314850,0.0
DDS_Publish,MARKER_DDS_WRITE_END,10320.314913,10320.314913,0.0
DDS_Publish,MARKER_DDS_MSG_END_DDS_Publish,10320.314913,10320.314913,0.0
DDS_Publish,MARKER_FUNCTION_END_DDS_Publish,10320.314926,10320.314926,0.0
DDS_Publish,MARKER_SLEEP_START_DDS_Publish,10320.314936,10320.314936,0.0
DDS_Publish,MARKER_PERIOD_END_DDS_Publish,10320.673700,10320.673700,0.0
DDS_Publish,MARKER_PERIOD_START_DDS_Publish,10320.673702,10320.673702,0.0
DDS_Publish,MARKER_FUNCTION_START_DDS_Publish,10320.673704,10320.673704,0.0
DDS_Publish,MARKER_DDS_MSG_START_DDS_Publish,10320.811263,10320.811263,0.0
DDS_Publish,MARKER_DDS_WRITE_START,10320.811264,10320.811264,0.0
DDS_Publish,MARKER_DDS_WRITE_END,10320.811335,10320.811335,0.0
DDS_Publish,MARKER_DDS_MSG_END_DDS_Publish,10320.811336,10320.811336,0.0
DDS_Publish,MARKER_FUNCTION_END_DDS_Publish,10320.811357,10320.811357,0.0
DDS_Publish,MARKER_SLEEP_START_DDS_Publish,10320.811362,10320.811362,0.0
DDS_Publish,MARKER_PERIOD_END_DDS_Publish,10321.173708,10321.173708,0.0
DDS_Publish,MARKER_PERIOD_START_DDS_Publish,10321.173711,10321.173711,0.0
DDS_Publish,MARKER_FUNCTION_START_DDS_Publish,10321.173713,10321.173713,0.0
DDS_Publish,MARKER_DDS_MSG_START_DDS_Publish,10321.311956,10321.311956,0.0
DDS_Publish,MARKER_DDS_WRITE_START,10321.311957,10321.311957,0.0
DDS_Publish,MARKER_DDS_WRITE_END,10321.312020,10321.312020,0.0
DDS_Publish,MARKER_DDS_MSG_END_DDS_Publish,10321.312020,10321.312020,0.0
DDS_Publish,MARKER_FUNCTION_END_DDS_Publish,10321.312030,10321.312030,0.0
DDS_Publish,MARKER_SLEEP_START_DDS_Publish,10321.312035,10321.312035,0.0
DDS_Publish,MARKER_PERIOD_END_DDS_Publish,10321.673612,10321.673612,0.0
DDS_Publish,MARKER_PERIOD_START_DDS_Publish,10321.673615,10321.673615,0.0
DDS_Publish,MARKER_FUNCTION_START_DDS_Publish,10321.673617,10321.673617,0.0
DDS_Publish,MARKER_DDS_MSG_START_DDS_Publish,10321.809091,10321.809091,0.0
DDS_Publish,MARKER_DDS_WRITE_START,10321.809091,10321.809091,0.0
DDS_Publish,MARKER_DDS_WRITE_END,10321.809121,10321.809121,0.0
DDS_Publish,MARKER_DDS_MSG_END_DDS_Publish,10321.809121,10321.809121,0.0
DDS_Publish,MARKER_FUNCTION_END_DDS_Publish,10321.809131,10321.809131,0.0
DDS_Publish,MARKER_SLEEP_START_DDS_Publish,10321.809136,10321.809136,0.0
DDS_Publish,MARKER_PERIOD_END_DDS_Publish,10322.175129,10322.175129,0.0
DDS_Publish,MARKER_PERIOD_START_DDS_Publish,10322.175130,10322.175130,0.0
DDS_Publish,MARKER_FUNCTION_START_DDS_Publish,10322.175131,10322.175131,0.0
DDS_Publish,MARKER_DDS_MSG_START_DDS_Publish,10322.303475,10322.303475,0.0
DDS_Publish,MARKER_DDS_WRITE_START,10322.303476,10322.303476,0.0
DDS_Publish,MARKER_DDS_WRITE_END,10322.303561,10322.303561,0.0
DDS_Publish,MARKER_DDS_MSG_END_DDS_Publish,10322.303562,10322.303562,0.0
DDS_Publish,MARKER_FUNCTION_END_DDS_Publish,10322.303573,10322.303573,0.0
DDS_Publish,MARKER_SLEEP_START_DDS_Publish,10322.303581,10322.303581,0.0
DDS_Publish,MARKER_PERIOD_END_DDS_Publish,10322.673622,10322.673622,0.0
DDS_Publish,MARKER_PERIOD_START_DDS_Publish,10322.673626,10322.673626,0.0
DDS_Publish,MARKER_FUNCTION_START_DDS_Publish,10322.673627,10322.673627,0.0
DDS_Publish,MARKER_DDS_MSG_START_DDS_Publish,10322.813588,10322.813588,0.0
DDS_Publish,MARKER_DDS_WRITE_START,10322.813588,10322.813588,0.0
DDS_Publish,MARKER_DDS_WRITE_END,10322.813647,10322.813647,0.0
DDS_Publish,MARKER_DDS_MSG_END_DDS_Publish,10322.813647,10322.813647,0.0
DDS_Publish,MARKER_FUNCTION_END_DDS_Publish,10322.813661,10322.813661,0.0
DDS_Publish,MARKER_SLEEP_START_DDS_Publish,10322.813670,10322.813670,0.0
DDS_Publish,MARKER_PERIOD_END_DDS_Publish,10323.173645,10323.173645,0.0
DDS_Publish,MARKER_PERIOD_START_DDS_Publish,10323.173648,10323.173648,0.0
DDS_Publish,MARKER_FUNCTION_START_DDS_Publish,10323.173650,10323.173650,0.0
DDS_Publish,MARKER_DDS_MSG_START_DDS_Publish,10323.311044,10323.311044,0.0
DDS_Publish,MARKER_DDS_WRITE_START,10323.311045,10323.311045,0.0
DDS_Publish,MARKER_DDS_WRITE_END,10323.311115,10323.311115,0.0
DDS_Publish,MARKER_DDS_MSG_END_DDS_Publish,10323.311115,10323.311115,0.0
DDS_Publish,MARKER_FUNCTION_END_DDS_Publish,10323.311125,10323.311125,0.0
DDS_Publish,MARKER_SLEEP_START_DDS_Publish,10323.311134,10323.311134,0.0
DDS_Publish,MARKER_PERIOD_END_DDS_Publish,10323.673653,10323.673653,0.0
DDS_Publish,MARKER_PERIOD_START_DDS_Publish,10323.673656,10323.673656,0.0
DDS_Publish,MARKER_FUNCTION_START_DDS_Publish,10323.673657,10323.673657,0.0
DDS_Publish,MARKER_DDS_MSG_START_DDS_Publish,10323.811461,10323.811461,0.0
DDS_Publish,MARKER_DDS_WRITE_START,10323.811462,10323.811462,0.0
DDS_Publish,MARKER_DDS_WRITE_END,10323.811523,10323.811523,0.0
DDS_Publish,MARKER_DDS_MSG_END_DDS_Publish,10323.811523,10323.811523,0.0
DDS_Publish,MARKER_FUNCTION_END_DDS_Publish,10323.811534,10323.811534,0.0
DDS_Publish,MARKER_SLEEP_START_DDS_Publish,10323.811539,10323.811539,0.0
DDS_Publish,MARKER_PERIOD_END_DDS_Publish,10324.173656,10324.173656,0.0
DDS_Publish,MARKER_PERIOD_START_DDS_Publish,10324.173659,10324.173659,0.0
DDS_Publish,MARKER_FUNCTION_START_DDS_Publish,10324.173660,10324.173660,0.0
DDS_Publish,MARKER_DDS_MSG_START_DDS_Publish,10324.320575,10324.320575,0.0
DDS_Publish,MARKER_DDS_WRITE_START,10324.320576,10324.320576,0.0
DDS_Publish,MARKER_DDS_WRITE_END,10324.320646,10324.320646,0.0
DDS_Publish,MARKER_DDS_MSG_END_DDS_Publish,10324.320647,10324.320647,0.0
DDS_Publish,MARKER_FUNCTION_END_DDS_Publish,10324.320658,10324.320658,0.0
DDS_Publish,MARKER_SLEEP_START_DDS_Publish,10324.320667,10324.320667,0.0
DDS_Publish,MARKER_PERIOD_END_DDS_Publish,10324.673793,10324.673793,0.0
DDS_Publish,MARKER_PERIOD_START_DDS_Publish,10324.673796,10324.673796,0.0
DDS_Publish,MARKER_FUNCTION_START_DDS_Publish,10324.673797,10324.673797,0.0
DDS_Publish,MARKER_DDS_MSG_START_DDS_Publish,10324.811581,10324.811581,0.0
DDS_Publish,MARKER_DDS_WRITE_START,10324.811582,10324.811582,0.0
DDS_Publish,MARKER_DDS_WRITE_END,10324.811614,10324.811614,0.0
DDS_Publish,MARKER_DDS_MSG_END_DDS_Publish,10324.811614,10324.811614,0.0
DDS_Publish,MARKER_FUNCTION_END_DDS_Publish,10324.811624,10324.811624,0.0
DDS_Publish,MARKER_SLEEP_START_DDS_Publish,10324.811629,10324.811629,0.0
DDS_Publish,MARKER_PERIOD_END_DDS_Publish,10325.173674,10325.173674,0.0
DDS_Publish,MARKER_PERIOD_START_DDS_Publish,10325.173677,10325.173677,0.0
DDS_Publish,MARKER_FUNCTION_START_DDS_Publish,10325.173679,10325.173679,0.0
DDS_Publish,MARKER_DDS_MSG_START_DDS_Publish,10325.311745,10325.311745,0.0
DDS_Publish,MARKER_DDS_WRITE_START,10325.311746,10325.311746,0.0
DDS_Publish,MARKER_DDS_WRITE_END,10325.311807,10325.311807,0.0
DDS_Publish,MARKER_DDS_MSG_END_DDS_Publish,10325.311807,10325.311807,0.0
DDS_Publish,MARKER_FUNCTION_END_DDS_Publish,10325.311817,10325.311817,0.0
DDS_Publish,MARKER_SLEEP_START_DDS_Publish,10325.311822,10325.311822,0.0
DDS_Publish,MARKER_PERIOD_END_DDS_Publish,10325.673695,10325.673695,0.0
DDS_Publish,MARKER_PERIOD_START_DDS_Publish,10325.673696,10325.673696,0.0
DDS_Publish,MARKER_FUNCTION_START_DDS_Publish,10325.673697,10325.673697,0.0
DDS_Publish,MARKER_DDS_MSG_START_DDS_Publish,10325.797606,10325.797606,0.0
DDS_Publish,MARKER_DDS_WRITE_START,10325.797607,10325.797607,0.0
DDS_Publish,MARKER_DDS_WRITE_END,10325.797670,10325.797670,0.0
DDS_Publish,MARKER_DDS_MSG_END_DDS_Publish,10325.797670,10325.797670,0.0
DDS_Publish,MARKER_FUNCTION_END_DDS_Publish,10325.797682,10325.797682,0.0
DDS_Publish,MARKER_SLEEP_START_DDS_Publish,10325.797688,10325.797688,0.0
DDS_Publish,MARKER_PERIOD_END_DDS_Publish,10326.173693,10326.173693,0.0
DDS_Publish,MARKER_PERIOD_START_DDS_Publish,10326.173695,10326.173695,0.0
DDS_Publish,MARKER_FUNCTION_START_DDS_Publish,10326.173697,10326.173697,0.0
DDS_Publish,MARKER_DDS_MSG_START_DDS_Publish,10326.311543,10326.311543,0.0
DDS_Publish,MARKER_DDS_WRITE_START,10326.311544,10326.311544,0.0
DDS_Publish,MARKER_DDS_WRITE_END,10326.311601,10326.311601,0.0
DDS_Publish,MARKER_DDS_MSG_END_DDS_Publish,10326.311601,10326.311601,0.0
DDS_Publish,MARKER_FUNCTION_END_DDS_Publish,10326.311613,10326.311613,0.0
DDS_Publish,MARKER_SLEEP_START_DDS_Publish,10326.311620,10326.311620,0.0
DDS_Publish,MARKER_PERIOD_END_DDS_Publish,10326.673728,10326.673728,0.0
DDS_Publish,MARKER_PERIOD_START_DDS_Publish,10326.673729,10326.673729,0.0
DDS_Publish,MARKER_FUNCTION_START_DDS_Publish,10326.673729,10326.673729,0.0
DDS_Publish,MARKER_DDS_MSG_START_DDS_Publish,10326.803223,10326.803223,0.0
DDS_Publish,MARKER_DDS_WRITE_START,10326.803224,10326.803224,0.0
DDS_Publish,MARKER_DDS_WRITE_END,10326.803290,10326.803290,0.0
DDS_Publish,MARKER_DDS_MSG_END_DDS_Publish,10326.803290,10326.803290,0.0
DDS_Publish,MARKER_FUNCTION_END_DDS_Publish,10326.803301,10326.803301,0.0
DDS_Publish,MARKER_SLEEP_START_DDS_Publish,10326.803305,10326.803305,0.0
DDS_Publish,MARKER_PERIOD_END_DDS_Publish,10327.173751,10327.173751,0.0
DDS_Publish,MARKER_PERIOD_START_DDS_Publish,10327.173752,10327.173752,0.0
DDS_Publish,MARKER_FUNCTION_START_DDS_Publish,10327.173753,10327.173753,0.0
DDS_Publish,MARKER_DDS_MSG_START_DDS_Publish,10327.303593,10327.303593,0.0
DDS_Publish,MARKER_DDS_WRITE_START,10327.303594,10327.303594,0.0
DDS_Publish,MARKER_DDS_WRITE_END,10327.303650,10327.303650,0.0
DDS_Publish,MARKER_DDS_MSG_END_DDS_Publish,10327.303650,10327.303650,0.0
DDS_Publish,MARKER_FUNCTION_END_DDS_Publish,10327.303661,10327.303661,0.0
DDS_Publish,MARKER_SLEEP_START_DDS_Publish,10327.303665,10327.303665,0.0
DDS_Publish,MARKER_PERIOD_END_DDS_Publish,10327.673730,10327.673730,0.0
DDS_Publish,MARKER_PERIOD_START_DDS_Publish,10327.673733,10327.673733,0.0
DDS_Publish,MARKER_FUNCTION_START_DDS_Publish,10327.673735,10327.673735,0.0
DDS_Publish,MARKER_DDS_MSG_START_DDS_Publish,10327.813167,10327.813167,0.0
DDS_Publish,MARKER_DDS_WRITE_START,10327.813168,10327.813168,0.0
DDS_Publish,MARKER_DDS_WRITE_END,10327.813238,10327.813238,0.0
DDS_Publish,MARKER_DDS_MSG_END_DDS_Publish,10327.813238,10327.813238,0.0
DDS_Publish,MARKER_FUNCTION_END_DDS_Publish,10327.813252,10327.813252,0.0
DDS_Publish,MARKER_SLEEP_START_DDS_Publish,10327.813258,10327.813258,0.0
DDS_Publish,MARKER_PERIOD_END_DDS_Publish,10328.173748,10328.173748,0.0
DDS_Publish,MARKER_PERIOD_START_DDS_Publish,10328.173749,10328.173749,0.0
DDS_Publish,MARKER_FUNCTION_START_DDS_Publish,10328.173749,10328.173749,0.0
DDS_Publish,MARKER_DDS_MSG_START_DDS_Publish,10328.315419,10328.315419,0.0
DDS_Publish,MARKER_DDS_WRITE_START,10328.315420,10328.315420,0.0
DDS_Publish,MARKER_DDS_WRITE_END,10328.315488,10328.315488,0.0
DDS_Publish,MARKER_DDS_MSG_END_DDS_Publish,10328.315489,10328.315489,0.0
DDS_Publish,MARKER_FUNCTION_END_DDS_Publish,10328.315503,10328.315503,0.0
DDS_Publish,MARKER_SLEEP_START_DDS_Publish,10328.315508,10328.315508,0.0
DDS_Publish,MARKER_PERIOD_END_DDS_Publish,10328.673878,10328.673878,0.0
DDS_Publish,MARKER_PERIOD_START_DDS_Publish,10328.673881,10328.673881,0.0
DDS_Publish,MARKER_FUNCTION_START_DDS_Publish,10328.673882,10328.673882,0.0
DDS_Publish,MARKER_DDS_MSG_START_DDS_Publish,10328.806216,10328.806216,0.0
DDS_Publish,MARKER_DDS_WRITE_START,10328.806217,10328.806217,0.0
DDS_Publish,MARKER_DDS_WRITE_END,10328.806303,10328.806303,0.0
DDS_Publish,MARKER_DDS_MSG_END_DDS_Publish,10328.806303,10328.806303,0.0
DDS_Publish,MARKER_FUNCTION_END_DDS_Publish,10328.806317,10328.806317,0.0
DDS_Publish,MARKER_SLEEP_START_DDS_Publish,10328.806326,10328.806326,0.0
DDS_Publish,MARKER_PERIOD_END_DDS_Publish,10329.173806,10329.173806,0.0
DDS_Publish,MARKER_PERIOD_START_DDS_Publish,10329.173809,10329.173809,0.0
DDS_Publish,MARKER_FUNCTION_START_DDS_Publish,10329.173811,10329.173811,0.0
DDS_Publish,MARKER_DDS_MSG_START_DDS_Publish,10329.311753,10329.311753,0.0
DDS_Publish,MARKER_DDS_WRITE_START,10329.311754,10329.311754,0.0
DDS_Publish,MARKER_DDS_WRITE_END,10329.311812,10329.311812,0.0
DDS_Publish,MARKER_DDS_MSG_END_DDS_Publish,10329.311812,10329.311812,0.0
DDS_Publish,MARKER_FUNCTION_END_DDS_Publish,10329.311823,10329.311823,0.0
DDS_Publish,MARKER_SLEEP_START_DDS_Publish,10329.311831,10329.311831,0.0
DDS_Publish,MARKER_PERIOD_END_DDS_Publish,10329.673909,10329.673909,0.0
DDS_Publish,MARKER_PERIOD_START_DDS_Publish,10329.673912,10329.673912,0.0
DDS_Publish,MARKER_FUNCTION_START_DDS_Publish,10329.673913,10329.673913,0.0
DDS_Publish,MARKER_DDS_MSG_START_DDS_Publish,10329.814113,10329.814113,0.0
DDS_Publish,MARKER_DDS_WRITE_START,10329.814114,10329.814114,0.0
DDS_Publish,MARKER_DDS_WRITE_END,10329.814181,10329.814181,0.0
DDS_Publish,MARKER_DDS_MSG_END_DDS_Publish,10329.814181,10329.814181,0.0
DDS_Publish,MARKER_FUNCTION_END_DDS_Publish,10329.814193,10329.814193,0.0
DDS_Publish,MARKER_SLEEP_START_DDS_Publish,10329.814198,10329.814198,0.0
DDS_Publish,MARKER_PERIOD_END_DDS_Publish,10330.173792,10330.173792,0.0
DDS_Publish,MARKER_PERIOD_START_DDS_Publish,10330.173795,10330.173795,0.0
DDS_Publish,MARKER_FUNCTION_START_DDS_Publish,10330.173796,10330.173796,0.0
DDS_Publish,MARKER_DDS_MSG_START_DDS_Publish,10330.304525,10330.304525,0.0
DDS_Publish,MARKER_DDS_WRITE_START,10330.304526,10330.304526,0.0
DDS_Publish,MARKER_DDS_WRITE_END,10330.304586,10330.304586,0.0
DDS_Publish,MARKER_DDS_MSG_END_DDS_Publish,10330.304586,10330.304586,0.0
DDS_Publish,MARKER_FUNCTION_END_DDS_Publish,10330.304601,10330.304601,0.0
DDS_Publish,MARKER_SLEEP_START_DDS_Publish,10330.304606,10330.304606,0.0
DDS_Publish,MARKER_PERIOD_END_DDS_Publish,10330.673835,10330.673835,0.0
DDS_Publish,MARKER_PERIOD_START_DDS_Publish,10330.673838,10330.673838,0.0
DDS_Publish,MARKER_FUNCTION_START_DDS_Publish,10330.673840,10330.673840,0.0
DDS_Publish,MARKER_DDS_MSG_START_DDS_Publish,10330.812148,10330.812148,0.0
DDS_Publish,MARKER_DDS_WRITE_START,10330.812148,10330.812148,0.0
DDS_Publish,MARKER_DDS_WRITE_END,10330.812180,10330.812180,0.0
DDS_Publish,MARKER_DDS_MSG_END_DDS_Publish,10330.812180,10330.812180,0.0
DDS_Publish,MARKER_FUNCTION_END_DDS_Publish,10330.812191,10330.812191,0.0
DDS_Publish,MARKER_SLEEP_START_DDS_Publish,10330.812199,10330.812199,0.0
DDS_Publish,MARKER_PERIOD_END_DDS_Publish,10331.173897,10331.173897,0.0
DDS_Publish,MARKER_PERIOD_START_DDS_Publish,10331.173899,10331.173899,0.0
DDS_Publish,MARKER_FUNCTION_START_DDS_Publish,10331.173901,10331.173901,0.0
DDS_Publish,MARKER_DDS_MSG_START_DDS_Publish,10331.312141,10331.312141,0.0
DDS_Publish,MARKER_DDS_WRITE_START,10331.312142,10331.312142,0.0
DDS_Publish,MARKER_DDS_WRITE_END,10331.312181,10331.312181,0.0
DDS_Publish,MARKER_DDS_MSG_END_DDS_Publish,10331.312182,10331.312182,0.0
DDS_Publish,MARKER_FUNCTION_END_DDS_Publish,10331.312195,10331.312195,0.0
DDS_Publish,MARKER_SLEEP_START_DDS_Publish,10331.312204,10331.312204,0.0
DDS_Publish,MARKER_PERIOD_END_DDS_Publish,10331.673948,10331.673948,0.0
DDS_Publish,MARKER_PERIOD_START_DDS_Publish,10331.673951,10331.673951,0.0
DDS_Publish,MARKER_FUNCTION_START_DDS_Publish,10331.673953,10331.673953,0.0
DDS_Publish,MARKER_DDS_MSG_START_DDS_Publish,10331.812317,10331.812317,0.0
DDS_Publish,MARKER_DDS_WRITE_START,10331.812317,10331.812317,0.0
DDS_Publish,MARKER_DDS_WRITE_END,10331.812383,10331.812383,0.0
DDS_Publish,MARKER_DDS_MSG_END_DDS_Publish,10331.812383,10331.812383,0.0
DDS_Publish,MARKER_FUNCTION_END_DDS_Publish,10331.812396,10331.812396,0.0
DDS_Publish,MARKER_SLEEP_START_DDS_Publish,10331.812400,10331.812400,0.0
DDS_Publish,MARKER_PERIOD_END_DDS_Publish,10332.173884,10332.173884,0.0
DDS_Publish,MARKER_PERIOD_START_DDS_Publish,10332.173887,10332.173887,0.0
DDS_Publish,MARKER_FUNCTION_START_DDS_Publish,10332.173888,10332.173888,0.0
DDS_Publish,MARKER_DDS_MSG_START_DDS_Publish,10332.308724,10332.308724,0.0
DDS_Publish,MARKER_DDS_WRITE_START,10332.308725,10332.308725,0.0
DDS_Publish,MARKER_DDS_WRITE_END,10332.308782,10332.308782,0.0
DDS_Publish,MARKER_DDS_MSG_END_DDS_Publish,10332.308782,10332.308782,0.0
DDS_Publish,MARKER_FUNCTION_END_DDS_Publish,10332.308796,10332.308796,0.0
DDS_Publish,MARKER_SLEEP_START_DDS_Publish,10332.308806,10332.308806,0.0
DDS_Publish,MARKER_PERIOD_END_DDS_Publish,10332.673993,10332.673993,0.0
DDS_Publish,MARKER_PERIOD_START_DDS_Publish,10332.673996,10332.673996,0.0
DDS_Publish,MARKER_FUNCTION_START_DDS_Publish,10332.673998,10332.673998,0.0
DDS_Publish,MARKER_DDS_MSG_START_DDS_Publish,10332.812675,10332.812675,0.0
DDS_Publish,MARKER_DDS_WRITE_START,10332.812676,10332.812676,0.0
DDS_Publish,MARKER_DDS_WRITE_END,10332.812737,10332.812737,0.0
DDS_Publish,MARKER_DDS_MSG_END_DDS_Publish,10332.812737,10332.812737,0.0
DDS_Publish,MARKER_FUNCTION_END_DDS_Publish,10332.812747,10332.812747,0.0
DDS_Publish,MARKER_SLEEP_START_DDS_Publish,10332.812753,10332.812753,0.0
DDS_Publish,MARKER_DDS_MSG_START_DDS_Publish,10349.313627,10349.313627,0.0
DDS_Publish,MARKER_DDS_WRITE_START,10349.313628,10349.313628,0.0
DDS_Publish,MARKER_DDS_WRITE_END,10349.313713,10349.313713,0.0
DDS_Publish,MARKER_DDS_MSG_END_DDS_Publish,10349.313713,10349.313713,0.0
DDS_Publish,MARKER_FUNCTION_END_DDS_Publish,10349.313728,10349.313728,0.0
DDS_Publish,MARKER_SLEEP_START_DDS_Publish,10349.313737,10349.313737,0.0
DDS_Publish,MARKER_PERIOD_END_DDS_Publish,10349.674407,10349.674407,0.0
DDS_Publish,MARKER_PERIOD_START_DDS_Publish,10349.674409,10349.674409,0.0
DDS_Publish,MARKER_FUNCTION_START_DDS_Publish,10349.674410,10349.674410,0.0
DDS_Publish,MARKER_DDS_MSG_START_DDS_Publish,10349.811548,10349.811548,0.0
DDS_Publish,MARKER_DDS_WRITE_START,10349.811548,10349.811548,0.0
DDS_Publish,MARKER_DDS_WRITE_END,10349.811611,10349.811611,0.0
DDS_Publish,MARKER_DDS_MSG_END_DDS_Publish,10349.811611,10349.811611,0.0
DDS_Publish,MARKER_FUNCTION_END_DDS_Publish,10349.811622,10349.811622,0.0
DDS_Publish,MARKER_SLEEP_START_DDS_Publish,10349.811627,10349.811627,0.0
DDS_Publish,MARKER_PERIOD_END_DDS_Publish,10350.174328,10350.174328,0.0
DDS_Publish,MARKER_PERIOD_START_DDS_Publish,10350.174331,10350.174331,0.0
DDS_Publish,MARKER_FUNCTION_START_DDS_Publish,10350.174333,10350.174333,0.0
DDS_Publish,MARKER_DDS_MSG_START_DDS_Publish,10350.311627,10350.311627,0.0
DDS_Publish,MARKER_DDS_WRITE_START,10350.311628,10350.311628,0.0
DDS_Publish,MARKER_DDS_WRITE_END,10350.311693,10350.311693,0.0
DDS_Publish,MARKER_DDS_MSG_END_DDS_Publish,10350.311694,10350.311694,0.0
DDS_Publish,MARKER_FUNCTION_END_DDS_Publish,10350.311705,10350.311705,0.0
DDS_Publish,MARKER_SLEEP_START_DDS_Publish,10350.311710,10350.311710,0.0
DDS_Publish,MARKER_PERIOD_END_DDS_Publish,10350.674327,10350.674327,0.0
DDS_Publish,MARKER_PERIOD_START_DDS_Publish,10350.674328,10350.674328,0.0
DDS_Publish,MARKER_FUNCTION_START_DDS_Publish,10350.674328,10350.674328,0.0
DDS_Publish,MARKER_DDS_MSG_START_DDS_Publish,10350.796612,10350.796612,0.0
DDS_Publish,MARKER_DDS_WRITE_START,10350.796614,10350.796614,0.0
DDS_Publish,MARKER_DDS_WRITE_END,10350.796686,10350.796686,0.0
DDS_Publish,MARKER_DDS_MSG_END_DDS_Publish,10350.796686,10350.796686,0.0
DDS_Publish,MARKER_FUNCTION_END_DDS_Publish,10350.796700,10350.796700,0.0
DDS_Publish,MARKER_SLEEP_START_DDS_Publish,10350.796709,10350.796709,0.0
DDS_Publish,MARKER_PERIOD_END_DDS_Publish,10351.174310,10351.174310,0.0
DDS_Publish,MARKER_PERIOD_START_DDS_Publish,10351.174311,10351.174311,0.0
DDS_Publish,MARKER_FUNCTION_START_DDS_Publish,10351.174312,10351.174312,0.0
DDS_Publish,MARKER_DDS_MSG_START_DDS_Publish,10351.298817,10351.298817,0.0
DDS_Publish,MARKER_DDS_WRITE_START,10351.298818,10351.298818,0.0
DDS_Publish,MARKER_DDS_WRITE_END,10351.298878,10351.298878,0.0
DDS_Publish,MARKER_DDS_MSG_END_DDS_Publish,10351.298879,10351.298879,0.0
DDS_Publish,MARKER_FUNCTION_END_DDS_Publish,10351.298892,10351.298892,0.0
DDS_Publish,MARKER_SLEEP_START_DDS_Publish,10351.298903,10351.298903,0.0
DDS_Publish,MARKER_PERIOD_END_DDS_Publish,10351.674361,10351.674361,0.0
DDS_Publish,MARKER_PERIOD_START_DDS_Publish,10351.674364,10351.674364,0.0
DDS_Publish,MARKER_FUNCTION_START_DDS_Publish,10351.674366,10351.674366,0.0
DDS_Publish,MARKER_DDS_MSG_START_DDS_Publish,10351.806937,10351.806937,0.0
DDS_Publish,MARKER_DDS_WRITE_START,10351.806938,10351.806938,0.0
DDS_Publish,MARKER_DDS_WRITE_END,10351.807008,10351.807008,0.0
DDS_Publish,MARKER_DDS_MSG_END_DDS_Publish,10351.807009,10351.807009,0.0
DDS_Publish,MARKER_FUNCTION_END_DDS_Publish,10351.807023,10351.807023,0.0
DDS_Publish,MARKER_SLEEP_START_DDS_Publish,10351.807034,10351.807034,0.0
DDS_Publish,MARKER_PERIOD_END_DDS_Publish,10352.174314,10352.174314,0.0
DDS_Publish,MARKER_PERIOD_START_DDS_Publish,10352.174315,10352.174315,0.0
DDS_Publish,MARKER_FUNCTION_START_DDS_Publish,10352.174316,10352.174316,0.0
DDS_Publish,MARKER_DDS_MSG_START_DDS_Publish,10352.299494,10352.299494,0.0
DDS_Publish,MARKER_DDS_WRITE_START,10352.299495,10352.299495,0.0
DDS_Publish,MARKER_DDS_WRITE_END,10352.299561,10352.299561,0.0
DDS_Publish,MARKER_DDS_MSG_END_DDS_Publish,10352.299562,10352.299562,0.0
DDS_Publish,MARKER_FUNCTION_END_DDS_Publish,10352.299580,10352.299580,0.0
DDS_Publish,MARKER_SLEEP_START_DDS_Publish,10352.299586,10352.299586,0.0
DDS_Publish,MARKER_PERIOD_END_DDS_Publish,10352.674759,10352.674759,0.0
DDS_Publish,MARKER_PERIOD_START_DDS_Publish,10352.674762,10352.674762,0.0
DDS_Publish,MARKER_FUNCTION_START_DDS_Publish,10352.674764,10352.674764,0.0
DDS_Publish,MARKER_DDS_MSG_START_DDS_Publish,10352.811276,10352.811276,0.0
DDS_Publish,MARKER_DDS_WRITE_START,10352.811277,10352.811277,0.0
DDS_Publish,MARKER_DDS_WRITE_END,10352.811338,10352.811338,0.0
DDS_Publish,MARKER_DDS_MSG_END_DDS_Publish,10352.811338,10352.811338,0.0
DDS_Publish,MARKER_FUNCTION_END_DDS_Publish,10352.811349,10352.811349,0.0
DDS_Publish,MARKER_SLEEP_START_DDS_Publish,10352.811360,10352.811360,0.0
DDS_Publish,MARKER_PERIOD_END_DDS_Publish,10353.174389,10353.174389,0.0
DDS_Publish,MARKER_PERIOD_START_DDS_Publish,10353.174391,10353.174391,0.0
DDS_Publish,MARKER_FUNCTION_START_DDS_Publish,10353.174393,10353.174393,0.0
DDS_Publish,MARKER_DDS_MSG_START_DDS_Publish,10353.312614,10353.312614,0.0
DDS_Publish,MARKER_DDS_WRITE_START,10353.312615,10353.312615,0.0
DDS_Publish,MARKER_DDS_WRITE_END,10353.312689,10353.312689,0.0
DDS_Publish,MARKER_DDS_MSG_END_DDS_Publish,10353.312689,10353.312689,0.0
DDS_Publish,MARKER_FUNCTION_END_DDS_Publish,10353.312703,10353.312703,0.0
DDS_Publish,MARKER_SLEEP_START_DDS_Publish,10353.312707,10353.312707,0.0
DDS_Publish,DDS_MSG,10311.808994,10311.809063,0.069000
DDS_Publish,DDS_MSG,10311.808995,10311.809063,0.068000
DDS_Publish,DDS_MSG,10312.297421,10312.297503,0.082000
DDS_Publish,DDS_MSG,10312.297422,10312.297503,0.081000
DDS_Publish,DDS_MSG,10312.796919,10312.796954,0.035000
DDS_Publish,DDS_MSG,10312.796920,10312.796955,0.035000
DDS_Publish,DDS_MSG,10313.295762,10313.295804,0.042000
DDS_Publish,DDS_MSG,10313.295763,10313.295804,0.041000
DDS_Publish,DDS_MSG,10313.808613,10313.808704,0.091000
DDS_Publish,DDS_MSG,10313.808614,10313.808704,0.090000
DDS_Publish,DDS_MSG,10314.307322,10314.307388,0.066000
DDS_Publish,DDS_MSG,10314.307323,10314.307388,0.065000
DDS_Publish,DDS_MSG,10314.815488,10314.815563,0.075000
DDS_Publish,DDS_MSG,10314.815489,10314.815563,0.074000
DDS_Publish,DDS_MSG,10315.310898,10315.310963,0.065000
DDS_Publish,DDS_MSG,10315.310899,10315.310964,0.065000
DDS_Publish,DDS_MSG,10315.813327,10315.813358,0.031000
DDS_Publish,DDS_MSG,10315.813328,10315.813358,0.030000
DDS_Publish,DDS_MSG,10316.309857,10316.309923,0.066000
DDS_Publish,DDS_MSG,10316.309858,10316.309923,0.065000
DDS_Publish,DDS_MSG,10316.814929,10316.815021,0.092000
DDS_Publish,DDS_MSG,10316.814930,10316.815021,0.091000
DDS_Publish,DDS_MSG,10317.312680,10317.312757,0.077000
DDS_Publish,DDS_MSG,10317.312681,10317.312757,0.076000
DDS_Publish,DDS_MSG,10317.811205,10317.811291,0.086000
DDS_Publish,DDS_MSG,10317.811206,10317.811291,0.085000
DDS_Publish,DDS_MSG,10318.308581,10318.308666,0.085000
DDS_Publish,DDS_MSG,10318.308582,10318.308666,0.084000
DDS_Publish,DDS_MSG,10318.814114,10318.814160,0.046000
DDS_Publish,DDS_MSG,10318.814115,10318.814160,0.045000
DDS_Publish,DDS_MSG,10319.310829,10319.310859,0.030000
DDS_Publish,DDS_MSG,10319.310830,10319.310859,0.029000
DDS_Publish,DDS_MSG,10319.810373,10319.810451,0.078000
DDS_Publish,DDS_MSG,10319.810374,10319.810451,0.077000
DDS_Publish,DDS_MSG,10320.314849,10320.314913,0.064000
DDS_Publish,DDS_MSG,10320.314850,10320.314913,0.063000
DDS_Publish,DDS_MSG,10320.811263,10320.811335,0.072000
DDS_Publish,DDS_MSG,10320.811264,10320.811336,0.072000
DDS_Publish,DDS_MSG,10321.311956,10321.312020,0.064000
DDS_Publish,DDS_MSG,10321.311957,10321.312020,0.063000
DDS_Publish,DDS_MSG,10321.809091,10321.809121,0.030000
DDS_Publish,DDS_MSG,10321.809091,10321.809121,0.030000
DDS_Publish,DDS_MSG,10322.303475,10322.303561,0.086000
DDS_Publish,DDS_MSG,10322.303476,10322.303562,0.086000
DDS_Publish,DDS_MSG,10322.813588,10322.813647,0.059000
DDS_Publish,DDS_MSG,10322.813588,10322.813647,0.059000
DDS_Publish,DDS_MSG,10323.311044,10323.311115,0.071000
DDS_Publish,DDS_MSG,10323.311045,10323.311115,0.070000
DDS_Publish,DDS_MSG,10323.811461,10323.811523,0.062000
DDS_Publish,DDS_MSG,10323.811462,10323.811523,0.061000
DDS_Publish,DDS_MSG,10324.320575,10324.320646,0.071000
DDS_Publish,DDS_MSG,10324.320576,10324.320647,0.071000
DDS_Publish,DDS_MSG,10324.811581,10324.811614,0.033000
DDS_Publish,DDS_MSG,10324.811582,10324.811614,0.032000
DDS_Publish,DDS_MSG,10325.311745,10325.311807,0.062000
DDS_Publish,DDS_MSG,10325.311746,10325.311807,0.061000
DDS_Publish,DDS_MSG,10325.797606,10325.797670,0.064000
DDS_Publish,DDS_MSG,10325.797607,10325.797670,0.063000
DDS_Publish,DDS_MSG,10326.311543,10326.311601,0.058000
DDS_Publish,DDS_MSG,10326.311544,10326.311601,0.057000
DDS_Publish,DDS_MSG,10326.803223,10326.803290,0.067000
DDS_Publish,DDS_MSG,10326.803224,10326.803290,0.066000
DDS_Publish,DDS_MSG,10327.303593,10327.303650,0.057000
DDS_Publish,DDS_MSG,10327.303594,10327.303650,0.056000
DDS_Publish,DDS_MSG,10327.813167,10327.813238,0.071000
DDS_Publish,DDS_MSG,10327.813168,10327.813238,0.070000
DDS_Publish,DDS_MSG,10328.315419,10328.315488,0.069000
DDS_Publish,DDS_MSG,10328.315420,10328.315489,0.069000
DDS_Publish,DDS_MSG,10328.806216,10328.806303,0.087000
DDS_Publish,DDS_MSG,10328.806217,10328.806303,0.086000
DDS_Publish,DDS_MSG,10329.311753,10329.311812,0.059000
DDS_Publish,DDS_MSG,10329.311754,10329.311812,0.058000
DDS_Publish,DDS_MSG,10329.814113,10329.814181,0.068000
DDS_Publish,DDS_MSG,10329.814114,10329.814181,0.067000
DDS_Publish,DDS_MSG,10330.304525,10330.304586,0.061000
DDS_Publish,DDS_MSG,10330.304526,10330.304586,0.060000
DDS_Publish,DDS_MSG,10330.812148,10330.812180,0.032000
DDS_Publish,DDS_MSG,10330.812148,10330.812180,0.032000
DDS_Publish,DDS_MSG,10331.312141,10331.312181,0.040000
DDS_Publish,DDS_MSG,10331.312142,10331.312182,0.040000
DDS_Publish,DDS_MSG,10331.812317,10331.812383,0.066000
DDS_Publish,DDS_MSG,10331.812317,10331.812383,0.066000
DDS_Publish,DDS_MSG,10332.308724,10332.308782,0.058000
DDS_Publish,DDS_MSG,10332.308725,10332.308782,0.057000
DDS_Publish,DDS_MSG,10332.812675,10332.812737,0.062000
DDS_Publish,DDS_MSG,10332.812676,10332.812737,0.061000
DDS_Publish,DDS_MSG,10349.313627,10349.313713,0.086000
DDS_Publish,DDS_MSG,10349.313628,10349.313713,0.085000
DDS_Publish,DDS_MSG,10349.811548,10349.811611,0.063000
DDS_Publish,DDS_MSG,10349.811548,10349.811611,0.063000
DDS_Publish,DDS_MSG,10350.311627,10350.311693,0.066000
DDS_Publish,DDS_MSG,10350.311628,10350.311694,0.066000
DDS_Publish,DDS_MSG,10350.796612,10350.796686,0.074000
DDS_Publish,DDS_MSG,10350.796614,10350.796686,0.072000
DDS_Publish,DDS_MSG,10351.298817,10351.298878,0.061000
DDS_Publish,DDS_MSG,10351.298818,10351.298879,0.061000
DDS_Publish,DDS_MSG,10351.806937,10351.807008,0.071000
DDS_Publish,DDS_MSG,10351.806938,10351.807009,0.071000
DDS_Publish,DDS_MSG,10352.299494,10352.299561,0.067000
DDS_Publish,DDS_MSG,10352.299495,10352.299562,0.067000
DDS_Publish,DDS_MSG,10352.811276,10352.811338,0.062000
DDS_Publish,DDS_MSG,10352.811277,10352.811338,0.061000
DDS_Publish,DDS_MSG,10353.312614,10353.312689,0.075000
DDS_Publish,DDS_MSG,10353.312615,10353.312689,0.074000
DDS_Publish,STAT_DDS_COUNT,0,0,104
DDS_Publish,STAT_DDS_WCET,0,0,0.092000
DDS_Publish,STAT_DDS_ACET,0,0,0.063760
DDS_Publish,STAT_PERIOD,0,0,500.000000
DDS_Publish,STAT_MEASURED,0,0,500.009000
DDS_Publish,STAT_DEADLINE,0,0,500.000000
DDS_Publish,STAT_WCET,0,0,181.716000
DDS_Publish,STAT_ACET,0,0,135.226980
DDS_Publish,STAT_JITTER,0,0,2310.056037
DDS_Publish,STAT_UTIL,0,0,0.275929
DDS_Publish,STAT_NRUN,0,0,478
DDS_Publish,STAT_NPRE,0,0,426
DDS_Publish,STAT_NSLP,0,0,51
DDS_Publish,STAT_NMISS,0,0,1
DDS_Publish,STAT_WSLACK,0,0,-16139.732000
DDS_Publish,STAT_HGAPS,0,0,1.000000
DDS_Publish,STAT_NGAPS,0,0,477
DDS_Publish,STAT_MAXGAP,0,0,16455.013000
DDS_Publish,STAT_RUNTOT,0,0,6898.235000
DDS_Publish,STAT_PRETOT,0,0,3075.573000
DDS_Publish,STAT_SLPTOT,0,0,31742.980000
Activity_1,RUN,10311.809087,10311.816045,6.958000
Activity_1,RUN,10311.816323,10311.816871,0.548000
Activity_1,RUN,10311.817101,10311.817286,0.185000
Activity_1,RUN,10311.817555,10311.820025,2.470000
Activity_1,RUN,10311.820283,10311.820443,0.160000
Activity_1,RUN,10311.820473,10311.820796,0.323000
Activity_1,RUN,10311.821024,10311.832275,11.251000
Activity_1,RUN,10311.832552,10311.832894,0.342000
Activity_1,RUN,10311.832966,10311.833309,0.343000
Activity_1,RUN,10311.833539,10311.836536,2.997000
Activity_1,RUN,10311.836791,10311.852645,15.854000
Activity_1,RUN,10311.852716,10311.853052,0.336000
Activity_1,RUN,10311.853282,10311.873291,20.009000
Activity_1,RUN,10311.873490,10311.894183,20.693000
Activity_1,RUN,10312.799429,10312.840046,40.617000
Activity_1,RUN,10312.840285,10312.880951,40.666000
Activity_1,RUN,10313.808722,10313.864087,55.365000
Activity_1,RUN,10313.864326,10313.890133,25.807000
Activity_1,RUN,10314.815589,10314.888085,72.496000
Activity_1,RUN,10314.888326,10314.897049,8.723000
Activity_1,RUN,10315.813375,10315.896746,83.371000
Activity_1,RUN,10316.815044,10316.833744,18.700000
Activity_1,RUN,10316.834032,10316.899096,65.064000
Activity_1,RUN,10317.811312,10317.857745,46.433000
Activity_1,RUN,10317.857987,10317.858778,0.791000
Activity_1,RUN,10317.859028,10317.892977,33.949000
Activity_1,RUN,10318.814181,10318.833671,19.490000
Activity_1,RUN,10318.833906,10318.881772,47.866000
Activity_1,RUN,10318.882015,10318.896020,14.005000
Activity_1,RUN,10319.810474,10319.892122,81.648000
Activity_1,RUN,10320.811363,10320.827394,16.031000
Activity_1,RUN,10320.827640,10320.828321,0.681000
Activity_1,RUN,10320.828552,10320.828788,0.236000
Activity_1,RUN,10320.829018,10320.831543,2.525000
Activity_1,RUN,10320.831827,10320.832055,0.228000
Activity_1,RUN,10320.832122,10320.832129,0.007000
Activity_1,RUN,10320.832400,10320.832468,0.068000
Activity_1,RUN,10320.832742,10320.847914,15.172000
Activity_1,RUN,10320.848143,10320.894943,46.800000
Activity_1,RUN,10321.809138,10321.851427,42.289000
Activity_1,RUN,10321.851718,10321.893885,42.167000
Activity_1,RUN,10322.813673,10322.875443,61.770000
Activity_1,RUN,10322.875732,10322.896979,21.247000
Activity_1,RUN,10323.811541,10323.885187,73.646000
Activity_1,RUN,10323.885262,10323.885561,0.299000
Activity_1,RUN,10323.885791,10323.886011,0.220000
Activity_1,RUN,10323.886239,10323.899451,13.212000
Activity_1,RUN,10323.899760,10323.900958,1.198000
Activity_1,RUN,10323.901223,10323.903176,1.953000
Activity_1,RUN,10324.811630,10324.828453,16.823000
Activity_1,RUN,10324.828694,10324.848976,20.282000
Activity_1,RUN,10324.849205,10324.894941,45.736000
Activity_1,RUN,10325.799723,10325.845706,45.983000
Activity_1,RUN,10325.846000,10325.846578,0.578000
Activity_1,RUN,10325.846807,10325.866215,19.408000
Activity_1,RUN,10325.866439,10325.882222,15.783000
Activity_1,RUN,10326.803307,10326.818140,14.833000
Activity_1,RUN,10326.818174,10326.869041,50.867000
Activity_1,RUN,10326.869093,10326.870035,0.942000
Activity_1,RUN,10326.870094,10326.884744,14.650000
Activity_1,RUN,10327.813260,10327.842788,29.528000
Activity_1,RUN,10327.842834,10327.893171,50.337000
Activity_1,RUN,10327.893224,10327.896767,3.543000
Activity_1,RUN,10328.806329,10328.810686,4.357000
Activity_1,RUN,10328.810778,10328.810931,0.153000
Activity_1,RUN,10328.810961,10328.811190,0.229000
Activity_1,RUN,10328.811216,10328.811293,0.077000
Activity_1,RUN,10328.811331,10328.811644,0.313000
Activity_1,RUN,10328.811681,10328.811893,0.212000
Activity_1,RUN,10328.811919,10328.812254,0.335000
Activity_1,RUN,10328.812291,10328.814665,2.374000
Activity_1,RUN,10328.814719,10328.840299,25.580000
Activity_1,RUN,10328.840336,10328.840562,0.226000
Activity_1,RUN,10328.840596,10328.840785,0.189000
Activity_1,RUN,10328.840822,10328.840893,0.071000
Activity_1,RUN,10328.840980,10328.841100,0.120000
Activity_1,RUN,10328.841127,10328.841454,0.327000
Activity_1,RUN,10328.841492,10328.866397,24.905000
Activity_1,RUN,10328.866428,10328.888228,21.800000
Activity_1,RUN,10329.814200,10329.821902,7.702000
Activity_1,RUN,10329.821987,10329.822027,0.040000
Activity_1,RUN,10329.822056,10329.822095,0.039000
Activity_1,RUN,10329.822133,10329.822299,0.166000
Activity_1,RUN,10329.822345,10329.822446,0.101000
Activity_1,RUN,10329.822474,10329.822497,0.023000
Activity_1,RUN,10329.822534,10329.822843,0.309000
Activity_1,RUN,10329.822880,10329.823835,0.955000
Activity_1,RUN,10329.823868,10329.823888,0.020000
Activity_1,RUN,10329.823914,10329.824204,0.290000
Activity_1,RUN,10329.824242,10329.838705,14.463000
Activity_1,RUN,10329.838766,10329.868250,29.484000
Activity_1,RUN,10329.868287,10329.868360,0.073000
Activity_1,RUN,10329.868406,10329.868589,0.183000
Activity_1,RUN,10329.868617,10329.868956,0.339000
Activity_1,RUN,10329.868993,10329.890959,21.966000
Activity_1,RUN,10329.890994,10329.896144,5.150000
Activity_1,RUN,10330.812201,10330.850392,38.191000
Activity_1,RUN,10330.850479,10330.850600,0.121000
Activity_1,RUN,10330.850635,10330.850849,0.214000
Activity_1,RUN,10330.850876,10330.850943,0.067000
Activity_1,RUN,10330.850980,10330.851295,0.315000
Activity_1,RUN,10330.851332,10330.851541,0.209000
Activity_1,RUN,10330.851568,10330.851903,0.335000
Activity_1,RUN,10330.851940,10330.862731,10.791000
Activity_1,RUN,10330.862815,10330.880689,17.874000
Activity_1,RUN,10330.880796,10330.880830,0.034000
Activity_1,RUN,10330.880861,10330.880911,0.050000
Activity_1,RUN,10330.880960,10330.880977,0.017000
Activity_1,RUN,10330.881003,10330.881195,0.192000
Activity_1,RUN,10330.881232,10330.902427,21.195000
Activity_1,RUN,10331.812403,10331.836525,24.122000
Activity_1,RUN,10331.836563,10331.886750,50.187000
Activity_1,RUN,10331.886803,10331.894677,7.874000
Activity_1,RUN,10332.812754,10332.895689,82.935000
Activity_1,RUN,10349.811644,10349.892878,81.234000
Activity_1,RUN,10350.800373,10350.831105,30.732000
Activity_1,RUN,10350.831397,10350.882811,51.414000
Activity_1,RUN,10351.807037,10351.855148,48.111000
Activity_1,RUN,10351.855443,10351.890957,35.514000
Activity_1,RUN,10352.811362,10352.879132,67.770000
Activity_1,RUN,10352.879418,10352.879976,0.558000
Activity_1,RUN,10352.880206,10352.880383,0.177000
Activity_1,RUN,10352.880648,10352.883089,2.441000
Activity_1,RUN,10352.883605,10352.883774,0.169000
Activity_1,RUN,10352.884090,10352.884196,0.106000
Activity_1,RUN,10352.884426,10352.894506,10.080000
Activity_1,RUN,10353.390125,10353.391767,1.642000
Activity_1,PREEMPT,10311.816045,10311.816323,0.278000
Activity_1,PREEMPT,10311.816871,10311.817101,0.230000
Activity_1,PREEMPT,10311.817286,10311.817555,0.269000
Activity_1,PREEMPT,10311.820025,10311.820283,0.258000
Activity_1,PREEMPT,10311.820443,10311.820473,0.030000
Activity_1,PREEMPT,10311.820796,10311.821024,0.228000
Activity_1,PREEMPT,10311.832275,10311.832552,0.277000
Activity_1,PREEMPT,10311.832894,10311.832966,0.072000
Activity_1,PREEMPT,10311.833309,10311.833539,0.230000
Activity_1,PREEMPT,10311.836536,10311.836791,0.255000
Activity_1,PREEMPT,10311.852645,10311.852716,0.071000
Activity_1,PREEMPT,10311.853052,10311.853282,0.230000
Activity_1,PREEMPT,10311.873291,10311.873490,0.199000
Activity_1,SLEEP,10311.894183,10312.799429,905.246000
Activity_1,PREEMPT,10312.840046,10312.840285,0.239000
Activity_1,SLEEP,10312.880951,10313.808722,927.771000
Activity_1,PREEMPT,10313.864087,10313.864326,0.239000
Activity_1,SLEEP,10313.890133,10314.815589,925.456000
Activity_1,PREEMPT,10314.888085,10314.888326,0.241000
Activity_1,SLEEP,10314.897049,10315.813375,916.326000
Activity_1,SLEEP,10315.896746,10316.815044,918.298000
Activity_1,PREEMPT,10316.833744,10316.834032,0.288000
Activity_1,SLEEP,10316.899096,10317.811312,912.216000
Activity_1,PREEMPT,10317.857745,10317.857987,0.242000
Activity_1,PREEMPT,10317.858778,10317.859028,0.250000
Activity_1,SLEEP,10317.892977,10318.814181,921.204000
Activity_1,PREEMPT,10318.833671,10318.833906,0.235000
Activity_1,PREEMPT,10318.881772,10318.882015,0.243000
Activity_1,SLEEP,10318.896020,10319.810474,914.454000
Activity_1,SLEEP,10319.892122,10320.811363,919.241000
Activity_1,PREEMPT,10320.827394,10320.827640,0.246000
Activity_1,PREEMPT,10320.828321,10320.828552,0.231000
Activity_1,PREEMPT,10320.828788,10320.829018,0.230000
Activity_1,PREEMPT,10320.831543,10320.831827,0.284000
Activity_1,PREEMPT,10320.832055,10320.832122,0.067000
Activity_1,PREEMPT,10320.832129,10320.832400,0.271000
Activity_1,PREEMPT,10320.832468,10320.832742,0.274000
Activity_1,PREEMPT,10320.847914,10320.848143,0.229000
Activity_1,SLEEP,10320.894943,10321.809138,914.195000
Activity_1,PREEMPT,10321.851427,10321.851718,0.291000
Activity_1,SLEEP,10321.893885,10322.813673,919.788000
Activity_1,PREEMPT,10322.875443,10322.875732,0.289000
Activity_1,SLEEP,10322.896979,10323.811541,914.562000
Activity_1,PREEMPT,10323.885187,10323.885262,0.075000
Activity_1,PREEMPT,10323.885561,10323.885791,0.230000
Activity_1,PREEMPT,10323.886011,10323.886239,0.228000
Activity_1,PREEMPT,10323.899451,10323.899760,0.309000
Activity_1,PREEMPT,10323.900958,10323.901223,0.265000
Activity_1,SLEEP,10323.903176,10324.811630,908.454000
Activity_1,PREEMPT,10324.828453,10324.828694,0.241000
Activity_1,PREEMPT,10324.848976,10324.849205,0.229000
Activity_1,SLEEP,10324.894941,10325.799723,904.782000
Activity_1,PREEMPT,10325.845706,10325.846000,0.294000
Activity_1,PREEMPT,10325.846578,10325.846807,0.229000
Activity_1,PREEMPT,10325.866215,10325.866439,0.224000
Activity_1,SLEEP,10325.882222,10326.803307,921.085000
Activity_1,PREEMPT,10326.818140,10326.818174,0.034000
Activity_1,PREEMPT,10326.869041,10326.869093,0.052000
Activity_1,PREEMPT,10326.870035,10326.870094,0.059000
Activity_1,SLEEP,10326.884744,10327.813260,928.516000
Activity_1,PREEMPT,10327.842788,10327.842834,0.046000
Activity_1,PREEMPT,10327.893171,10327.893224,0.053000
Activity_1,SLEEP,10327.896767,10328.806329,909.562000
Activity_1,PREEMPT,10328.810686,10328.810778,0.092000
Activity_1,PREEMPT,10328.810931,10328.810961,0.030000
Activity_1,PREEMPT,10328.811190,10328.811216,0.026000
Activity_1,PREEMPT,10328.811293,10328.811331,0.038000
Activity_1,PREEMPT,10328.811644,10328.811681,0.037000
Activity_1,PREEMPT,10328.811893,10328.811919,0.026000
Activity_1,PREEMPT,10328.812254,10328.812291,0.037000
Activity_1,PREEMPT,10328.814665,10328.814719,0.054000
Activity_1,PREEMPT,10328.840299,10328.840336,0.037000
Activity_1,PREEMPT,10328.840562,10328.840596,0.034000
Activity_1,PREEMPT,10328.840785,10328.840822,0.037000
Activity_1,PREEMPT,10328.840893,10328.840980,0.087000
Activity_1,PREEMPT,10328.841100,10328.841127,0.027000
Activity_1,PREEMPT,10328.841454,10328.841492,0.038000
Activity_1,PREEMPT,10328.866397,10328.866428,0.031000
Activity_1,SLEEP,10328.888228,10329.814200,925.972000
Activity_1,PREEMPT,10329.821902,10329.821987,0.085000
Activity_1,PREEMPT,10329.822027,10329.822056,0.029000
Activity_1,PREEMPT,10329.822095,10329.822133,0.038000
Activity_1,PREEMPT,10329.822299,10329.822345,0.046000
Activity_1,PREEMPT,10329.822446,10329.822474,0.028000
Activity_1,PREEMPT,10329.822497,10329.822534,0.037000
Activity_1,PREEMPT,10329.822843,10329.822880,0.037000
Activity_1,PREEMPT,10329.823835,10329.823868,0.033000
Activity_1,PREEMPT,10329.823888,10329.823914,0.026000
Activity_1,PREEMPT,10329.824204,10329.824242,0.038000
Activity_1,PREEMPT,10329.838705,10329.838766,0.061000
Activity_1,PREEMPT,10329.868250,10329.868287,0.037000
Activity_1,PREEMPT,10329.868360,10329.868406,0.046000
Activity_1,PREEMPT,10329.868589,10329.868617,0.028000
Activity_1,PREEMPT,10329.868956,10329.868993,0.037000
Activity_1,PREEMPT,10329.890959,10329.890994,0.035000
Activity_1,SLEEP,10329.896144,10330.812201,916.057000
Activity_1,PREEMPT,10330.850392,10330.850479,0.087000
Activity_1,PREEMPT,10330.850600,10330.850635,0.035000
Activity_1,PREEMPT,10330.850849,10330.850876,0.027000
Activity_1,PREEMPT,10330.850943,10330.850980,0.037000
Activity_1,PREEMPT,10330.851295,10330.851332,0.037000
Activity_1,PREEMPT,10330.851541,10330.851568,0.027000
Activity_1,PREEMPT,10330.851903,10330.851940,0.037000
Activity_1,PREEMPT,10330.862731,10330.862815,0.084000
Activity_1,PREEMPT,10330.880689,10330.880796,0.107000
Activity_1,PREEMPT,10330.880830,10330.880861,0.031000
Activity_1,PREEMPT,10330.880911,10330.880960,0.049000
Activity_1,PREEMPT,10330.880977,10330.881003,0.026000
Activity_1,PREEMPT,10330.881195,10330.881232,0.037000
Activity_1,SLEEP,10330.902427,10331.812403,909.976000
Activity_1,PREEMPT,10331.836525,10331.836563,0.038000
Activity_1,PREEMPT,10331.886750,10331.886803,0.053000
Activity_1,SLEEP,10331.894677,10332.812754,918.077000
Activity_1,SLEEP,10332.895689,10349.811644,16915.955000
Activity_1,SLEEP,10349.892878,10350.800373,907.495000
Activity_1,PREEMPT,10350.831105,10350.831397,0.292000
Activity_1,SLEEP,10350.882811,10351.807037,924.226000
Activity_1,PREEMPT,10351.855148,10351.855443,0.295000
Activity_1,SLEEP,10351.890957,10352.811362,920.405000
Activity_1,PREEMPT,10352.879132,10352.879418,0.286000
Activity_1,PREEMPT,10352.879976,10352.880206,0.230000
Activity_1,PREEMPT,10352.880383,10352.880648,0.265000
Activity_1,PREEMPT,10352.883089,10352.883605,0.516000
Activity_1,PREEMPT,10352.883774,10352.884090,0.316000
Activity_1,PREEMPT,10352.884196,10352.884426,0.230000
Activity_1,SLEEP,10352.894506,10353.390125,495.619000
Activity_1,MARKER_PERIOD_END_Activity_1,10311.809104,10311.809104,0.0
Activity_1,MARKER_PERIOD_START_Activity_1,10311.809105,10311.809105,0.0
Activity_1,MARKER_FUNCTION_START_Activity_1,10311.809105,10311.809105,0.0
Activity_1,MARKER_FUNCTION_END_Activity_1,10311.894168,10311.894168,0.0
Activity_1,MARKER_SLEEP_START_Activity_1,10311.894179,10311.894179,0.0
Activity_1,MARKER_PERIOD_END_Activity_1,10312.799438,10312.799438,0.0
Activity_1,MARKER_PERIOD_START_Activity_1,10312.799438,10312.799438,0.0
Activity_1,MARKER_FUNCTION_START_Activity_1,10312.799439,10312.799439,0.0
Activity_1,MARKER_FUNCTION_END_Activity_1,10312.880937,10312.880937,0.0
Activity_1,MARKER_SLEEP_START_Activity_1,10312.880949,10312.880949,0.0
Activity_1,MARKER_PERIOD_END_Activity_1,10313.808724,10313.808724,0.0
Activity_1,MARKER_PERIOD_START_Activity_1,10313.808725,10313.808725,0.0
Activity_1,MARKER_FUNCTION_START_Activity_1,10313.808725,10313.808725,0.0
Activity_1,MARKER_FUNCTION_END_Activity_1,10313.890123,10313.890123,0.0
Activity_1,MARKER_SLEEP_START_Activity_1,10313.890132,10313.890132,0.0
Activity_1,MARKER_PERIOD_END_Activity_1,10314.815591,10314.815591,0.0
Activity_1,MARKER_PERIOD_START_Activity_1,10314.815592,10314.815592,0.0
Activity_1,MARKER_FUNCTION_START_Activity_1,10314.815592,10314.815592,0.0
Activity_1,MARKER_FUNCTION_END_Activity_1,10314.897035,10314.897035,0.0
Activity_1,MARKER_SLEEP_START_Activity_1,10314.897047,10314.897047,0.0
Activity_1,MARKER_PERIOD_END_Activity_1,10315.813378,10315.813378,0.0
Activity_1,MARKER_PERIOD_START_Activity_1,10315.813378,10315.813378,0.0
Activity_1,MARKER_FUNCTION_START_Activity_1,10315.813379,10315.813379,0.0
Activity_1,MARKER_FUNCTION_END_Activity_1,10315.896730,10315.896730,0.0
Activity_1,MARKER_SLEEP_START_Activity_1,10315.896742,10315.896742,0.0
Activity_1,MARKER_PERIOD_END_Activity_1,10316.815047,10316.815047,0.0
Activity_1,MARKER_PERIOD_START_Activity_1,10316.815047,10316.815047,0.0
Activity_1,MARKER_FUNCTION_START_Activity_1,10316.815048,10316.815048,0.0
Activity_1,MARKER_FUNCTION_END_Activity_1,10316.899080,10316.899080,0.0
Activity_1,MARKER_SLEEP_START_Activity_1,10316.899093,10316.899093,0.0
Activity_1,MARKER_PERIOD_END_Activity_1,10317.811315,10317.811315,0.0
Activity_1,MARKER_PERIOD_START_Activity_1,10317.811315,10317.811315,0.0
Activity_1,MARKER_FUNCTION_START_Activity_1,10317.811316,10317.811316,0.0
Activity_1,MARKER_FUNCTION_END_Activity_1,10317.892965,10317.892965,0.0
Activity_1,MARKER_SLEEP_START_Activity_1,10317.892975,10317.892975,0.0
Activity_1,MARKER_PERIOD_END_Activity_1,10318.814184,10318.814184,0.0
Activity_1,MARKER_PERIOD_START_Activity_1,10318.814184,10318.814184,0.0
Activity_1,MARKER_FUNCTION_START_Activity_1,10318.814184,10318.814184,0.0
Activity_1,MARKER_FUNCTION_END_Activity_1,10318.896008,10318.896008,0.0
Activity_1,MARKER_SLEEP_START_Activity_1,10318.896018,10318.896018,0.0
Activity_1,MARKER_PERIOD_END_Activity_1,10319.810476,10319.810476,0.0
Activity_1,MARKER_PERIOD_START_Activity_1,10319.810477,10319.810477,0.0
Activity_1,MARKER_FUNCTION_START_Activity_1,10319.810477,10319.810477,0.0
Activity_1,MARKER_FUNCTION_END_Activity_1,10319.892108,10319.892108,0.0
Activity_1,MARKER_SLEEP_START_Activity_1,10319.892119,10319.892119,0.0
Activity_1,MARKER_PERIOD_END_Activity_1,10320.811366,10320.811366,0.0
Activity_1,MARKER_PERIOD_START_Activity_1,10320.811366,10320.811366,0.0
Activity_1,MARKER_FUNCTION_START_Activity_1,10320.811367,10320.811367,0.0
Activity_1,MARKER_FUNCTION_END_Activity_1,10320.894929,10320.894929,0.0
Activity_1,MARKER_SLEEP_START_Activity_1,10320.894940,10320.894940,0.0
Activity_1,MARKER_PERIOD_END_Activity_1,10321.809141,10321.809141,0.0
Activity_1,MARKER_PERIOD_START_Activity_1,10321.809141,10321.809141,0.0
Activity_1,MARKER_FUNCTION_START_Activity_1,10321.809142,10321.809142,0.0
Activity_1,MARKER_FUNCTION_END_Activity_1,10321.893869,10321.893869,0.0
Activity_1,MARKER_SLEEP_START_Activity_1,10321.893882,10321.893882,0.0
Activity_1,MARKER_PERIOD_END_Activity_1,10322.813675,10322.813675,0.0
Activity_1,MARKER_PERIOD_START_Activity_1,10322.813676,10322.813676,0.0
Activity_1,MARKER_FUNCTION_START_Activity_1,10322.813676,10322.813676,0.0
Activity_1,MARKER_FUNCTION_END_Activity_1,10322.896960,10322.896960,0.0
Activity_1,MARKER_SLEEP_START_Activity_1,10322.896974,10322.896974,0.0
Activity_1,MARKER_PERIOD_END_Activity_1,10323.811543,10323.811543,0.0
Activity_1,MARKER_PERIOD_START_Activity_1,10323.811544,10323.811544,0.0
Activity_1,MARKER_FUNCTION_START_Activity_1,10323.811544,10323.811544,0.0
Activity_1,MARKER_FUNCTION_END_Activity_1,10323.903156,10323.903156,0.0
Activity_1,MARKER_SLEEP_START_Activity_1,10323.903172,10323.903172,0.0
Activity_1,MARKER_PERIOD_END_Activity_1,10324.811632,10324.811632,0.0
Activity_1,MARKER_PERIOD_START_Activity_1,10324.811633,10324.811633,0.0
Activity_1,MARKER_FUNCTION_START_Activity_1,10324.811633,10324.811633,0.0
Activity_1,MARKER_FUNCTION_END_Activity_1,10324.894926,10324.894926,0.0
Activity_1,MARKER_SLEEP_START_Activity_1,10324.894938,10324.894938,0.0
Activity_1,MARKER_PERIOD_END_Activity_1,10325.799730,10325.799730,0.0
Activity_1,MARKER_PERIOD_START_Activity_1,10325.799731,10325.799731,0.0
Activity_1,MARKER_FUNCTION_START_Activity_1,10325.799731,10325.799731,0.0
Activity_1,MARKER_FUNCTION_END_Activity_1,10325.882209,10325.882209,0.0
Activity_1,MARKER_SLEEP_START_Activity_1,10325.882220,10325.882220,0.0
Activity_1,MARKER_PERIOD_END_Activity_1,10326.803310,10326.803310,0.0
Activity_1,MARKER_PERIOD_START_Activity_1,10326.803310,10326.803310,0.0
Activity_1,MARKER_FUNCTION_START_Activity_1,10326.803310,10326.803310,0.0
Activity_1,MARKER_FUNCTION_END_Activity_1,10326.884730,10326.884730,0.0
Activity_1,MARKER_SLEEP_START_Activity_1,10326.884741,10326.884741,0.0
Activity_1,MARKER_PERIOD_END_Activity_1,10327.813263,10327.813263,0.0
Activity_1,MARKER_PERIOD_START_Activity_1,10327.813264,10327.813264,0.0
Activity_1,MARKER_FUNCTION_START_Activity_1,10327.813264,10327.813264,0.0
Activity_1,MARKER_FUNCTION_END_Activity_1,10327.896752,10327.896752,0.0
Activity_1,MARKER_SLEEP_START_Activity_1,10327.896764,10327.896764,0.0
Activity_1,MARKER_PERIOD_END_Activity_1,10328.806331,10328.806331,0.0
Activity_1,MARKER_PERIOD_START_Activity_1,10328.806332,10328.806332,0.0
Activity_1,MARKER_FUNCTION_START_Activity_1,10328.806332,10328.806332,0.0
Activity_1,MARKER_FUNCTION_END_Activity_1,10328.888215,10328.888215,0.0
Activity_1,MARKER_SLEEP_START_Activity_1,10328.888226,10328.888226,0.0
Activity_1,MARKER_PERIOD_END_Activity_1,10329.814203,10329.814203,0.0
Activity_1,MARKER_PERIOD_START_Activity_1,10329.814203,10329.814203,0.0
Activity_1,MARKER_FUNCTION_START_Activity_1,10329.814204,10329.814204,0.0
Activity_1,MARKER_FUNCTION_END_Activity_1,10329.896130,10329.896130,0.0
Activity_1,MARKER_SLEEP_START_Activity_1,10329.896142,10329.896142,0.0
Activity_1,MARKER_PERIOD_END_Activity_1,10330.812203,10330.812203,0.0
Activity_1,MARKER_PERIOD_START_Activity_1,10330.812204,10330.812204,0.0
Activity_1,MARKER_FUNCTION_START_Activity_1,10330.812204,10330.812204,0.0
Activity_1,MARKER_FUNCTION_END_Activity_1,10330.902412,10330.902412,0.0
Activity_1,MARKER_SLEEP_START_Activity_1,10330.902425,10330.902425,0.0
Activity_1,MARKER_PERIOD_END_Activity_1,10331.812405,10331.812405,0.0
Activity_1,MARKER_PERIOD_START_Activity_1,10331.812405,10331.812405,0.0
Activity_1,MARKER_FUNCTION_START_Activity_1,10331.812405,10331.812405,0.0
Activity_1,MARKER_FUNCTION_END_Activity_1,10331.894662,10331.894662,0.0
Activity_1,MARKER_SLEEP_START_Activity_1,10331.894674,10331.894674,0.0
Activity_1,MARKER_PERIOD_END_Activity_1,10332.812756,10332.812756,0.0
Activity_1,MARKER_PERIOD_START_Activity_1,10332.812757,10332.812757,0.0
Activity_1,MARKER_FUNCTION_START_Activity_1,10332.812758,10332.812758,0.0
Activity_1,MARKER_FUNCTION_END_Activity_1,10332.895674,10332.895674,0.0
Activity_1,MARKER_SLEEP_START_Activity_1,10332.895685,10332.895685,0.0
Activity_1,MARKER_PERIOD_END_Activity_1,10349.811646,10349.811646,0.0
Activity_1,MARKER_PERIOD_START_Activity_1,10349.811647,10349.811647,0.0
Activity_1,MARKER_FUNCTION_START_Activity_1,10349.811647,10349.811647,0.0
Activity_1,MARKER_FUNCTION_END_Activity_1,10349.892864,10349.892864,0.0
Activity_1,MARKER_SLEEP_START_Activity_1,10349.892874,10349.892874,0.0
Activity_1,MARKER_PERIOD_END_Activity_1,10350.800386,10350.800386,0.0
Activity_1,MARKER_PERIOD_START_Activity_1,10350.800387,10350.800387,0.0
Activity_1,MARKER_FUNCTION_START_Activity_1,10350.800387,10350.800387,0.0
Activity_1,MARKER_FUNCTION_END_Activity_1,10350.882795,10350.882795,0.0
Activity_1,MARKER_SLEEP_START_Activity_1,10350.882807,10350.882807,0.0
Activity_1,MARKER_PERIOD_END_Activity_1,10351.807040,10351.807040,0.0
Activity_1,MARKER_PERIOD_START_Activity_1,10351.807041,10351.807041,0.0
Activity_1,MARKER_FUNCTION_START_Activity_1,10351.807041,10351.807041,0.0
Activity_1,MARKER_FUNCTION_END_Activity_1,10351.890943,10351.890943,0.0
Activity_1,MARKER_SLEEP_START_Activity_1,10351.890954,10351.890954,0.0
Activity_1,MARKER_PERIOD_END_Activity_1,10352.811364,10352.811364,0.0
Activity_1,MARKER_PERIOD_START_Activity_1,10352.811365,10352.811365,0.0
Activity_1,MARKER_FUNCTION_START_Activity_1,10352.811365,10352.811365,0.0
Activity_1,MARKER_FUNCTION_END_Activity_1,10352.894491,10352.894491,0.0
Activity_1,MARKER_SLEEP_START_Activity_1,10352.894502,10352.894502,0.0
Activity_1,STAT_PERIOD,0,0,1000.000000
Activity_1,STAT_MEASURED,0,0,1000.352000
Activity_1,STAT_DEADLINE,0,0,1000.000000
Activity_1,STAT_WCET,0,0,90.527000
Activity_1,STAT_ACET,0,0,82.830840
Activity_1,STAT_JITTER,0,0,3135.107316
Activity_1,STAT_UTIL,0,0,0.086150
Activity_1,STAT_NRUN,0,0,127
Activity_1,STAT_NPRE,0,0,100
Activity_1,STAT_NSLP,0,0,26
Activity_1,STAT_NMISS,0,0,0
Activity_1,STAT_WSLACK,0,0,908.388000
Activity_1,STAT_HGAPS,0,0,1.000000
Activity_1,STAT_NGAPS,0,0,126
Activity_1,STAT_MAXGAP,0,0,16915.955000
Activity_1,STAT_RUNTOT,0,0,2153.744000
Activity_1,STAT_PRETOT,0,0,13.998000
Activity_1,STAT_SLPTOT,0,0,39414.938000
DDS_Publish,MISS_LOG,10332.673996,22.543903,500.000000|16639.732000|16139.732000|43
