task,type,start,end,duration_ms
DDS_Publish,RUN,10021.139341,10021.139348,0.007000
DDS_Publish,RUN,10021.139351,10021.141302,1.951000
DDS_Publish,RUN,10021.141790,10021.142266,0.476000
DDS_Publish,RUN,10021.142494,10021.158088,15.594000
DDS_Publish,RUN,10021.158362,10021.199949,41.587000
DDS_Publish,RUN,10021.200239,10021.237599,37.360000
DDS_Publish,RUN,10021.237673,10021.238006,0.333000
DDS_Publish,RUN,10021.238237,10021.238495,0.258000
DDS_Publish,RUN,10021.238724,10021.239226,0.502000
DDS_Publish,RUN,10021.239523,10021.278025,38.502000
DDS_Publish,RUN,10021.278308,10021.302375,24.067000
DDS_Publish,RUN,10021.302658,10021.337714,35.056000
DDS_Publish,RUN,10021.337797,10021.338138,0.341000
DDS_Publish,RUN,10021.338372,10021.358404,20.032000
DDS_Publish,RUN,10021.358680,10021.404765,46.085000
DDS_Publish,RUN,10021.405060,10021.405594,0.534000
DDS_Publish,RUN,10021.405824,10021.406182,0.358000
DDS_Publish,RUN,10021.406413,10021.408818,2.405000
DDS_Publish,RUN,10021.409299,10021.409310,0.011000
DDS_Publish,RUN,10021.409386,10021.409727,0.341000
DDS_Publish,RUN,10021.409957,10021.425284,15.327000
DDS_Publish,RUN,10021.425513,10021.437764,12.251000
DDS_Publish,RUN,10021.437837,10021.446651,8.814000
DDS_Publish,RUN,10021.446879,10021.467814,20.935000
DDS_Publish,RUN,10021.468083,10021.507272,39.189000
DDS_Publish,RUN,10021.507567,10021.537834,30.267000
DDS_Publish,RUN,10021.537905,10021.539366,1.461000
DDS_Publish,RUN,10021.539604,10021.558619,19.015000
DDS_Publish,RUN,10021.558868,10021.585248,26.380000
DDS_Publish,RUN,10021.639821,10021.656432,16.611000
DDS_Publish,RUN,10021.656495,10021.656851,0.356000
DDS_Publish,RUN,10021.657066,10021.657070,0.004000
DDS_Publish,RUN,10021.657322,10021.661600,4.278000
DDS_Publish,RUN,10021.661852,10021.661883,0.031000
DDS_Publish,RUN,10021.661958,10021.662263,0.305000
DDS_Publish,RUN,10021.662450,10021.682443,19.993000
DDS_Publish,RUN,10021.682673,10021.712491,29.818000
DDS_Publish,RUN,10021.712750,10021.814369,101.619000
DDS_Publish,RUN,10021.814597,10021.815176,0.579000
DDS_Publish,RUN,10021.815394,10021.815784,0.390000
DDS_Publish,RUN,10021.815973,10021.816763,0.790000
DDS_Publish,RUN,10021.817016,10021.817083,0.067000
DDS_Publish,RUN,10021.817147,10021.818963,1.816000
DDS_Publish,RUN,10021.819192,10021.834883,15.691000
DDS_Publish,RUN,10021.835072,10021.916764,81.692000
DDS_Publish,RUN,10021.917051,10022.019259,102.208000
DDS_Publish,RUN,10022.019550,10022.088357,68.807000
DDS_Publish,RUN,10022.088394,10022.108749,20.355000
DDS_Publish,RUN,10022.139391,10022.142534,3.143000
DDS_Publish,RUN,10022.142767,10022.145114,2.347000
DDS_Publish,RUN,10022.145202,10022.145267,0.065000
DDS_Publish,RUN,10022.145315,10022.145318,0.003000
DDS_Publish,RUN,10022.145352,10022.146419,1.067000
DDS_Publish,RUN,10022.146635,10022.167363,20.728000
DDS_Publish,RUN,10022.167368,10022.175360,7.992000
DDS_Publish,RUN,10022.175364,10022.185363,9.999000
DDS_Publish,RUN,10022.185373,10022.203362,17.989000
DDS_Publish,RUN,10022.203370,10022.224597,21.227000
DDS_Publish,RUN,10022.224803,10022.225362,0.559000
DDS_Publish,RUN,10022.225368,10022.271370,46.002000
DDS_Publish,RUN,10022.271375,10022.326379,55.004000
DDS_Publish,RUN,10022.326651,10022.327174,0.523000
DDS_Publish,RUN,10022.327406,10022.327901,0.495000
DDS_Publish,RUN,10022.328131,10022.328434,0.303000
DDS_Publish,RUN,10022.328686,10022.328887,0.201000
DDS_Publish,RUN,10022.328958,10022.330653,1.695000
DDS_Publish,RUN,10022.330881,10022.335369,4.488000
DDS_Publish,RUN,10022.335374,10022.348006,12.632000
DDS_Publish,RUN,10022.348191,10022.373185,24.994000
DDS_Publish,RUN,10022.373210,10022.373260,0.050000
DDS_Publish,RUN,10022.373286,10022.373757,0.471000
DDS_Publish,RUN,10022.374024,10022.384372,10.348000
DDS_Publish,RUN,10022.384375,10022.393871,9.496000
DDS_Publish,RUN,10022.394100,10022.399369,5.269000
DDS_Publish,RUN,10022.399375,10022.428783,29.408000
DDS_Publish,RUN,10022.429023,10022.531157,102.134000
DDS_Publish,RUN,10022.531452,10022.532358,0.906000
DDS_Publish,RUN,10022.532588,10022.532860,0.272000
DDS_Publish,RUN,10022.533085,10022.533382,0.297000
DDS_Publish,RUN,10022.533601,10022.533778,0.177000
DDS_Publish,RUN,10022.533807,10022.535658,1.851000
DDS_Publish,RUN,10022.535888,10022.551672,15.784000
DDS_Publish,RUN,10022.551902,10022.583335,31.433000
DDS_Publish,RUN,10022.639430,10022.657093,17.663000
DDS_Publish,RUN,10022.657167,10022.658486,1.319000
DDS_Publish,RUN,10022.658511,10022.658513,0.002000
DDS_Publish,RUN,10022.658580,10022.661504,2.924000
DDS_Publish,RUN,10022.661745,10022.662064,0.319000
DDS_Publish,RUN,10022.662291,10022.662670,0.379000
DDS_Publish,RUN,10022.662938,10022.663039,0.101000
DDS_Publish,RUN,10022.663277,10022.663517,0.240000
DDS_Publish,RUN,10022.663718,10022.677820,14.102000
DDS_Publish,RUN,10022.678019,10022.678109,0.090000
DDS_Publish,RUN,10022.678357,10022.719384,41.027000
DDS_Publish,RUN,10022.719394,10022.736068,16.674000
DDS_Publish,RUN,10022.736278,10022.737057,0.779000
DDS_Publish,RUN,10022.737285,10022.756576,19.291000
DDS_Publish,RUN,10022.756808,10022.816389,59.581000
DDS_Publish,RUN,10022.816402,10022.838634,22.232000
DDS_Publish,RUN,10022.838884,10022.843894,5.010000
DDS_Publish,RUN,10022.844098,10022.847386,3.288000
DDS_Publish,RUN,10022.847393,10022.847542,0.149000
DDS_Publish,RUN,10022.847770,10022.848438,0.668000
DDS_Publish,RUN,10022.848969,10022.848979,0.010000
DDS_Publish,RUN,10022.849052,10022.849457,0.405000
DDS_Publish,RUN,10022.849677,10022.859120,9.443000
DDS_Publish,RUN,10022.859336,10022.940793,81.457000
DDS_Publish,RUN,10022.941091,10022.942219,1.128000
DDS_Publish,RUN,10022.942456,10022.942712,0.256000
DDS_Publish,RUN,10022.942939,10022.947312,4.373000
DDS_Publish,RUN,10022.947836,10022.948108,0.272000
DDS_Publish,RUN,10022.948337,10022.961266,12.929000
DDS_Publish,RUN,10022.961502,10022.975390,13.888000
DDS_Publish,RUN,10022.975399,10023.039392,63.993000
DDS_Publish,RUN,10023.039404,10023.043186,3.782000
DDS_Publish,RUN,10023.043484,10023.087205,43.721000
DDS_Publish,RUN,10023.139446,10023.147077,7.631000
DDS_Publish,RUN,10023.147364,10023.248003,100.639000
DDS_Publish,RUN,10023.248309,10023.350405,102.096000
DDS_Publish,RUN,10023.350692,10023.453374,102.682000
DDS_Publish,RUN,10023.453670,10023.454680,1.010000
DDS_Publish,RUN,10023.454905,10023.457131,2.226000
DDS_Publish,RUN,10023.457357,10023.458237,0.880000
DDS_Publish,RUN,10023.458493,10023.458672,0.179000
DDS_Publish,RUN,10023.458746,10023.459170,0.424000
DDS_Publish,RUN,10023.459400,10023.473871,14.471000
DDS_Publish,RUN,10023.474099,10023.475675,1.576000
DDS_Publish,RUN,10023.475899,10023.502019,26.120000
DDS_Publish,RUN,10023.502043,10023.502093,0.050000
DDS_Publish,RUN,10023.502120,10023.502625,0.505000
DDS_Publish,RUN,10023.502856,10023.522684,19.828000
DDS_Publish,RUN,10023.522922,10023.555192,32.270000
DDS_Publish,RUN,10023.555435,10023.556038,0.603000
DDS_Publish,RUN,10023.556268,10023.556595,0.327000
DDS_Publish,RUN,10023.556825,10023.559281,2.456000
DDS_Publish,RUN,10023.559538,10023.579653,20.115000
DDS_Publish,RUN,10023.579725,10023.580054,0.329000
DDS_Publish,RUN,10023.580283,10023.584599,4.316000
DDS_Publish,RUN,10023.639440,10023.657606,18.166000
DDS_Publish,RUN,10023.657915,10023.681009,23.094000
DDS_Publish,RUN,10023.681159,10023.681203,0.044000
DDS_Publish,RUN,10023.681332,10023.681573,0.241000
DDS_Publish,RUN,10023.681697,10023.681742,0.045000
DDS_Publish,RUN,10023.681867,10023.682020,0.153000
DDS_Publish,RUN,10023.682144,10023.682189,0.045000
DDS_Publish,RUN,10023.682316,10023.682970,0.654000
DDS_Publish,RUN,10023.683068,10023.759991,76.923000
DDS_Publish,RUN,10023.760248,10023.765009,4.761000
DDS_Publish,RUN,10023.765234,10023.765538,0.304000
DDS_Publish,RUN,10023.765769,10023.767557,1.788000
DDS_Publish,RUN,10023.768031,10023.768187,0.156000
DDS_Publish,RUN,10023.768219,10023.768539,0.320000
DDS_Publish,RUN,10023.768766,10023.780494,11.728000
DDS_Publish,RUN,10023.780724,10023.862403,81.679000
DDS_Publish,RUN,10023.862705,10023.863209,0.504000
DDS_Publish,RUN,10023.863442,10023.863956,0.514000
DDS_Publish,RUN,10023.864187,10023.866609,2.422000
DDS_Publish,RUN,10023.866860,10023.875373,8.513000
DDS_Publish,RUN,10023.875452,10023.875766,0.314000
DDS_Publish,RUN,10023.875996,10023.882906,6.910000
DDS_Publish,RUN,10023.883181,10023.922635,39.454000
DDS_Publish,RUN,10023.922717,10023.923027,0.310000
DDS_Publish,RUN,10023.923260,10023.943302,20.042000
DDS_Publish,RUN,10023.943595,10023.964789,21.194000
DDS_Publish,RUN,10023.965094,10023.965725,0.631000
DDS_Publish,RUN,10023.965971,10023.966509,0.538000
DDS_Publish,RUN,10023.966741,10023.969121,2.380000
DDS_Publish,RUN,10023.969750,10023.969810,0.060000
DDS_Publish,RUN,10023.969880,10023.969886,0.006000
DDS_Publish,RUN,10023.970183,10023.970411,0.228000
DDS_Publish,RUN,10023.970638,10023.985291,14.653000
DDS_Publish,RUN,10023.985527,10024.067209,81.682000
DDS_Publish,RUN,10024.067499,10024.072108,4.609000
DDS_Publish,RUN,10024.072332,10024.087703,15.371000
DDS_Publish,RUN,10024.087980,10024.090153,2.173000
DDS_Publish,RUN,10024.090170,10024.117882,27.712000
DDS_Publish,RUN,10024.139456,10024.147430,7.974000
DDS_Publish,RUN,10024.147441,10024.167702,20.261000
DDS_Publish,RUN,10024.167771,10024.169627,1.856000
DDS_Publish,RUN,10024.169864,10024.170188,0.324000
DDS_Publish,RUN,10024.170417,10024.170668,0.251000
DDS_Publish,RUN,10024.170899,10024.171239,0.340000
DDS_Publish,RUN,10024.171844,10024.171979,0.135000
DDS_Publish,RUN,10024.172054,10024.172212,0.158000
DDS_Publish,RUN,10024.172287,10024.172305,0.018000
DDS_Publish,RUN,10024.172373,10024.172440,0.067000
DDS_Publish,RUN,10024.172467,10024.172871,0.404000
DDS_Publish,RUN,10024.172937,10024.173939,1.002000
DDS_Publish,RUN,10024.174169,10024.188296,14.127000
DDS_Publish,RUN,10024.188525,10024.191431,2.906000
DDS_Publish,RUN,10024.191437,10024.272004,80.567000
DDS_Publish,RUN,10024.272245,10024.272878,0.633000
DDS_Publish,RUN,10024.273107,10024.279433,6.326000
DDS_Publish,RUN,10024.279442,10024.292521,13.079000
DDS_Publish,RUN,10024.292746,10024.333436,40.690000
DDS_Publish,RUN,10024.333445,10024.348435,14.990000
DDS_Publish,RUN,10024.348442,10024.363436,14.994000
DDS_Publish,RUN,10024.363439,10024.364435,0.996000
DDS_Publish,RUN,10024.364441,10024.374386,9.945000
DDS_Publish,RUN,10024.374627,10024.375244,0.617000
DDS_Publish,RUN,10024.375475,10024.381436,5.961000
DDS_Publish,RUN,10024.381443,10024.382386,0.943000
DDS_Publish,RUN,10024.382617,10024.383266,0.649000
DDS_Publish,RUN,10024.384606,10024.385217,0.611000
DDS_Publish,RUN,10024.385292,10024.385301,0.009000
DDS_Publish,RUN,10024.385369,10024.385391,0.022000
DDS_Publish,RUN,10024.385455,10024.385670,0.215000
DDS_Publish,RUN,10024.385899,10024.394883,8.984000
DDS_Publish,RUN,10024.395102,10024.400578,5.476000
DDS_Publish,RUN,10024.400799,10024.419088,18.289000
DDS_Publish,RUN,10024.419090,10024.460630,41.540000
DDS_Publish,RUN,10024.460704,10024.461345,0.641000
DDS_Publish,RUN,10024.461629,10024.476802,15.173000
DDS_Publish,RUN,10024.477033,10024.478831,1.798000
DDS_Publish,RUN,10024.479029,10024.481438,2.409000
DDS_Publish,RUN,10024.481966,10024.483745,1.779000
DDS_Publish,RUN,10024.484206,10024.501791,17.585000
DDS_Publish,RUN,10024.501860,10024.502636,0.776000
DDS_Publish,RUN,10024.502874,10024.503442,0.568000
DDS_Publish,RUN,10024.503446,10024.504267,0.821000
DDS_Publish,RUN,10024.504492,10024.505441,0.949000
DDS_Publish,RUN,10024.505443,10024.575446,70.003000
DDS_Publish,RUN,10024.575451,10024.579180,3.729000
DDS_Publish,RUN,10024.579382,10024.580143,0.761000
DDS_Publish,RUN,10024.580359,10024.583515,3.156000
DDS_Publish,RUN,10024.583745,10024.584184,0.439000
DDS_Publish,RUN,10024.585082,10024.587473,2.391000
DDS_Publish,RUN,10024.587716,10024.588062,0.346000
DDS_Publish,RUN,10024.588130,10024.588464,0.334000
DDS_Publish,RUN,10024.588693,10024.589322,0.629000
DDS_Publish,RUN,10024.589389,10024.589467,0.078000
DDS_Publish,RUN,10024.589494,10024.589763,0.269000
DDS_Publish,RUN,10024.589992,10024.590135,0.143000
DDS_Publish,RUN,10024.590411,10024.590545,0.134000
DDS_Publish,RUN,10024.590573,10024.590889,0.316000
DDS_Publish,RUN,10024.591117,10024.592879,1.762000
DDS_Publish,RUN,10024.639474,10024.640448,0.974000
DDS_Publish,RUN,10024.640453,10024.656665,16.212000
DDS_Publish,RUN,10024.656735,10024.657081,0.346000
DDS_Publish,RUN,10024.657267,10024.658748,1.481000
DDS_Publish,RUN,10024.658962,10024.681611,22.649000
DDS_Publish,RUN,10024.681904,10024.682472,0.568000
DDS_Publish,RUN,10024.682702,10024.683448,0.746000
DDS_Publish,RUN,10028.639606,10028.675252,35.646000
DDS_Publish,RUN,10028.675317,10028.726763,51.446000
DDS_Publish,RUN,10028.726796,10028.759633,32.837000
DDS_Publish,RUN,10028.759719,10028.759990,0.271000
DDS_Publish,RUN,10028.760019,10028.760345,0.326000
DDS_Publish,RUN,10028.760382,10028.777627,17.245000
DDS_Publish,RUN,10028.777679,10028.829335,51.656000
DDS_Publish,RUN,10028.829378,10028.880052,50.674000
DDS_Publish,RUN,10028.880102,10028.931894,51.792000
DDS_Publish,RUN,10028.931928,10028.982432,50.504000
DDS_Publish,RUN,10028.982501,10029.029038,46.537000
DDS_Publish,RUN,10029.029110,10029.029265,0.155000
DDS_Publish,RUN,10029.029294,10029.029629,0.335000
DDS_Publish,RUN,10029.029667,10029.034432,4.765000
DDS_Publish,RUN,10029.034463,10029.084828,50.365000
DDS_Publish,RUN,10029.084904,10029.099556,14.652000
DDS_Publish,RUN,10029.139667,10029.187302,47.635000
DDS_Publish,RUN,10029.187372,10029.239578,52.206000
DDS_Publish,RUN,10029.239616,10029.289671,50.055000
DDS_Publish,RUN,10029.289728,10029.341175,51.447000
DDS_Publish,RUN,10029.341209,10029.392031,50.822000
DDS_Publish,RUN,10029.392084,10029.443717,51.633000
DDS_Publish,RUN,10029.443751,10029.474144,30.393000
DDS_Publish,RUN,10029.474180,10029.474503,0.323000
DDS_Publish,RUN,10029.474545,10029.494430,19.885000
DDS_Publish,RUN,10029.494487,10029.494679,0.192000
DDS_Publish,RUN,10029.494743,10029.495047,0.304000
DDS_Publish,RUN,10029.495080,10029.495397,0.317000
DDS_Publish,RUN,10029.495434,10029.539243,43.809000
DDS_Publish,RUN,10029.539323,10029.539569,0.246000
DDS_Publish,RUN,10029.539622,10029.546304,6.682000
DDS_Publish,RUN,10029.546337,10029.567612,21.275000
DDS_Publish,RUN,10029.567636,10029.593752,26.116000
DDS_Publish,RUN,10029.639640,10029.648838,9.198000
DDS_Publish,RUN,10029.648872,10029.699279,50.407000
DDS_Publish,RUN,10029.699329,10029.751417,52.088000
DDS_Publish,RUN,10029.751451,10029.777617,26.166000
DDS_Publish,RUN,10029.777620,10029.801660,24.040000
DDS_Publish,RUN,10029.801714,10029.823623,21.909000
DDS_Publish,RUN,10029.823630,10029.853981,30.351000
DDS_Publish,RUN,10029.854019,10029.862463,8.444000
DDS_Publish,RUN,10029.862536,10029.862726,0.190000
DDS_Publish,RUN,10029.862756,10029.864495,1.739000
DDS_Publish,RUN,10029.864531,10029.904053,39.522000
DDS_Publish,RUN,10029.904108,10029.955530,51.422000
DDS_Publish,RUN,10029.955567,10030.006463,50.896000
DDS_Publish,RUN,10030.006518,10030.015627,9.109000
DDS_Publish,RUN,10030.015634,10030.058107,42.473000
DDS_Publish,RUN,10030.058140,10030.092643,34.503000
DDS_Publish,RUN,10030.139774,10030.139783,0.009000
DDS_Publish,RUN,10030.139817,10030.140146,0.329000
DDS_Publish,RUN,10030.140183,10030.143635,3.452000
DDS_Publish,RUN,10030.143643,10030.144932,1.289000
DDS_Publish,RUN,10030.145162,10030.210632,65.470000
DDS_Publish,RUN,10030.210647,10030.211638,0.991000
DDS_Publish,RUN,10030.211881,10030.313703,101.822000
DDS_Publish,RUN,10030.313992,10030.335636,21.644000
DDS_Publish,RUN,10030.335642,10030.399641,63.999000
DDS_Publish,RUN,10030.399650,10030.416125,16.475000
DDS_Publish,RUN,10030.416363,10030.443640,27.277000
DDS_Publish,RUN,10030.443649,10030.460639,16.990000
DDS_Publish,RUN,10030.460642,10030.476639,15.997000
DDS_Publish,RUN,10030.476645,10030.518510,41.865000
DDS_Publish,RUN,10030.518750,10030.520946,2.196000
DDS_Publish,RUN,10030.521176,10030.523405,2.229000
DDS_Publish,RUN,10030.523635,10030.524012,0.377000
DDS_Publish,RUN,10030.524271,10030.524687,0.416000
DDS_Publish,RUN,10030.524759,10030.527656,2.897000
DDS_Publish,RUN,10030.527901,10030.539018,11.117000
DDS_Publish,RUN,10030.539246,10030.571644,32.398000
DDS_Publish,RUN,10030.571653,10030.591645,19.992000
DDS_Publish,RUN,10030.591686,10030.595235,3.549000
DDS_Publish,RUN,10030.639684,10030.642879,3.195000
DDS_Publish,RUN,10030.643130,10030.643664,0.534000
DDS_Publish,RUN,10030.643888,10030.656926,13.038000
DDS_Publish,RUN,10030.656992,10030.659925,2.933000
DDS_Publish,RUN,10030.660203,10030.674378,14.175000
DDS_Publish,RUN,10030.675027,10030.678325,3.298000
DDS_Publish,RUN,10030.678554,10030.681324,2.770000
DDS_Publish,RUN,10030.681830,10030.683859,2.029000
DDS_Publish,RUN,10030.684090,10030.684145,0.055000
DDS_Publish,RUN,10030.684216,10030.684532,0.316000
DDS_Publish,RUN,10030.684766,10030.695213,10.447000
DDS_Publish,RUN,10030.695441,10030.719656,24.215000
DDS_Publish,RUN,10030.719663,10030.723324,3.661000
DDS_Publish,RUN,10030.723565,10030.825701,102.136000
DDS_Publish,RUN,10030.825993,10030.847651,21.658000
DDS_Publish,RUN,10030.847656,10030.911654,63.998000
DDS_Publish,RUN,10030.911659,10030.928110,16.451000
DDS_Publish,RUN,10030.928351,10030.929159,0.808000
DDS_Publish,RUN,10030.929388,10030.929538,0.150000
DDS_Publish,RUN,10030.929813,10030.932235,2.422000
DDS_Publish,RUN,10030.932484,10030.932658,0.174000
DDS_Publish,RUN,10030.932696,10030.933015,0.319000
DDS_Publish,RUN,10030.933278,10030.948624,15.346000
DDS_Publish,RUN,10030.948853,10030.949474,0.621000
DDS_Publish,RUN,10030.949703,10030.975657,25.954000
DDS_Publish,RUN,10030.975662,10030.976656,0.994000
DDS_Publish,RUN,10030.976664,10030.993656,16.992000
DDS_Publish,RUN,10030.993663,10031.030534,36.871000
DDS_Publish,RUN,10031.030824,10031.039656,8.832000
DDS_Publish,RUN,10031.039665,10031.091912,52.247000
DDS_Publish,RUN,10031.139698,10031.160665,20.967000
DDS_Publish,RUN,10031.160676,10031.167661,6.985000
DDS_Publish,RUN,10031.167668,10031.235338,67.670000
DDS_Publish,RUN,10031.235579,10031.237167,1.588000
DDS_Publish,RUN,10031.237392,10031.239832,2.440000
DDS_Publish,RUN,10031.240058,10031.240964,0.906000
DDS_Publish,RUN,10031.241237,10031.241422,0.185000
DDS_Publish,RUN,10031.241454,10031.241789,0.335000
DDS_Publish,RUN,10031.242018,10031.256093,14.075000
DDS_Publish,RUN,10031.256324,10031.278668,22.344000
DDS_Publish,RUN,10031.278681,10031.314677,35.996000
DDS_Publish,RUN,10031.314688,10031.337776,23.088000
DDS_Publish,RUN,10031.338061,10031.359672,21.611000
DDS_Publish,RUN,10031.359680,10031.423674,63.994000
DDS_Publish,RUN,10031.423683,10031.440493,16.810000
DDS_Publish,RUN,10031.440808,10031.542715,101.907000
DDS_Publish,RUN,10031.542999,10031.551675,8.676000
DDS_Publish,RUN,10031.551682,10031.593321,41.639000
DDS_Publish,RUN,10031.639706,10031.644913,5.207000
DDS_Publish,RUN,10031.645154,10031.645994,0.840000
DDS_Publish,RUN,10031.646225,10031.646474,0.249000
DDS_Publish,RUN,10031.646705,10031.649187,2.482000
DDS_Publish,RUN,10031.649452,10031.649798,0.346000
DDS_Publish,RUN,10031.649871,10031.650212,0.341000
DDS_Publish,RUN,10031.650440,10031.665774,15.334000
DDS_Publish,RUN,10031.666004,10031.691754,25.750000
DDS_Publish,RUN,10031.691942,10031.691987,0.045000
DDS_Publish,RUN,10034.139791,10034.148501,8.710000
DDS_Publish,RUN,10034.148730,10034.204969,56.239000
DDS_Publish,RUN,10034.205210,10034.206167,0.957000
DDS_Publish,RUN,10034.206408,10034.225487,19.079000
DDS_Publish,RUN,10034.225716,10034.307391,81.675000
DDS_Publish,RUN,10034.307679,10034.308389,0.710000
DDS_Publish,RUN,10034.308619,10034.309917,1.298000
DDS_Publish,RUN,10034.310143,10034.313840,3.697000
DDS_Publish,RUN,10034.314341,10034.314374,0.033000
DDS_Publish,RUN,10034.314446,10034.314507,0.061000
DDS_Publish,RUN,10034.314536,10034.316738,2.202000
DDS_Publish,RUN,10034.316969,10034.327891,10.922000
DDS_Publish,RUN,10034.328168,10034.409793,81.625000
DDS_Publish,RUN,10034.410091,10034.410602,0.511000
DDS_Publish,RUN,10034.410872,10034.411644,0.772000
DDS_Publish,RUN,10034.411884,10034.412177,0.293000
DDS_Publish,RUN,10034.412505,10034.412636,0.131000
DDS_Publish,RUN,10034.412667,10034.415660,2.993000
DDS_Publish,RUN,10034.415934,10034.430286,14.352000
DDS_Publish,RUN,10034.430515,10034.432126,1.611000
DDS_Publish,RUN,10034.432363,10034.513017,80.654000
DDS_Publish,RUN,10034.513322,10034.603083,89.761000
DDS_Publish,RUN,10034.639806,10034.716970,77.164000
DDS_Publish,RUN,10034.717255,10034.819394,102.139000
DDS_Publish,RUN,10034.819684,10034.922324,102.640000
DDS_Publish,RUN,10034.922631,10035.024181,101.550000
DDS_Publish,RUN,10035.024470,10035.024980,0.510000
DDS_Publish,RUN,10035.025216,10035.031318,6.102000
DDS_Publish,RUN,10035.031544,10035.032382,0.838000
DDS_Publish,RUN,10035.032906,10035.032948,0.042000
DDS_Publish,RUN,10035.033023,10035.033344,0.321000
DDS_Publish,RUN,10035.033574,10035.044670,11.096000
DDS_Publish,RUN,10035.044901,10035.086614,41.713000
DDS_Publish,RUN,10035.086717,10035.094795,8.078000
DDS_Publish,RUN,10035.094808,10035.101923,7.115000
DDS_Publish,RUN,10035.139821,10035.199796,59.975000
DDS_Publish,RUN,10035.199803,10035.224099,24.296000
DDS_Publish,RUN,10035.224244,10035.224311,0.067000
DDS_Publish,RUN,10035.224441,10035.224604,0.163000
DDS_Publish,RUN,10035.224763,10035.224811,0.048000
DDS_Publish,RUN,10035.224932,10035.224978,0.046000
DDS_Publish,RUN,10035.225109,10035.225173,0.064000
DDS_Publish,RUN,10035.225297,10035.225342,0.045000
DDS_Publish,RUN,10035.225473,10035.225538,0.065000
DDS_Publish,RUN,10035.225638,10035.225938,0.300000
DDS_Publish,RUN,10035.226062,10035.226107,0.045000
DDS_Publish,RUN,10035.226239,10035.226307,0.068000
DDS_Publish,RUN,10035.226447,10035.226493,0.046000
DDS_Publish,RUN,10035.226620,10035.226752,0.132000
DDS_Publish,RUN,10035.226880,10035.226925,0.045000
DDS_Publish,RUN,10035.227050,10035.227198,0.148000
DDS_Publish,RUN,10035.227322,10035.227367,0.045000
DDS_Publish,RUN,10035.227493,10035.227626,0.133000
DDS_Publish,RUN,10035.227749,10035.227796,0.047000
DDS_Publish,RUN,10035.227925,10035.227960,0.035000
DDS_Publish,RUN,10035.228058,10035.228251,0.193000
DDS_Publish,RUN,10035.228384,10035.228458,0.074000
DDS_Publish,RUN,10035.228581,10035.228627,0.046000
DDS_Publish,RUN,10035.228760,10035.228834,0.074000
DDS_Publish,RUN,10035.228957,10035.228977,0.020000
DDS_Publish,RUN,10035.229453,10035.229599,0.146000
DDS_Publish,RUN,10035.229722,10035.229768,0.046000
DDS_Publish,RUN,10035.229898,10035.229925,0.027000
DDS_Publish,RUN,10035.230154,10035.231583,1.429000
DDS_Publish,RUN,10035.231683,10035.249725,18.042000
DDS_Publish,RUN,10035.249954,10035.263798,13.844000
DDS_Publish,RUN,10035.263804,10035.331393,67.589000
DDS_Publish,RUN,10035.331634,10035.332301,0.667000
DDS_Publish,RUN,10035.332531,10035.332681,0.150000
DDS_Publish,RUN,10035.332955,10035.335495,2.540000
DDS_Publish,RUN,10035.335800,10035.335926,0.126000
DDS_Publish,RUN,10035.335958,10035.336293,0.335000
DDS_Publish,RUN,10035.336523,10035.351901,15.378000
DDS_Publish,RUN,10035.352136,10035.352818,0.682000
DDS_Publish,RUN,10035.353048,10035.391803,38.755000
DDS_Publish,RUN,10035.391809,10035.435972,44.163000
DDS_Publish,RUN,10035.436213,10035.455805,19.592000
DDS_Publish,RUN,10035.455810,10035.519805,63.995000
DDS_Publish,RUN,10035.519810,10035.536212,16.402000
DDS_Publish,RUN,10035.536455,10035.537032,0.577000
DDS_Publish,RUN,10035.537253,10035.556714,19.461000
DDS_Publish,RUN,10035.556950,10035.583824,26.874000
DDS_Publish,RUN,10035.583847,10035.600889,17.042000
DDS_Publish,RUN,10035.639841,10035.659135,19.294000
DDS_Publish,RUN,10035.659412,10035.665812,6.400000
DDS_Publish,RUN,10035.665826,10035.697237,31.411000
DDS_Publish,RUN,10035.697375,10035.697420,0.045000
DDS_Publish,RUN,10035.697547,10035.697859,0.312000
DDS_Publish,RUN,10035.697984,10035.698030,0.046000
DDS_Publish,RUN,10035.698154,10035.698293,0.139000
DDS_Publish,RUN,10035.698417,10035.698463,0.046000
DDS_Publish,RUN,10035.698588,10035.699207,0.619000
DDS_Publish,RUN,10035.699306,10035.741128,41.822000
DDS_Publish,RUN,10035.741369,10035.742226,0.857000
DDS_Publish,RUN,10035.742458,10035.761620,19.162000
DDS_Publish,RUN,10035.761851,10035.775816,13.965000
DDS_Publish,RUN,10035.775841,10035.843415,67.574000
DDS_Publish,RUN,10035.843704,10035.844275,0.571000
DDS_Publish,RUN,10035.844501,10035.844792,0.291000
DDS_Publish,RUN,10035.845019,10035.848076,3.057000
DDS_Publish,RUN,10035.848298,10035.848300,0.002000
DDS_Publish,RUN,10035.848801,10035.849098,0.297000
DDS_Publish,RUN,10035.849326,10035.863905,14.579000
DDS_Publish,RUN,10035.864185,10035.891400,27.215000
DDS_Publish,RUN,10035.891427,10035.891995,0.568000
DDS_Publish,RUN,10035.892231,10035.912116,19.885000
DDS_Publish,RUN,10035.912393,10035.945805,33.412000
DDS_Publish,RUN,10035.946100,10035.958825,12.725000
DDS_Publish,RUN,10035.958829,10035.967820,8.991000
DDS_Publish,RUN,10035.967824,10035.992825,25.001000
DDS_Publish,RUN,10035.992830,10036.048322,55.492000
DDS_Publish,RUN,10036.048611,10036.049148,0.537000
DDS_Publish,RUN,10036.049379,10036.068854,19.475000
DDS_Publish,RUN,10036.069084,10036.095830,26.746000
DDS_Publish,RUN,10036.095882,10036.111558,15.676000
DDS_Publish,RUN,10036.139989,10036.150635,10.646000
DDS_Publish,RUN,10036.150935,10036.151479,0.544000
DDS_Publish,RUN,10036.151709,10036.159830,8.121000
DDS_Publish,RUN,10036.159839,10036.160078,0.239000
DDS_Publish,RUN,10036.160113,10036.160263,0.150000
DDS_Publish,RUN,10036.160293,10036.160411,0.118000
DDS_Publish,RUN,10036.160593,10036.160827,0.234000
DDS_Publish,RUN,10036.160838,10036.161605,0.767000
DDS_Publish,RUN,10036.161841,10036.184849,23.008000
DDS_Publish,RUN,10036.185090,10036.241837,56.747000
DDS_Publish,RUN,10036.241843,10036.253021,11.178000
DDS_Publish,RUN,10036.253260,10036.253887,0.627000
DDS_Publish,RUN,10036.254111,10036.254503,0.392000
DDS_Publish,RUN,10036.254734,10036.257266,2.532000
DDS_Publish,RUN,10036.257789,10036.258067,0.278000
DDS_Publish,RUN,10036.258145,10036.258454,0.309000
DDS_Publish,RUN,10036.258725,10036.273542,14.817000
DDS_Publish,RUN,10036.273817,10036.287833,14.016000
DDS_Publish,RUN,10036.287841,10036.291834,3.993000
DDS_Publish,RUN,10036.291839,10036.310832,18.993000
DDS_Publish,RUN,10036.310844,10036.351836,40.992000
DDS_Publish,RUN,10036.351844,10036.355396,3.552000
DDS_Publish,RUN,10036.355687,10036.356313,0.626000
DDS_Publish,RUN,10036.356544,10036.375906,19.362000
DDS_Publish,RUN,10036.376176,10036.403947,27.771000
DDS_Publish,RUN,10036.404186,10036.415836,11.650000
DDS_Publish,RUN,10036.415844,10036.419486,3.642000
DDS_Publish,RUN,10036.419488,10036.441841,22.353000
DDS_Publish,RUN,10036.441846,10036.491841,49.995000
DDS_Publish,RUN,10036.491853,10036.543841,51.988000
DDS_Publish,RUN,10036.543846,10036.560223,16.377000
DDS_Publish,RUN,10036.560463,10036.562177,1.714000
DDS_Publish,RUN,10036.562407,10036.565651,3.244000
DDS_Publish,RUN,10036.565884,10036.567005,1.121000
DDS_Publish,RUN,10036.567262,10036.577841,10.579000
DDS_Publish,RUN,10036.577845,10036.578839,0.994000
DDS_Publish,RUN,10036.578849,10036.591843,12.994000
DDS_Publish,RUN,10036.591850,10036.600428,8.578000
DDS_Publish,RUN,10036.600657,10036.605676,5.019000
DDS_Publish,RUN,10036.639872,10036.643315,3.443000
DDS_Publish,RUN,10036.643385,10036.643737,0.352000
DDS_Publish,RUN,10036.643968,10036.657293,13.325000
DDS_Publish,RUN,10036.657360,10036.657722,0.362000
DDS_Publish,RUN,10036.658001,10036.662618,4.617000
DDS_Publish,RUN,10036.662868,10036.664023,1.155000
DDS_Publish,RUN,10036.664278,10036.664835,0.557000
DDS_Publish,RUN,10036.665069,10036.735849,70.780000
DDS_Publish,RUN,10036.735860,10036.765023,29.163000
DDS_Publish,RUN,10036.765272,10036.765885,0.613000
DDS_Publish,RUN,10036.766115,10036.785529,19.414000
DDS_Publish,RUN,10036.785759,10036.828106,42.347000
DDS_Publish,RUN,10036.828132,10036.828180,0.048000
DDS_Publish,RUN,10036.828207,10036.828713,0.506000
DDS_Publish,RUN,10036.828943,10036.845176,16.233000
DDS_Publish,RUN,10036.845402,10036.848663,3.261000
DDS_Publish,RUN,10036.848894,10036.863850,14.956000
DDS_Publish,RUN,10036.863856,10036.874626,10.770000
DDS_Publish,RUN,10036.874869,10036.875850,0.981000
DDS_Publish,RUN,10036.875853,10036.877431,1.578000
DDS_Publish,RUN,10036.877660,10036.895105,17.445000
DDS_Publish,RUN,10036.895335,10036.969808,74.473000
DDS_Publish,RUN,10036.970102,10036.970642,0.540000
DDS_Publish,RUN,10036.970870,10036.971206,0.336000
DDS_Publish,RUN,10036.971443,10036.972081,0.638000
DDS_Publish,RUN,10036.972651,10036.975929,3.278000
DDS_Publish,RUN,10036.976157,10036.991005,14.848000
DDS_Publish,RUN,10036.991235,10036.991855,0.620000
DDS_Publish,RUN,10036.991861,10036.994854,2.993000
DDS_Publish,RUN,10036.994864,10037.055858,60.994000
DDS_Publish,RUN,10037.055871,10037.072314,16.443000
DDS_Publish,RUN,10037.072592,10037.108728,36.136000
DDS_Publish,RUN,10037.139889,10037.141861,1.972000
DDS_Publish,RUN,10037.141871,10037.174620,32.749000
DDS_Publish,RUN,10037.174916,10037.175426,0.510000
DDS_Publish,RUN,10037.175651,10037.176555,0.904000
DDS_Publish,RUN,10037.176785,10037.179755,2.970000
DDS_Publish,RUN,10037.180053,10037.180296,0.243000
DDS_Publish,RUN,10037.180370,10037.182229,1.859000
DDS_Publish,RUN,10037.182457,10037.183862,1.405000
DDS_Publish,RUN,10037.183872,10037.195137,11.265000
DDS_Publish,RUN,10037.195366,10037.247864,52.498000
DDS_Publish,RUN,10037.247870,10037.277033,29.163000
DDS_Publish,RUN,10037.277325,10037.277864,0.539000
DDS_Publish,RUN,10037.277868,10037.311865,33.997000
DDS_Publish,RUN,10037.311870,10037.375867,63.997000
DDS_Publish,RUN,10037.375874,10037.379872,3.998000
DDS_Publish,RUN,10037.380112,10037.380799,0.687000
DDS_Publish,RUN,10037.381029,10037.381422,0.393000
DDS_Publish,RUN,10037.381652,10037.381977,0.325000
DDS_Publish,RUN,10037.382273,10037.382442,0.169000
DDS_Publish,RUN,10037.382470,10037.384195,1.725000
DDS_Publish,RUN,10037.384466,10037.400384,15.918000
DDS_Publish,RUN,10037.400613,10037.484630,84.017000
DDS_Publish,RUN,10037.484879,10037.503871,18.992000
DDS_Publish,RUN,10037.503877,10037.540874,36.997000
DDS_Publish,RUN,10037.540878,10037.567871,26.993000
DDS_Publish,RUN,10037.567875,10037.584724,16.849000
DDS_Publish,RUN,10037.584966,10037.604064,19.098000
DDS_Publish,RUN,10037.639914,10037.664884,24.970000
DDS_Publish,RUN,10037.664889,10037.686653,21.764000
DDS_Publish,RUN,10037.686895,10037.687483,0.588000
DDS_Publish,RUN,10037.687713,10037.688222,0.509000
DDS_Publish,RUN,10037.688448,10037.688776,0.328000
DDS_Publish,RUN,10037.689087,10037.689305,0.218000
DDS_Publish,RUN,10037.689385,10037.690991,1.606000
DDS_Publish,RUN,10037.691262,10037.707143,15.881000
DDS_Publish,RUN,10037.707363,10037.789040,81.677000
DDS_Publish,RUN,10037.789363,10037.800094,10.731000
DDS_Publish,RUN,10037.800119,10037.800170,0.051000
DDS_Publish,RUN,10037.800196,10037.802355,2.159000
DDS_Publish,RUN,10037.802585,10037.821053,18.468000
DDS_Publish,RUN,10037.821286,10037.823885,2.599000
DDS_Publish,RUN,10037.823893,10037.891432,67.539000
DDS_Publish,RUN,10037.891727,10037.892459,0.732000
DDS_Publish,RUN,10037.892690,10037.892856,0.166000
DDS_Publish,RUN,10037.893126,10037.895624,2.498000
DDS_Publish,RUN,10037.896149,10037.896431,0.282000
DDS_Publish,RUN,10037.896659,10037.897888,1.229000
DDS_Publish,RUN,10037.898118,10037.915498,17.380000
DDS_Publish,RUN,10037.915774,10037.993860,78.086000
DDS_Publish,RUN,10037.994159,10038.015890,21.731000
DDS_Publish,RUN,10038.015899,10038.042893,26.994000
DDS_Publish,RUN,10038.042904,10038.079894,36.990000
DDS_Publish,RUN,10038.079899,10038.091891,11.992000
DDS_Publish,RUN,10038.091895,10038.096254,4.359000
DDS_Publish,RUN,10038.096504,10038.097170,0.666000
DDS_Publish,RUN,10038.097396,10038.097793,0.397000
DDS_Publish,RUN,10038.098029,10038.100407,2.378000
DDS_Publish,RUN,10038.100942,10038.101118,0.176000
DDS_Publish,RUN,10038.101191,10038.102860,1.669000
DDS_Publish,RUN,10038.103083,10038.123388,20.305000
DDS_Publish,RUN,10038.139924,10038.142894,2.970000
DDS_Publish,RUN,10038.142905,10038.143897,0.992000
DDS_Publish,RUN,10038.143936,10038.149878,5.942000
DDS_Publish,RUN,10038.149913,10038.150060,0.147000
DDS_Publish,RUN,10038.150110,10038.150197,0.087000
DDS_Publish,RUN,10038.150367,10038.154231,3.864000
DDS_Publish,RUN,10038.154462,10038.191574,37.112000
DDS_Publish,RUN,10038.191601,10038.191604,0.003000
DDS_Publish,RUN,10038.191674,10038.192176,0.502000
DDS_Publish,RUN,10038.192408,10038.192711,0.303000
DDS_Publish,RUN,10038.192941,10038.198734,5.793000
DDS_Publish,RUN,10038.199025,10038.212149,13.124000
DDS_Publish,RUN,10038.212378,10038.223899,11.521000
DDS_Publish,RUN,10038.223903,10038.301051,77.148000
DDS_Publish,RUN,10038.301343,10038.301951,0.608000
DDS_Publish,RUN,10038.302181,10038.302491,0.310000
DDS_Publish,RUN,10038.302722,10038.305093,2.371000
DDS_Publish,RUN,10038.305613,10038.305634,0.021000
DDS_Publish,RUN,10038.305709,10038.306037,0.328000
DDS_Publish,RUN,10038.306267,10038.321543,15.276000
DDS_Publish,RUN,10038.321777,10038.336054,14.277000
DDS_Publish,RUN,10038.336058,10038.403469,67.411000
DDS_Publish,RUN,10038.403757,10038.404374,0.617000
DDS_Publish,RUN,10038.404600,10038.423968,19.368000
DDS_Publish,RUN,10038.424238,10038.505861,81.623000
DDS_Publish,RUN,10038.506168,10038.506805,0.637000
DDS_Publish,RUN,10038.507045,10038.510906,3.861000
DDS_Publish,RUN,10038.510915,10038.517659,6.744000
DDS_Publish,RUN,10038.517886,10038.518313,0.427000
DDS_Publish,RUN,10038.518795,10038.519039,0.244000
DDS_Publish,RUN,10038.519115,10038.519818,0.703000
DDS_Publish,RUN,10038.520055,10038.526357,6.302000
DDS_Publish,RUN,10038.526585,10038.536266,9.681000
DDS_Publish,RUN,10038.536494,10038.591909,55.415000
DDS_Publish,RUN,10038.591918,10038.608236,16.318000
DDS_Publish,RUN,10038.608477,10038.611256,2.779000
DDS_Publish,RUN,10038.639940,10038.655915,15.975000
DDS_Publish,RUN,10038.655928,10038.709911,53.983000
DDS_Publish,RUN,10038.709922,10038.710784,0.862000
DDS_Publish,RUN,10038.711031,10038.711589,0.558000
DDS_Publish,RUN,10038.711819,10038.712050,0.231000
DDS_Publish,RUN,10038.712281,10038.714899,2.618000
DDS_Publish,RUN,10038.715444,10038.715713,0.269000
DDS_Publish,RUN,10038.715946,10038.719911,3.965000
DDS_Publish,RUN,10038.719918,10038.731272,11.354000
DDS_Publish,RUN,10038.731500,10038.791914,60.414000
DDS_Publish,RUN,10038.791926,10038.813298,21.372000
DDS_Publish,RUN,10038.813538,10038.814513,0.975000
DDS_Publish,RUN,10038.814766,10038.847915,33.149000
DDS_Publish,RUN,10038.847920,10038.911918,63.998000
DDS_Publish,RUN,10038.911924,10038.915441,3.517000
DDS_Publish,RUN,10038.915691,10038.916493,0.802000
DDS_Publish,RUN,10038.916747,10038.975919,59.172000
DDS_Publish,RUN,10038.975924,10039.018584,42.660000
DDS_Publish,RUN,10039.018825,10039.025637,6.812000
DDS_Publish,RUN,10039.025868,10039.026016,0.148000
DDS_Publish,RUN,10039.026292,10039.026619,0.327000
DDS_Publish,RUN,10039.026925,10039.026985,0.060000
DDS_Publish,RUN,10039.027053,10039.028474,1.421000
DDS_Publish,RUN,10039.028702,10039.039089,10.387000
DDS_Publish,RUN,10039.039369,10039.039939,0.570000
DDS_Publish,RUN,10039.039965,10039.041921,1.956000
DDS_Publish,RUN,10039.041923,10039.106366,64.443000
DDS_Publish,RUN,10039.139955,10039.159930,19.975000
DDS_Publish,RUN,10039.159943,10039.167926,7.983000
DDS_Publish,RUN,10039.167972,10039.223334,55.362000
DDS_Publish,RUN,10039.223629,10039.224182,0.553000
DDS_Publish,RUN,10039.224413,10039.224643,0.230000
DDS_Publish,RUN,10039.224873,10039.231929,7.056000
DDS_Publish,RUN,10039.231935,10039.232368,0.433000
DDS_Publish,RUN,10039.232625,10039.232832,0.207000
DDS_Publish,RUN,10039.232901,10039.233213,0.312000
DDS_Publish,RUN,10039.233439,10039.243833,10.394000
DDS_Publish,RUN,10039.244067,10039.249675,5.608000
DDS_Publish,RUN,10039.249903,10039.325046,75.143000
DDS_Publish,RUN,10039.325331,10039.359933,34.602000
DDS_Publish,RUN,10039.359938,10039.427456,67.518000
DDS_Publish,RUN,10039.427746,10039.460941,33.195000
DDS_Publish,RUN,10039.460945,10039.529852,68.907000
DDS_Publish,RUN,10039.530142,10039.552050,21.908000
DDS_Publish,RUN,10039.552056,10039.604812,52.756000
DDS_Publish,RUN,10039.639971,10039.643459,3.488000
DDS_Publish,RUN,10039.643533,10039.643879,0.346000
DDS_Publish,RUN,10039.644115,10039.644570,0.455000
DDS_Publish,RUN,10039.644804,10039.645161,0.357000
DDS_Publish,RUN,10039.645458,10039.657399,11.941000
DDS_Publish,RUN,10039.657462,10039.658554,1.092000
DDS_Publish,RUN,10039.658784,10039.659035,0.251000
DDS_Publish,RUN,10039.659276,10039.683890,24.614000
DDS_Publish,RUN,10039.684170,10039.703287,19.117000
DDS_Publish,RUN,10039.703420,10039.703465,0.045000
DDS_Publish,RUN,10039.703591,10039.703855,0.264000
DDS_Publish,RUN,10039.704001,10039.704046,0.045000
DDS_Publish,RUN,10039.704190,10039.704327,0.137000
DDS_Publish,RUN,10039.704451,10039.704496,0.045000
DDS_Publish,RUN,10039.704622,10039.705247,0.625000
DDS_Publish,RUN,10039.705346,10039.734674,29.328000
DDS_Publish,RUN,10039.734946,10039.787687,52.741000
DDS_Publish,RUN,10039.787713,10039.787762,0.049000
DDS_Publish,RUN,10039.787789,10039.788262,0.473000
DDS_Publish,RUN,10039.788491,10039.790095,1.604000
DDS_Publish,RUN,10039.790313,10039.790646,0.333000
DDS_Publish,RUN,10039.790855,10039.790866,0.011000
DDS_Publish,RUN,10039.790937,10039.791266,0.329000
DDS_Publish,RUN,10039.791459,10039.803623,12.164000
DDS_Publish,RUN,10039.803850,10039.807949,4.099000
DDS_Publish,RUN,10039.807956,10039.828003,20.047000
DDS_Publish,RUN,10039.828247,10039.837071,8.824000
DDS_Publish,RUN,10039.837312,10039.838106,0.794000
DDS_Publish,RUN,10039.838361,10039.848337,9.976000
DDS_Publish,RUN,10039.848415,10039.850158,1.743000
DDS_Publish,RUN,10039.850389,10039.851000,0.611000
DDS_Publish,RUN,10039.851220,10039.939474,88.254000
DDS_Publish,RUN,10039.939759,10039.999956,60.197000
DDS_Publish,RUN,10039.999963,10040.041870,41.907000
DDS_Publish,RUN,10040.042073,10040.043199,1.126000
DDS_Publish,RUN,10040.043424,10040.043977,0.553000
DDS_Publish,RUN,10040.044205,10040.049052,4.847000
DDS_Publish,RUN,10040.049270,10040.049605,0.335000
DDS_Publish,RUN,10040.049833,10040.050024,0.191000
DDS_Publish,RUN,10040.050055,10040.050570,0.515000
DDS_Publish,RUN,10040.050760,10040.057587,6.827000
DDS_Publish,RUN,10040.057868,10040.058143,0.275000
DDS_Publish,RUN,10040.058213,10040.058536,0.323000
DDS_Publish,RUN,10040.058765,10040.062395,3.630000
DDS_Publish,RUN,10040.062623,10040.127959,65.336000
DDS_Publish,RUN,10040.127969,10040.129056,1.087000
DDS_Publish,RUN,10040.129132,10040.129200,0.068000
DDS_Publish,RUN,10040.129243,10040.129259,0.016000
DDS_Publish,RUN,10040.129292,10040.130420,1.128000
DDS_Publish,RUN,10040.130650,10040.140808,10.158000
DDS_Publish,RUN,10040.140811,10040.144280,3.469000
DDS_Publish,RUN,10040.144503,10040.145111,0.608000
DDS_Publish,RUN,10040.145340,10040.164805,19.465000
DDS_Publish,RUN,10040.165029,10040.191964,26.935000
DDS_Publish,RUN,10040.192002,10040.246666,54.664000
DDS_Publish,RUN,10040.246963,10040.247583,0.620000
DDS_Publish,RUN,10040.247814,10040.267156,19.342000
DDS_Publish,RUN,10040.267384,10040.325969,58.585000
DDS_Publish,RUN,10040.325973,10040.343965,17.992000
DDS_Publish,RUN,10040.343967,10040.349082,5.115000
DDS_Publish,RUN,10040.349321,10040.349942,0.621000
DDS_Publish,RUN,10040.350166,10040.360966,10.800000
DDS_Publish,RUN,10040.360968,10040.369588,8.620000
DDS_Publish,RUN,10040.369811,10040.383965,14.154000
DDS_Publish,RUN,10040.383970,10040.419617,35.647000
DDS_Publish,RUN,10040.419619,10040.451486,31.867000
DDS_Publish,RUN,10040.451699,10040.452391,0.692000
DDS_Publish,RUN,10040.452592,10040.471986,19.394000
DDS_Publish,RUN,10040.472224,10040.553869,81.645000
DDS_Publish,RUN,10040.554082,10040.554679,0.597000
DDS_Publish,RUN,10040.554883,10040.574359,19.476000
DDS_Publish,RUN,10040.574581,10040.575976,1.395000
DDS_Publish,RUN,10040.575987,10040.604933,28.946000
DDS_Publish,RUN,10040.604959,10040.605005,0.046000
DDS_Publish,RUN,10040.605033,10040.605551,0.518000
DDS_Publish,RUN,10040.605777,10040.613635,7.858000
DDS_Publish,RUN,10040.640002,10040.647145,7.143000
DDS_Publish,RUN,10040.647358,10040.656280,8.922000
DDS_Publish,RUN,10040.656570,10040.657379,0.809000
DDS_Publish,RUN,10040.657623,10040.658569,0.946000
DDS_Publish,RUN,10040.658799,10040.703982,45.183000
DDS_Publish,RUN,10040.703991,10040.706977,2.986000
DDS_Publish,RUN,10040.706990,10040.758679,51.689000
DDS_Publish,RUN,10040.758967,10040.810983,52.016000
DDS_Publish,RUN,10040.810996,10040.826981,15.985000
DDS_Publish,RUN,10040.826988,10040.831978,4.990000
DDS_Publish,RUN,10040.831981,10040.861096,29.115000
DDS_Publish,RUN,10040.861336,10040.861905,0.569000
DDS_Publish,RUN,10040.862130,10040.881584,19.454000
DDS_Publish,RUN,10040.881813,10040.895985,14.172000
DDS_Publish,RUN,10040.895992,10040.963463,67.471000
DDS_Publish,RUN,10040.963671,10040.964344,0.673000
DDS_Publish,RUN,10040.964555,10040.983984,19.429000
DDS_Publish,RUN,10040.984260,10041.023992,39.732000
DDS_Publish,RUN,10041.024009,10041.065882,41.873000
DDS_Publish,RUN,10041.066148,10041.067356,1.208000
DDS_Publish,RUN,10041.067616,10041.068133,0.517000
DDS_Publish,RUN,10041.068362,10041.106085,37.723000
DDS_Publish,RUN,10041.106355,10041.137153,30.798000
DDS_Publish,RUN,10041.140025,10041.151996,11.971000
DDS_Publish,RUN,10041.152005,10041.168298,16.293000
DDS_Publish,RUN,10041.168538,10041.169206,0.668000
DDS_Publish,RUN,10041.169437,10041.188817,19.380000
DDS_Publish,RUN,10041.189105,10041.216001,26.896000
DDS_Publish,RUN,10041.216047,10041.240013,23.966000
DDS_Publish,RUN,10041.240043,10041.240088,0.045000
DDS_Publish,RUN,10041.240113,10041.240606,0.493000
DDS_Publish,RUN,10041.240841,10041.257009,16.168000
DDS_Publish,RUN,10041.257013,10041.260598,3.585000
DDS_Publish,RUN,10041.260873,10041.270909,10.036000
DDS_Publish,RUN,10041.271200,10041.271781,0.581000
DDS_Publish,RUN,10041.272007,10041.279993,7.986000
DDS_Publish,RUN,10041.279999,10041.291401,11.402000
DDS_Publish,RUN,10041.291625,10041.312994,21.369000
DDS_Publish,RUN,10041.313004,10041.343997,30.993000
DDS_Publish,RUN,10041.344002,10041.373115,29.113000
DDS_Publish,RUN,10041.373356,10041.373946,0.590000
DDS_Publish,RUN,10041.374176,10041.374444,0.268000
DDS_Publish,RUN,10041.374669,10041.377280,2.611000
DDS_Publish,RUN,10041.377817,10041.377982,0.165000
DDS_Publish,RUN,10041.378012,10041.378345,0.333000
DDS_Publish,RUN,10041.378574,10041.393621,15.047000
DDS_Publish,RUN,10041.393851,10041.475494,81.643000
DDS_Publish,RUN,10041.475716,10041.476314,0.598000
DDS_Publish,RUN,10041.476526,10041.496013,19.487000
DDS_Publish,RUN,10041.496213,10041.506006,9.793000
DDS_Publish,RUN,10041.506011,10041.536003,29.992000
DDS_Publish,RUN,10041.536008,10041.574006,37.998000
DDS_Publish,RUN,10041.574018,10041.577901,3.883000
DDS_Publish,RUN,10041.578142,10041.578739,0.597000
DDS_Publish,RUN,10041.578969,10041.598385,19.416000
DDS_Publish,RUN,10041.598574,10041.600005,1.431000
DDS_Publish,RUN,10041.600010,10041.637985,37.975000
DDS_Publish,RUN,10041.640037,10041.649011,8.974000
DDS_Publish,RUN,10041.649027,10041.680323,31.296000
DDS_Publish,RUN,10041.680563,10041.681177,0.614000
DDS_Publish,RUN,10041.681410,10041.695542,14.132000
DDS_Publish,RUN,10041.695616,10041.695948,0.332000
DDS_Publish,RUN,10041.696177,10041.700822,4.645000
DDS_Publish,RUN,10041.701053,10041.773012,71.959000
DDS_Publish,RUN,10041.773023,10041.782686,9.663000
DDS_Publish,RUN,10041.782928,10041.783600,0.672000
DDS_Publish,RUN,10041.783829,10041.792013,8.184000
DDS_Publish,RUN,10041.792018,10041.803161,11.143000
DDS_Publish,RUN,10041.803390,10041.885099,81.709000
DDS_Publish,RUN,10041.885389,10041.885956,0.567000
DDS_Publish,RUN,10041.886186,10041.905599,19.413000
DDS_Publish,RUN,10041.905826,10041.955495,49.669000
DDS_Publish,RUN,10041.955521,10041.956073,0.552000
DDS_Publish,RUN,10041.956304,10041.972536,16.232000
DDS_Publish,RUN,10041.972806,10041.984138,11.332000
DDS_Publish,RUN,10041.984144,10041.987519,3.375000
DDS_Publish,RUN,10041.987815,10041.991019,3.204000
DDS_Publish,RUN,10041.991022,10042.008066,17.044000
DDS_Publish,RUN,10042.008298,10042.008860,0.562000
DDS_Publish,RUN,10042.009091,10042.048022,38.931000
DDS_Publish,RUN,10042.048028,10042.095926,47.898000
DDS_Publish,RUN,10042.096215,10042.098845,2.630000
DDS_Publish,RUN,10042.099071,10042.112023,12.952000
DDS_Publish,RUN,10042.112028,10042.112277,0.249000
DDS_Publish,RUN,10042.112308,10042.112422,0.114000
DDS_Publish,RUN,10042.112471,10042.112566,0.095000
DDS_Publish,RUN,10042.112745,10042.113653,0.908000
DDS_Publish,RUN,10042.113926,10042.117760,3.834000
DDS_Publish,RUN,10042.140068,10042.160024,19.956000
DDS_Publish,RUN,10042.160029,10042.176024,15.995000
DDS_Publish,RUN,10042.176030,10042.192322,16.292000
DDS_Publish,RUN,10042.192563,10042.193185,0.622000
DDS_Publish,RUN,10042.193406,10042.207027,13.621000
DDS_Publish,RUN,10042.207053,10042.212842,5.789000
DDS_Publish,RUN,10042.213088,10042.216636,3.548000
DDS_Publish,RUN,10042.216708,10042.217056,0.348000
DDS_Publish,RUN,10042.217328,10042.237211,19.883000
DDS_Publish,RUN,10042.237438,10042.240027,2.589000
DDS_Publish,RUN,10042.240067,10042.272193,32.126000
DDS_Publish,RUN,10042.272301,10042.274144,1.843000
DDS_Publish,RUN,10042.274257,10042.294710,20.453000
DDS_Publish,RUN,10042.295048,10042.295094,0.046000
DDS_Publish,RUN,10042.295211,10042.295374,0.163000
DDS_Publish,RUN,10042.295497,10042.295543,0.046000
DDS_Publish,RUN,10042.295670,10042.295804,0.134000
DDS_Publish,RUN,10042.295928,10042.295974,0.046000
DDS_Publish,RUN,10042.296120,10042.296349,0.229000
DDS_Publish,RUN,10042.296578,10042.296707,0.129000
DDS_Publish,RUN,10042.296788,10042.315208,18.420000
DDS_Publish,RUN,10042.315439,10042.368031,52.592000
DDS_Publish,RUN,10042.368037,10042.397114,29.077000
DDS_Publish,RUN,10042.397406,10042.398022,0.616000
DDS_Publish,RUN,10042.398252,10042.398467,0.215000
DDS_Publish,RUN,10042.398695,10042.401076,2.381000
DDS_Publish,RUN,10042.401713,10042.401715,0.002000
DDS_Publish,RUN,10042.402761,10042.402786,0.025000
DDS_Publish,RUN,10042.403064,10042.418163,15.099000
DDS_Publish,RUN,10042.418392,10042.432034,13.642000
DDS_Publish,RUN,10042.432041,10042.474034,41.993000
DDS_Publish,RUN,10042.474045,10042.499509,25.464000
DDS_Publish,RUN,10042.499798,10042.500383,0.585000
DDS_Publish,RUN,10042.500612,10042.500923,0.311000
DDS_Publish,RUN,10042.501150,10042.503561,2.411000
DDS_Publish,RUN,10042.503858,10042.523940,20.082000
DDS_Publish,RUN,10042.524015,10042.525444,1.429000
DDS_Publish,RUN,10042.525672,10042.539709,14.037000
DDS_Publish,RUN,10042.539978,10042.560037,20.059000
DDS_Publish,RUN,10042.560042,10042.574037,13.995000
DDS_Publish,RUN,10042.574047,10042.601916,27.869000
DDS_Publish,RUN,10042.602167,10042.616803,14.636000
DDS_Publish,RUN,10042.640067,10042.643751,3.684000
DDS_Publish,RUN,10042.643825,10042.644188,0.363000
DDS_Publish,RUN,10042.644420,10042.657557,13.137000
DDS_Publish,RUN,10042.657620,10042.658400,0.780000
DDS_Publish,RUN,10042.658629,10042.660678,2.049000
DDS_Publish,RUN,10042.660907,10042.664488,3.581000
DDS_Publish,RUN,10042.664717,10042.690042,25.325000
DDS_Publish,RUN,10042.690046,10042.704334,14.288000
DDS_Publish,RUN,10042.704577,10042.752045,47.468000
DDS_Publish,RUN,10042.752052,10042.773043,20.991000
DDS_Publish,RUN,10042.773052,10042.806725,33.673000
DDS_Publish,RUN,10042.806977,10042.857047,50.070000
DDS_Publish,RUN,10042.857051,10042.874046,16.995000
DDS_Publish,RUN,10042.874054,10042.880046,5.992000
DDS_Publish,RUN,10042.880050,10042.913429,33.379000
DDS_Publish,RUN,10042.913670,10042.923047,9.377000
DDS_Publish,RUN,10042.923055,10042.956049,32.994000
DDS_Publish,RUN,10042.956055,10043.008053,51.998000
DDS_Publish,RUN,10043.008062,10043.011524,3.462000
DDS_Publish,RUN,10043.011765,10043.047010,35.245000
DDS_Publish,RUN,10043.047036,10043.047084,0.048000
DDS_Publish,RUN,10043.047111,10043.047578,0.467000
DDS_Publish,RUN,10043.047807,10043.048033,0.226000
DDS_Publish,RUN,10043.048264,10043.048892,0.628000
DDS_Publish,RUN,10043.049376,10043.072054,22.678000
DDS_Publish,RUN,10043.072064,10043.099564,27.500000
DDS_Publish,RUN,10043.099826,10043.099978,0.152000
DDS_Publish,RUN,10043.100008,10043.100323,0.315000
DDS_Publish,RUN,10043.100552,10043.107054,6.502000
DDS_Publish,RUN,10043.107057,10043.111473,4.416000
DDS_Publish,RUN,10043.140084,10043.200057,59.973000
DDS_Publish,RUN,10043.200064,10043.216322,16.258000
DDS_Publish,RUN,10043.216561,10043.264064,47.503000
DDS_Publish,RUN,10043.264106,10043.318728,54.622000
DDS_Publish,RUN,10043.318968,10043.319710,0.742000
DDS_Publish,RUN,10043.319936,10046.698016,3378.080000
DDS_Publish,RUN,10046.640200,10046.800408,160.208000
DDS_Publish,RUN,10046.698312,10046.902776,204.464000
DDS_Publish,RUN,10046.800701,10046.903908,103.207000
DDS_Publish,RUN,10046.903007,10046.904375,1.368000
DDS_Publish,RUN,10046.904116,10046.908300,4.184000
DDS_Publish,RUN,10046.904593,10046.908751,4.158000
DDS_Publish,RUN,10046.908601,10046.909284,0.683000
DDS_Publish,RUN,10046.908782,10046.923298,14.516000
DDS_Publish,RUN,10046.909548,10047.005500,95.952000
DDS_Publish,RUN,10046.923572,10047.107606,184.034000
DDS_Publish,RUN,10047.005767,10047.124917,119.150000
DDS_Publish,RUN,10047.107895,10047.210259,102.364000
DDS_Publish,RUN,10047.140214,10047.312407,172.193000
DDS_Publish,RUN,10047.210537,10047.314981,104.444000
DDS_Publish,RUN,10047.312700,10047.414795,102.095000
DDS_Publish,RUN,10047.315296,10047.517202,201.906000
DDS_Publish,RUN,10047.415020,10047.518955,103.935000
DDS_Publish,RUN,10047.517448,10047.536077,18.629000
DDS_Publish,RUN,10047.519246,10047.552201,32.955000
DDS_Publish,RUN,10047.536145,10047.616213,80.068000
DDS_Publish,RUN,10047.552206,10047.619625,67.419000
DDS_Publish,RUN,10047.616220,10047.651248,35.028000
DDS_Publish,RUN,10047.619863,10047.651257,31.394000
DDS_Publish,SLEEP,10021.139348,10021.139351,0.003000
DDS_Publish,PREEMPT,10021.141302,10021.141790,0.488000
DDS_Publish,PREEMPT,10021.142266,10021.142494,0.228000
DDS_Publish,PREEMPT,10021.158088,10021.158362,0.274000
DDS_Publish,PREEMPT,10021.199949,10021.200239,0.290000
DDS_Publish,PREEMPT,10021.237599,10021.237673,0.074000
DDS_Publish,PREEMPT,10021.238006,10021.238237,0.231000
DDS_Publish,PREEMPT,10021.238495,10021.238724,0.229000
DDS_Publish,PREEMPT,10021.239226,10021.239523,0.297000
DDS_Publish,PREEMPT,10021.278025,10021.278308,0.283000
DDS_Publish,PREEMPT,10021.302375,10021.302658,0.283000
DDS_Publish,PREEMPT,10021.337714,10021.337797,0.083000
DDS_Publish,PREEMPT,10021.338138,10021.338372,0.234000
DDS_Publish,PREEMPT,10021.358404,10021.358680,0.276000
DDS_Publish,PREEMPT,10021.404765,10021.405060,0.295000
DDS_Publish,PREEMPT,10021.405594,10021.405824,0.230000
DDS_Publish,PREEMPT,10021.406182,10021.406413,0.231000
DDS_Publish,PREEMPT,10021.408818,10021.409299,0.481000
DDS_Publish,PREEMPT,10021.409310,10021.409386,0.076000
DDS_Publish,PREEMPT,10021.409727,10021.409957,0.230000
DDS_Publish,PREEMPT,10021.425284,10021.425513,0.229000
DDS_Publish,PREEMPT,10021.437764,10021.437837,0.073000
DDS_Publish,PREEMPT,10021.446651,10021.446879,0.228000
DDS_Publish,PREEMPT,10021.467814,10021.468083,0.269000
DDS_Publish,PREEMPT,10021.507272,10021.507567,0.295000
DDS_Publish,PREEMPT,10021.537834,10021.537905,0.071000
DDS_Publish,PREEMPT,10021.539366,10021.539604,0.238000
DDS_Publish,PREEMPT,10021.558619,10021.558868,0.249000
DDS_Publish,SLEEP,10021.585248,10021.639821,54.573000
DDS_Publish,PREEMPT,10021.656432,10021.656495,0.063000
DDS_Publish,PREEMPT,10021.656851,10021.657066,0.215000
DDS_Publish,PREEMPT,10021.657070,10021.657322,0.252000
DDS_Publish,PREEMPT,10021.661600,10021.661852,0.252000
DDS_Publish,PREEMPT,10021.661883,10021.661958,0.075000
DDS_Publish,PREEMPT,10021.662263,10021.662450,0.187000
DDS_Publish,PREEMPT,10021.682443,10021.682673,0.230000
DDS_Publish,PREEMPT,10021.712491,10021.712750,0.259000
DDS_Publish,PREEMPT,10021.814369,10021.814597,0.228000
DDS_Publish,PREEMPT,10021.815176,10021.815394,0.218000
DDS_Publish,PREEMPT,10021.815784,10021.815973,0.189000
DDS_Publish,PREEMPT,10021.816763,10021.817016,0.253000
DDS_Publish,PREEMPT,10021.817083,10021.817147,0.064000
DDS_Publish,PREEMPT,10021.818963,10021.819192,0.229000
DDS_Publish,PREEMPT,10021.834883,10021.835072,0.189000
DDS_Publish,PREEMPT,10021.916764,10021.917051,0.287000
DDS_Publish,PREEMPT,10022.019259,10022.019550,0.291000
DDS_Publish,PREEMPT,10022.088357,10022.088394,0.037000
DDS_Publish,SLEEP,10022.108749,10022.139391,30.642000
DDS_Publish,PREEMPT,10022.142534,10022.142767,0.233000
DDS_Publish,PREEMPT,10022.145114,10022.145202,0.088000
DDS_Publish,PREEMPT,10022.145267,10022.145315,0.048000
DDS_Publish,PREEMPT,10022.145318,10022.145352,0.034000
DDS_Publish,PREEMPT,10022.146419,10022.146635,0.216000
DDS_Publish,PREEMPT,10022.167363,10022.167368,0.005000
DDS_Publish,PREEMPT,10022.175360,10022.175364,0.004000
DDS_Publish,PREEMPT,10022.185363,10022.185373,0.010000
DDS_Publish,PREEMPT,10022.203362,10022.203370,0.008000
DDS_Publish,PREEMPT,10022.224597,10022.224803,0.206000
DDS_Publish,PREEMPT,10022.225362,10022.225368,0.006000
DDS_Publish,PREEMPT,10022.271370,10022.271375,0.005000
DDS_Publish,PREEMPT,10022.326379,10022.326651,0.272000
DDS_Publish,PREEMPT,10022.327174,10022.327406,0.232000
DDS_Publish,PREEMPT,10022.327901,10022.328131,0.230000
DDS_Publish,PREEMPT,10022.328434,10022.328686,0.252000
DDS_Publish,PREEMPT,10022.328887,10022.328958,0.071000
DDS_Publish,PREEMPT,10022.330653,10022.330881,0.228000
DDS_Publish,PREEMPT,10022.335369,10022.335374,0.005000
DDS_Publish,PREEMPT,10022.348006,10022.348191,0.185000
DDS_Publish,PREEMPT,10022.373185,10022.373210,0.025000
DDS_Publish,PREEMPT,10022.373260,10022.373286,0.026000
DDS_Publish,PREEMPT,10022.373757,10022.374024,0.267000
DDS_Publish,PREEMPT,10022.384372,10022.384375,0.003000
DDS_Publish,PREEMPT,10022.393871,10022.394100,0.229000
DDS_Publish,PREEMPT,10022.399369,10022.399375,0.006000
DDS_Publish,PREEMPT,10022.428783,10022.429023,0.240000
DDS_Publish,PREEMPT,10022.531157,10022.531452,0.295000
DDS_Publish,PREEMPT,10022.532358,10022.532588,0.230000
DDS_Publish,PREEMPT,10022.532860,10022.533085,0.225000
DDS_Publish,PREEMPT,10022.533382,10022.533601,0.219000
DDS_Publish,PREEMPT,10022.533778,10022.533807,0.029000
DDS_Publish,PREEMPT,10022.535658,10022.535888,0.230000
DDS_Publish,PREEMPT,10022.551672,10022.551902,0.230000
DDS_Publish,SLEEP,10022.583335,10022.639430,56.095000
DDS_Publish,PREEMPT,10022.657093,10022.657167,0.074000
DDS_Publish,PREEMPT,10022.658486,10022.658511,0.025000
DDS_Publish,PREEMPT,10022.658513,10022.658580,0.067000
DDS_Publish,PREEMPT,10022.661504,10022.661745,0.241000
DDS_Publish,PREEMPT,10022.662064,10022.662291,0.227000
DDS_Publish,PREEMPT,10022.662670,10022.662938,0.268000
DDS_Publish,PREEMPT,10022.663039,10022.663277,0.238000
DDS_Publish,PREEMPT,10022.663517,10022.663718,0.201000
DDS_Publish,PREEMPT,10022.677820,10022.678019,0.199000
DDS_Publish,PREEMPT,10022.678109,10022.678357,0.248000
DDS_Publish,PREEMPT,10022.719384,10022.719394,0.010000
DDS_Publish,PREEMPT,10022.736068,10022.736278,0.210000
DDS_Publish,PREEMPT,10022.737057,10022.737285,0.228000
DDS_Publish,PREEMPT,10022.756576,10022.756808,0.232000
DDS_Publish,PREEMPT,10022.816389,10022.816402,0.013000
DDS_Publish,PREEMPT,10022.838634,10022.838884,0.250000
DDS_Publish,PREEMPT,10022.843894,10022.844098,0.204000
DDS_Publish,PREEMPT,10022.847386,10022.847393,0.007000
DDS_Publish,PREEMPT,10022.847542,10022.847770,0.228000
DDS_Publish,PREEMPT,10022.848438,10022.848969,0.531000
DDS_Publish,PREEMPT,10022.848979,10022.849052,0.073000
DDS_Publish,PREEMPT,10022.849457,10022.849677,0.220000
DDS_Publish,PREEMPT,10022.859120,10022.859336,0.216000
DDS_Publish,PREEMPT,10022.940793,10022.941091,0.298000
DDS_Publish,PREEMPT,10022.942219,10022.942456,0.237000
DDS_Publish,PREEMPT,10022.942712,10022.942939,0.227000
DDS_Publish,PREEMPT,10022.947312,10022.947836,0.524000
DDS_Publish,PREEMPT,10022.948108,10022.948337,0.229000
DDS_Publish,PREEMPT,10022.961266,10022.961502,0.236000
DDS_Publish,PREEMPT,10022.975390,10022.975399,0.009000
DDS_Publish,PREEMPT,10023.039392,10023.039404,0.012000
DDS_Publish,PREEMPT,10023.043186,10023.043484,0.298000
DDS_Publish,SLEEP,10023.087205,10023.139446,52.241000
DDS_Publish,PREEMPT,10023.147077,10023.147364,0.287000
DDS_Publish,PREEMPT,10023.248003,10023.248309,0.306000
DDS_Publish,PREEMPT,10023.350405,10023.350692,0.287000
DDS_Publish,PREEMPT,10023.453374,10023.453670,0.296000
DDS_Publish,PREEMPT,10023.454680,10023.454905,0.225000
DDS_Publish,PREEMPT,10023.457131,10023.457357,0.226000
DDS_Publish,PREEMPT,10023.458237,10023.458493,0.256000
DDS_Publish,PREEMPT,10023.458672,10023.458746,0.074000
DDS_Publish,PREEMPT,10023.459170,10023.459400,0.230000
DDS_Publish,PREEMPT,10023.473871,10023.474099,0.228000
DDS_Publish,PREEMPT,10023.475675,10023.475899,0.224000
DDS_Publish,PREEMPT,10023.502019,10023.502043,0.024000
DDS_Publish,PREEMPT,10023.502093,10023.502120,0.027000
DDS_Publish,PREEMPT,10023.502625,10023.502856,0.231000
DDS_Publish,PREEMPT,10023.522684,10023.522922,0.238000
DDS_Publish,PREEMPT,10023.555192,10023.555435,0.243000
DDS_Publish,PREEMPT,10023.556038,10023.556268,0.230000
DDS_Publish,PREEMPT,10023.556595,10023.556825,0.230000
DDS_Publish,PREEMPT,10023.559281,10023.559538,0.257000
DDS_Publish,PREEMPT,10023.579653,10023.579725,0.072000
DDS_Publish,PREEMPT,10023.580054,10023.580283,0.229000
DDS_Publish,SLEEP,10023.584599,10023.639440,54.841000
DDS_Publish,PREEMPT,10023.657606,10023.657915,0.309000
DDS_Publish,PREEMPT,10023.681009,10023.681159,0.150000
DDS_Publish,PREEMPT,10023.681203,10023.681332,0.129000
DDS_Publish,PREEMPT,10023.681573,10023.681697,0.124000
DDS_Publish,PREEMPT,10023.681742,10023.681867,0.125000
DDS_Publish,PREEMPT,10023.682020,10023.682144,0.124000
DDS_Publish,PREEMPT,10023.682189,10023.682316,0.127000
DDS_Publish,PREEMPT,10023.682970,10023.683068,0.098000
DDS_Publish,PREEMPT,10023.759991,10023.760248,0.257000
DDS_Publish,PREEMPT,10023.765009,10023.765234,0.225000
DDS_Publish,PREEMPT,10023.765538,10023.765769,0.231000
DDS_Publish,PREEMPT,10023.767557,10023.768031,0.474000
DDS_Publish,PREEMPT,10023.768187,10023.768219,0.032000
DDS_Publish,PREEMPT,10023.768539,10023.768766,0.227000
DDS_Publish,PREEMPT,10023.780494,10023.780724,0.230000
DDS_Publish,PREEMPT,10023.862403,10023.862705,0.302000
DDS_Publish,PREEMPT,10023.863209,10023.863442,0.233000
DDS_Publish,PREEMPT,10023.863956,10023.864187,0.231000
DDS_Publish,PREEMPT,10023.866609,10023.866860,0.251000
DDS_Publish,PREEMPT,10023.875373,10023.875452,0.079000
DDS_Publish,PREEMPT,10023.875766,10023.875996,0.230000
DDS_Publish,PREEMPT,10023.882906,10023.883181,0.275000
DDS_Publish,PREEMPT,10023.922635,10023.922717,0.082000
DDS_Publish,PREEMPT,10023.923027,10023.923260,0.233000
DDS_Publish,PREEMPT,10023.943302,10023.943595,0.293000
DDS_Publish,PREEMPT,10023.964789,10023.965094,0.305000
DDS_Publish,PREEMPT,10023.965725,10023.965971,0.246000
DDS_Publish,PREEMPT,10023.966509,10023.966741,0.232000
DDS_Publish,PREEMPT,10023.969121,10023.969750,0.629000
DDS_Publish,PREEMPT,10023.969810,10023.969880,0.070000
DDS_Publish,PREEMPT,10023.969886,10023.970183,0.297000
DDS_Publish,PREEMPT,10023.970411,10023.970638,0.227000
DDS_Publish,PREEMPT,10023.985291,10023.985527,0.236000
DDS_Publish,PREEMPT,10024.067209,10024.067499,0.290000
DDS_Publish,PREEMPT,10024.072108,10024.072332,0.224000
DDS_Publish,PREEMPT,10024.087703,10024.087980,0.277000
DDS_Publish,PREEMPT,10024.090153,10024.090170,0.017000
DDS_Publish,SLEEP,10024.117882,10024.139456,21.574000
DDS_Publish,PREEMPT,10024.147430,10024.147441,0.011000
DDS_Publish,PREEMPT,10024.167702,10024.167771,0.069000
DDS_Publish,PREEMPT,10024.169627,10024.169864,0.237000
DDS_Publish,PREEMPT,10024.170188,10024.170417,0.229000
DDS_Publish,PREEMPT,10024.170668,10024.170899,0.231000
DDS_Publish,PREEMPT,10024.171239,10024.171844,0.605000
DDS_Publish,PREEMPT,10024.171979,10024.172054,0.075000
DDS_Publish,PREEMPT,10024.172212,10024.172287,0.075000
DDS_Publish,PREEMPT,10024.172305,10024.172373,0.068000
DDS_Publish,PREEMPT,10024.172440,10024.172467,0.027000
DDS_Publish,PREEMPT,10024.172871,10024.172937,0.066000
DDS_Publish,PREEMPT,10024.173939,10024.174169,0.230000
DDS_Publish,PREEMPT,10024.188296,10024.188525,0.229000
DDS_Publish,PREEMPT,10024.191431,10024.191437,0.006000
DDS_Publish,PREEMPT,10024.272004,10024.272245,0.241000
DDS_Publish,PREEMPT,10024.272878,10024.273107,0.229000
DDS_Publish,PREEMPT,10024.279433,10024.279442,0.009000
DDS_Publish,PREEMPT,10024.292521,10024.292746,0.225000
DDS_Publish,PREEMPT,10024.333436,10024.333445,0.009000
DDS_Publish,PREEMPT,10024.348435,10024.348442,0.007000
DDS_Publish,PREEMPT,10024.363436,10024.363439,0.003000
DDS_Publish,PREEMPT,10024.364435,10024.364441,0.006000
DDS_Publish,PREEMPT,10024.374386,10024.374627,0.241000
DDS_Publish,PREEMPT,10024.375244,10024.375475,0.231000
DDS_Publish,PREEMPT,10024.381436,10024.381443,0.007000
DDS_Publish,PREEMPT,10024.382386,10024.382617,0.231000
DDS_Publish,PREEMPT,10024.383266,10024.384606,1.340000
DDS_Publish,PREEMPT,10024.385217,10024.385292,0.075000
DDS_Publish,PREEMPT,10024.385301,10024.385369,0.068000
DDS_Publish,PREEMPT,10024.385391,10024.385455,0.064000
DDS_Publish,PREEMPT,10024.385670,10024.385899,0.229000
DDS_Publish,PREEMPT,10024.394883,10024.395102,0.219000
DDS_Publish,PREEMPT,10024.400578,10024.400799,0.221000
DDS_Publish,PREEMPT,10024.419088,10024.419090,0.002000
DDS_Publish,PREEMPT,10024.460630,10024.460704,0.074000
DDS_Publish,PREEMPT,10024.461345,10024.461629,0.284000
DDS_Publish,PREEMPT,10024.476802,10024.477033,0.231000
DDS_Publish,PREEMPT,10024.478831,10024.479029,0.198000
DDS_Publish,PREEMPT,10024.481438,10024.481966,0.528000
DDS_Publish,PREEMPT,10024.483745,10024.484206,0.461000
DDS_Publish,PREEMPT,10024.501791,10024.501860,0.069000
DDS_Publish,PREEMPT,10024.502636,10024.502874,0.238000
DDS_Publish,PREEMPT,10024.503442,10024.503446,0.004000
DDS_Publish,PREEMPT,10024.504267,10024.504492,0.225000
DDS_Publish,PREEMPT,10024.505441,10024.505443,0.002000
DDS_Publish,PREEMPT,10024.575446,10024.575451,0.005000
DDS_Publish,PREEMPT,10024.579180,10024.579382,0.202000
DDS_Publish,PREEMPT,10024.580143,10024.580359,0.216000
DDS_Publish,PREEMPT,10024.583515,10024.583745,0.230000
DDS_Publish,PREEMPT,10024.584184,10024.585082,0.898000
DDS_Publish,PREEMPT,10024.587473,10024.587716,0.243000
DDS_Publish,PREEMPT,10024.588062,10024.588130,0.068000
DDS_Publish,PREEMPT,10024.588464,10024.588693,0.229000
DDS_Publish,PREEMPT,10024.589322,10024.589389,0.067000
DDS_Publish,PREEMPT,10024.589467,10024.589494,0.027000
DDS_Publish,PREEMPT,10024.589763,10024.589992,0.229000
DDS_Publish,PREEMPT,10024.590135,10024.590411,0.276000
DDS_Publish,PREEMPT,10024.590545,10024.590573,0.028000
DDS_Publish,PREEMPT,10024.590889,10024.591117,0.228000
DDS_Publish,SLEEP,10024.592879,10024.639474,46.595000
DDS_Publish,PREEMPT,10024.640448,10024.640453,0.005000
DDS_Publish,PREEMPT,10024.656665,10024.656735,0.070000
DDS_Publish,PREEMPT,10024.657081,10024.657267,0.186000
DDS_Publish,PREEMPT,10024.658748,10024.658962,0.214000
DDS_Publish,PREEMPT,10024.681611,10024.681904,0.293000
DDS_Publish,PREEMPT,10024.682472,10024.682702,0.230000
DDS_Publish,PREEMPT,10024.683448,10028.639606,3956.158000
DDS_Publish,PREEMPT,10028.675252,10028.675317,0.065000
DDS_Publish,PREEMPT,10028.726763,10028.726796,0.033000
DDS_Publish,PREEMPT,10028.759633,10028.759719,0.086000
DDS_Publish,PREEMPT,10028.759990,10028.760019,0.029000
DDS_Publish,PREEMPT,10028.760345,10028.760382,0.037000
DDS_Publish,PREEMPT,10028.777627,10028.777679,0.052000
DDS_Publish,PREEMPT,10028.829335,10028.829378,0.043000
DDS_Publish,PREEMPT,10028.880052,10028.880102,0.050000
DDS_Publish,PREEMPT,10028.931894,10028.931928,0.034000
DDS_Publish,PREEMPT,10028.982432,10028.982501,0.069000
DDS_Publish,PREEMPT,10029.029038,10029.029110,0.072000
DDS_Publish,PREEMPT,10029.029265,10029.029294,0.029000
DDS_Publish,PREEMPT,10029.029629,10029.029667,0.038000
DDS_Publish,PREEMPT,10029.034432,10029.034463,0.031000
DDS_Publish,PREEMPT,10029.084828,10029.084904,0.076000
DDS_Publish,SLEEP,10029.099556,10029.139667,40.111000
DDS_Publish,PREEMPT,10029.187302,10029.187372,0.070000
DDS_Publish,PREEMPT,10029.239578,10029.239616,0.038000
DDS_Publish,PREEMPT,10029.289671,10029.289728,0.057000
DDS_Publish,PREEMPT,10029.341175,10029.341209,0.034000
DDS_Publish,PREEMPT,10029.392031,10029.392084,0.053000
DDS_Publish,PREEMPT,10029.443717,10029.443751,0.034000
DDS_Publish,PREEMPT,10029.474144,10029.474180,0.036000
DDS_Publish,PREEMPT,10029.474503,10029.474545,0.042000
DDS_Publish,PREEMPT,10029.494430,10029.494487,0.057000
DDS_Publish,PREEMPT,10029.494679,10029.494743,0.064000
DDS_Publish,PREEMPT,10029.495047,10029.495080,0.033000
DDS_Publish,PREEMPT,10029.495397,10029.495434,0.037000
DDS_Publish,PREEMPT,10029.539243,10029.539323,0.080000
DDS_Publish,PREEMPT,10029.539569,10029.539622,0.053000
DDS_Publish,PREEMPT,10029.546304,10029.546337,0.033000
DDS_Publish,PREEMPT,10029.567612,10029.567636,0.024000
DDS_Publish,SLEEP,10029.593752,10029.639640,45.888000
DDS_Publish,PREEMPT,10029.648838,10029.648872,0.034000
DDS_Publish,PREEMPT,10029.699279,10029.699329,0.050000
DDS_Publish,PREEMPT,10029.751417,10029.751451,0.034000
DDS_Publish,PREEMPT,10029.777617,10029.777620,0.003000
DDS_Publish,PREEMPT,10029.801660,10029.801714,0.054000
DDS_Publish,PREEMPT,10029.823623,10029.823630,0.007000
DDS_Publish,PREEMPT,10029.853981,10029.854019,0.038000
DDS_Publish,PREEMPT,10029.862463,10029.862536,0.073000
DDS_Publish,PREEMPT,10029.862726,10029.862756,0.030000
DDS_Publish,PREEMPT,10029.864495,10029.864531,0.036000
DDS_Publish,PREEMPT,10029.904053,10029.904108,0.055000
DDS_Publish,PREEMPT,10029.955530,10029.955567,0.037000
DDS_Publish,PREEMPT,10030.006463,10030.006518,0.055000
DDS_Publish,PREEMPT,10030.015627,10030.015634,0.007000
DDS_Publish,PREEMPT,10030.058107,10030.058140,0.033000
DDS_Publish,SLEEP,10030.092643,10030.139774,47.131000
DDS_Publish,PREEMPT,10030.139783,10030.139817,0.034000
DDS_Publish,PREEMPT,10030.140146,10030.140183,0.037000
DDS_Publish,PREEMPT,10030.143635,10030.143643,0.008000
DDS_Publish,PREEMPT,10030.144932,10030.145162,0.230000
DDS_Publish,PREEMPT,10030.210632,10030.210647,0.015000
DDS_Publish,PREEMPT,10030.211638,10030.211881,0.243000
DDS_Publish,PREEMPT,10030.313703,10030.313992,0.289000
DDS_Publish,PREEMPT,10030.335636,10030.335642,0.006000
DDS_Publish,PREEMPT,10030.399641,10030.399650,0.009000
DDS_Publish,PREEMPT,10030.416125,10030.416363,0.238000
DDS_Publish,PREEMPT,10030.443640,10030.443649,0.009000
DDS_Publish,PREEMPT,10030.460639,10030.460642,0.003000
DDS_Publish,PREEMPT,10030.476639,10030.476645,0.006000
DDS_Publish,PREEMPT,10030.518510,10030.518750,0.240000
DDS_Publish,PREEMPT,10030.520946,10030.521176,0.230000
DDS_Publish,PREEMPT,10030.523405,10030.523635,0.230000
DDS_Publish,PREEMPT,10030.524012,10030.524271,0.259000
DDS_Publish,PREEMPT,10030.524687,10030.524759,0.072000
DDS_Publish,PREEMPT,10030.527656,10030.527901,0.245000
DDS_Publish,PREEMPT,10030.539018,10030.539246,0.228000
DDS_Publish,PREEMPT,10030.571644,10030.571653,0.009000
DDS_Publish,PREEMPT,10030.591645,10030.591686,0.041000
DDS_Publish,SLEEP,10030.595235,10030.639684,44.449000
DDS_Publish,PREEMPT,10030.642879,10030.643130,0.251000
DDS_Publish,PREEMPT,10030.643664,10030.643888,0.224000
DDS_Publish,PREEMPT,10030.656926,10030.656992,0.066000
DDS_Publish,PREEMPT,10030.659925,10030.660203,0.278000
DDS_Publish,PREEMPT,10030.674378,10030.675027,0.649000
DDS_Publish,PREEMPT,10030.678325,10030.678554,0.229000
DDS_Publish,PREEMPT,10030.681324,10030.681830,0.506000
DDS_Publish,PREEMPT,10030.683859,10030.684090,0.231000
DDS_Publish,PREEMPT,10030.684145,10030.684216,0.071000
DDS_Publish,PREEMPT,10030.684532,10030.684766,0.234000
DDS_Publish,PREEMPT,10030.695213,10030.695441,0.228000
DDS_Publish,PREEMPT,10030.719656,10030.719663,0.007000
DDS_Publish,PREEMPT,10030.723324,10030.723565,0.241000
DDS_Publish,PREEMPT,10030.825701,10030.825993,0.292000
DDS_Publish,PREEMPT,10030.847651,10030.847656,0.005000
DDS_Publish,PREEMPT,10030.911654,10030.911659,0.005000
DDS_Publish,PREEMPT,10030.928110,10030.928351,0.241000
DDS_Publish,PREEMPT,10030.929159,10030.929388,0.229000
DDS_Publish,PREEMPT,10030.929538,10030.929813,0.275000
DDS_Publish,PREEMPT,10030.932235,10030.932484,0.249000
DDS_Publish,PREEMPT,10030.932658,10030.932696,0.038000
DDS_Publish,PREEMPT,10030.933015,10030.933278,0.263000
DDS_Publish,PREEMPT,10030.948624,10030.948853,0.229000
DDS_Publish,PREEMPT,10030.949474,10030.949703,0.229000
DDS_Publish,PREEMPT,10030.975657,10030.975662,0.005000
DDS_Publish,PREEMPT,10030.976656,10030.976664,0.008000
DDS_Publish,PREEMPT,10030.993656,10030.993663,0.007000
DDS_Publish,PREEMPT,10031.030534,10031.030824,0.290000
DDS_Publish,PREEMPT,10031.039656,10031.039665,0.009000
DDS_Publish,SLEEP,10031.091912,10031.139698,47.786000
DDS_Publish,PREEMPT,10031.160665,10031.160676,0.011000
DDS_Publish,PREEMPT,10031.167661,10031.167668,0.007000
DDS_Publish,PREEMPT,10031.235338,10031.235579,0.241000
DDS_Publish,PREEMPT,10031.237167,10031.237392,0.225000
DDS_Publish,PREEMPT,10031.239832,10031.240058,0.226000
DDS_Publish,PREEMPT,10031.240964,10031.241237,0.273000
DDS_Publish,PREEMPT,10031.241422,10031.241454,0.032000
DDS_Publish,PREEMPT,10031.241789,10031.242018,0.229000
DDS_Publish,PREEMPT,10031.256093,10031.256324,0.231000
DDS_Publish,PREEMPT,10031.278668,10031.278681,0.013000
DDS_Publish,PREEMPT,10031.314677,10031.314688,0.011000
DDS_Publish,PREEMPT,10031.337776,10031.338061,0.285000
DDS_Publish,PREEMPT,10031.359672,10031.359680,0.008000
DDS_Publish,PREEMPT,10031.423674,10031.423683,0.009000
DDS_Publish,PREEMPT,10031.440493,10031.440808,0.315000
DDS_Publish,PREEMPT,10031.542715,10031.542999,0.284000
DDS_Publish,PREEMPT,10031.551675,10031.551682,0.007000
DDS_Publish,SLEEP,10031.593321,10031.639706,46.385000
DDS_Publish,PREEMPT,10031.644913,10031.645154,0.241000
DDS_Publish,PREEMPT,10031.645994,10031.646225,0.231000
DDS_Publish,PREEMPT,10031.646474,10031.646705,0.231000
DDS_Publish,PREEMPT,10031.649187,10031.649452,0.265000
DDS_Publish,PREEMPT,10031.649798,10031.649871,0.073000
DDS_Publish,PREEMPT,10031.650212,10031.650440,0.228000
DDS_Publish,PREEMPT,10031.665774,10031.666004,0.230000
DDS_Publish,PREEMPT,10031.691754,10031.691942,0.188000
DDS_Publish,PREEMPT,10031.691987,10034.139791,2447.804000
DDS_Publish,PREEMPT,10034.148501,10034.148730,0.229000
DDS_Publish,PREEMPT,10034.204969,10034.205210,0.241000
DDS_Publish,PREEMPT,10034.206167,10034.206408,0.241000
DDS_Publish,PREEMPT,10034.225487,10034.225716,0.229000
DDS_Publish,PREEMPT,10034.307391,10034.307679,0.288000
DDS_Publish,PREEMPT,10034.308389,10034.308619,0.230000
DDS_Publish,PREEMPT,10034.309917,10034.310143,0.226000
DDS_Publish,PREEMPT,10034.313840,10034.314341,0.501000
DDS_Publish,PREEMPT,10034.314374,10034.314446,0.072000
DDS_Publish,PREEMPT,10034.314507,10034.314536,0.029000
DDS_Publish,PREEMPT,10034.316738,10034.316969,0.231000
DDS_Publish,PREEMPT,10034.327891,10034.328168,0.277000
DDS_Publish,PREEMPT,10034.409793,10034.410091,0.298000
DDS_Publish,PREEMPT,10034.410602,10034.410872,0.270000
DDS_Publish,PREEMPT,10034.411644,10034.411884,0.240000
DDS_Publish,PREEMPT,10034.412177,10034.412505,0.328000
DDS_Publish,PREEMPT,10034.412636,10034.412667,0.031000
DDS_Publish,PREEMPT,10034.415660,10034.415934,0.274000
DDS_Publish,PREEMPT,10034.430286,10034.430515,0.229000
DDS_Publish,PREEMPT,10034.432126,10034.432363,0.237000
DDS_Publish,PREEMPT,10034.513017,10034.513322,0.305000
DDS_Publish,SLEEP,10034.603083,10034.639806,36.723000
DDS_Publish,PREEMPT,10034.716970,10034.717255,0.285000
DDS_Publish,PREEMPT,10034.819394,10034.819684,0.290000
DDS_Publish,PREEMPT,10034.922324,10034.922631,0.307000
DDS_Publish,PREEMPT,10035.024181,10035.024470,0.289000
DDS_Publish,PREEMPT,10035.024980,10035.025216,0.236000
DDS_Publish,PREEMPT,10035.031318,10035.031544,0.226000
DDS_Publish,PREEMPT,10035.032382,10035.032906,0.524000
DDS_Publish,PREEMPT,10035.032948,10035.033023,0.075000
DDS_Publish,PREEMPT,10035.033344,10035.033574,0.230000
DDS_Publish,PREEMPT,10035.044670,10035.044901,0.231000
DDS_Publish,PREEMPT,10035.086614,10035.086717,0.103000
DDS_Publish,PREEMPT,10035.094795,10035.094808,0.013000
DDS_Publish,SLEEP,10035.101923,10035.139821,37.898000
DDS_Publish,PREEMPT,10035.199796,10035.199803,0.007000
DDS_Publish,PREEMPT,10035.224099,10035.224244,0.145000
DDS_Publish,PREEMPT,10035.224311,10035.224441,0.130000
DDS_Publish,PREEMPT,10035.224604,10035.224763,0.159000
DDS_Publish,PREEMPT,10035.224811,10035.224932,0.121000
DDS_Publish,PREEMPT,10035.224978,10035.225109,0.131000
DDS_Publish,PREEMPT,10035.225173,10035.225297,0.124000
DDS_Publish,PREEMPT,10035.225342,10035.225473,0.131000
DDS_Publish,PREEMPT,10035.225538,10035.225638,0.100000
DDS_Publish,PREEMPT,10035.225938,10035.226062,0.124000
DDS_Publish,PREEMPT,10035.226107,10035.226239,0.132000
DDS_Publish,PREEMPT,10035.226307,10035.226447,0.140000
DDS_Publish,PREEMPT,10035.226493,10035.226620,0.127000
DDS_Publish,PREEMPT,10035.226752,10035.226880,0.128000
DDS_Publish,PREEMPT,10035.226925,10035.227050,0.125000
DDS_Publish,PREEMPT,10035.227198,10035.227322,0.124000
DDS_Publish,PREEMPT,10035.227367,10035.227493,0.126000
DDS_Publish,PREEMPT,10035.227626,10035.227749,0.123000
DDS_Publish,PREEMPT,10035.227796,10035.227925,0.129000
DDS_Publish,PREEMPT,10035.227960,10035.228058,0.098000
DDS_Publish,PREEMPT,10035.228251,10035.228384,0.133000
DDS_Publish,PREEMPT,10035.228458,10035.228581,0.123000
DDS_Publish,PREEMPT,10035.228627,10035.228760,0.133000
DDS_Publish,PREEMPT,10035.228834,10035.228957,0.123000
DDS_Publish,PREEMPT,10035.228977,10035.229453,0.476000
DDS_Publish,PREEMPT,10035.229599,10035.229722,0.123000
DDS_Publish,PREEMPT,10035.229768,10035.229898,0.130000
DDS_Publish,PREEMPT,10035.229925,10035.230154,0.229000
DDS_Publish,PREEMPT,10035.231583,10035.231683,0.100000
DDS_Publish,PREEMPT,10035.249725,10035.249954,0.229000
DDS_Publish,PREEMPT,10035.263798,10035.263804,0.006000
DDS_Publish,PREEMPT,10035.331393,10035.331634,0.241000
DDS_Publish,PREEMPT,10035.332301,10035.332531,0.230000
DDS_Publish,PREEMPT,10035.332681,10035.332955,0.274000
DDS_Publish,PREEMPT,10035.335495,10035.335800,0.305000
DDS_Publish,PREEMPT,10035.335926,10035.335958,0.032000
DDS_Publish,PREEMPT,10035.336293,10035.336523,0.230000
DDS_Publish,PREEMPT,10035.351901,10035.352136,0.235000
DDS_Publish,PREEMPT,10035.352818,10035.353048,0.230000
DDS_Publish,PREEMPT,10035.391803,10035.391809,0.006000
DDS_Publish,PREEMPT,10035.435972,10035.436213,0.241000
DDS_Publish,PREEMPT,10035.455805,10035.455810,0.005000
DDS_Publish,PREEMPT,10035.519805,10035.519810,0.005000
DDS_Publish,PREEMPT,10035.536212,10035.536455,0.243000
DDS_Publish,PREEMPT,10035.537032,10035.537253,0.221000
DDS_Publish,PREEMPT,10035.556714,10035.556950,0.236000
DDS_Publish,PREEMPT,10035.583824,10035.583847,0.023000
DDS_Publish,SLEEP,10035.600889,10035.639841,38.952000
DDS_Publish,PREEMPT,10035.659135,10035.659412,0.277000
DDS_Publish,PREEMPT,10035.665812,10035.665826,0.014000
DDS_Publish,PREEMPT,10035.697237,10035.697375,0.138000
DDS_Publish,PREEMPT,10035.697420,10035.697547,0.127000
DDS_Publish,PREEMPT,10035.697859,10035.697984,0.125000
DDS_Publish,PREEMPT,10035.698030,10035.698154,0.124000
DDS_Publish,PREEMPT,10035.698293,10035.698417,0.124000
DDS_Publish,PREEMPT,10035.698463,10035.698588,0.125000
DDS_Publish,PREEMPT,10035.699207,10035.699306,0.099000
DDS_Publish,PREEMPT,10035.741128,10035.741369,0.241000
DDS_Publish,PREEMPT,10035.742226,10035.742458,0.232000
DDS_Publish,PREEMPT,10035.761620,10035.761851,0.231000
DDS_Publish,PREEMPT,10035.775816,10035.775841,0.025000
DDS_Publish,PREEMPT,10035.843415,10035.843704,0.289000
DDS_Publish,PREEMPT,10035.844275,10035.844501,0.226000
DDS_Publish,PREEMPT,10035.844792,10035.845019,0.227000
DDS_Publish,PREEMPT,10035.848076,10035.848298,0.222000
DDS_Publish,PREEMPT,10035.848300,10035.848801,0.501000
DDS_Publish,PREEMPT,10035.849098,10035.849326,0.228000
DDS_Publish,PREEMPT,10035.863905,10035.864185,0.280000
DDS_Publish,PREEMPT,10035.891400,10035.891427,0.027000
DDS_Publish,PREEMPT,10035.891995,10035.892231,0.236000
DDS_Publish,PREEMPT,10035.912116,10035.912393,0.277000
DDS_Publish,PREEMPT,10035.945805,10035.946100,0.295000
DDS_Publish,PREEMPT,10035.958825,10035.958829,0.004000
DDS_Publish,PREEMPT,10035.967820,10035.967824,0.004000
DDS_Publish,PREEMPT,10035.992825,10035.992830,0.005000
DDS_Publish,PREEMPT,10036.048322,10036.048611,0.289000
DDS_Publish,PREEMPT,10036.049148,10036.049379,0.231000
DDS_Publish,PREEMPT,10036.068854,10036.069084,0.230000
DDS_Publish,PREEMPT,10036.095830,10036.095882,0.052000
DDS_Publish,SLEEP,10036.111558,10036.139989,28.431000
DDS_Publish,PREEMPT,10036.150635,10036.150935,0.300000
DDS_Publish,PREEMPT,10036.151479,10036.151709,0.230000
DDS_Publish,PREEMPT,10036.159830,10036.159839,0.009000
DDS_Publish,PREEMPT,10036.160078,10036.160113,0.035000
DDS_Publish,PREEMPT,10036.160263,10036.160293,0.030000
DDS_Publish,PREEMPT,10036.160411,10036.160593,0.182000
DDS_Publish,PREEMPT,10036.160827,10036.160838,0.011000
DDS_Publish,PREEMPT,10036.161605,10036.161841,0.236000
DDS_Publish,PREEMPT,10036.184849,10036.185090,0.241000
DDS_Publish,PREEMPT,10036.241837,10036.241843,0.006000
DDS_Publish,PREEMPT,10036.253021,10036.253260,0.239000
DDS_Publish,PREEMPT,10036.253887,10036.254111,0.224000
DDS_Publish,PREEMPT,10036.254503,10036.254734,0.231000
DDS_Publish,PREEMPT,10036.257266,10036.257789,0.523000
DDS_Publish,PREEMPT,10036.258067,10036.258145,0.078000
DDS_Publish,PREEMPT,10036.258454,10036.258725,0.271000
DDS_Publish,PREEMPT,10036.273542,10036.273817,0.275000
DDS_Publish,PREEMPT,10036.287833,10036.287841,0.008000
DDS_Publish,PREEMPT,10036.291834,10036.291839,0.005000
DDS_Publish,PREEMPT,10036.310832,10036.310844,0.012000
DDS_Publish,PREEMPT,10036.351836,10036.351844,0.008000
DDS_Publish,PREEMPT,10036.355396,10036.355687,0.291000
DDS_Publish,PREEMPT,10036.356313,10036.356544,0.231000
DDS_Publish,PREEMPT,10036.375906,10036.376176,0.270000
DDS_Publish,PREEMPT,10036.403947,10036.404186,0.239000
DDS_Publish,PREEMPT,10036.415836,10036.415844,0.008000
DDS_Publish,PREEMPT,10036.419486,10036.419488,0.002000
DDS_Publish,PREEMPT,10036.441841,10036.441846,0.005000
DDS_Publish,PREEMPT,10036.491841,10036.491853,0.012000
DDS_Publish,PREEMPT,10036.543841,10036.543846,0.005000
DDS_Publish,PREEMPT,10036.560223,10036.560463,0.240000
DDS_Publish,PREEMPT,10036.562177,10036.562407,0.230000
DDS_Publish,PREEMPT,10036.565651,10036.565884,0.233000
DDS_Publish,PREEMPT,10036.567005,10036.567262,0.257000
DDS_Publish,PREEMPT,10036.577841,10036.577845,0.004000
DDS_Publish,PREEMPT,10036.578839,10036.578849,0.010000
DDS_Publish,PREEMPT,10036.591843,10036.591850,0.007000
DDS_Publish,PREEMPT,10036.600428,10036.600657,0.229000
DDS_Publish,SLEEP,10036.605676,10036.639872,34.196000
DDS_Publish,PREEMPT,10036.643315,10036.643385,0.070000
DDS_Publish,PREEMPT,10036.643737,10036.643968,0.231000
DDS_Publish,PREEMPT,10036.657293,10036.657360,0.067000
DDS_Publish,PREEMPT,10036.657722,10036.658001,0.279000
DDS_Publish,PREEMPT,10036.662618,10036.662868,0.250000
DDS_Publish,PREEMPT,10036.664023,10036.664278,0.255000
DDS_Publish,PREEMPT,10036.664835,10036.665069,0.234000
DDS_Publish,PREEMPT,10036.735849,10036.735860,0.011000
DDS_Publish,PREEMPT,10036.765023,10036.765272,0.249000
DDS_Publish,PREEMPT,10036.765885,10036.766115,0.230000
DDS_Publish,PREEMPT,10036.785529,10036.785759,0.230000
DDS_Publish,PREEMPT,10036.828106,10036.828132,0.026000
DDS_Publish,PREEMPT,10036.828180,10036.828207,0.027000
DDS_Publish,PREEMPT,10036.828713,10036.828943,0.230000
DDS_Publish,PREEMPT,10036.845176,10036.845402,0.226000
DDS_Publish,PREEMPT,10036.848663,10036.848894,0.231000
DDS_Publish,PREEMPT,10036.863850,10036.863856,0.006000
DDS_Publish,PREEMPT,10036.874626,10036.874869,0.243000
DDS_Publish,PREEMPT,10036.875850,10036.875853,0.003000
DDS_Publish,PREEMPT,10036.877431,10036.877660,0.229000
DDS_Publish,PREEMPT,10036.895105,10036.895335,0.230000
DDS_Publish,PREEMPT,10036.969808,10036.970102,0.294000
DDS_Publish,PREEMPT,10036.970642,10036.970870,0.228000
DDS_Publish,PREEMPT,10036.971206,10036.971443,0.237000
DDS_Publish,PREEMPT,10036.972081,10036.972651,0.570000
DDS_Publish,PREEMPT,10036.975929,10036.976157,0.228000
DDS_Publish,PREEMPT,10036.991005,10036.991235,0.230000
DDS_Publish,PREEMPT,10036.991855,10036.991861,0.006000
DDS_Publish,PREEMPT,10036.994854,10036.994864,0.010000
DDS_Publish,PREEMPT,10037.055858,10037.055871,0.013000
DDS_Publish,PREEMPT,10037.072314,10037.072592,0.278000
DDS_Publish,SLEEP,10037.108728,10037.139889,31.161000
DDS_Publish,PREEMPT,10037.141861,10037.141871,0.010000
DDS_Publish,PREEMPT,10037.174620,10037.174916,0.296000
DDS_Publish,PREEMPT,10037.175426,10037.175651,0.225000
DDS_Publish,PREEMPT,10037.176555,10037.176785,0.230000
DDS_Publish,PREEMPT,10037.179755,10037.180053,0.298000
DDS_Publish,PREEMPT,10037.180296,10037.180370,0.074000
DDS_Publish,PREEMPT,10037.182229,10037.182457,0.228000
DDS_Publish,PREEMPT,10037.183862,10037.183872,0.010000
DDS_Publish,PREEMPT,10037.195137,10037.195366,0.229000
DDS_Publish,PREEMPT,10037.247864,10037.247870,0.006000
DDS_Publish,PREEMPT,10037.277033,10037.277325,0.292000
DDS_Publish,PREEMPT,10037.277864,10037.277868,0.004000
DDS_Publish,PREEMPT,10037.311865,10037.311870,0.005000
DDS_Publish,PREEMPT,10037.375867,10037.375874,0.007000
DDS_Publish,PREEMPT,10037.379872,10037.380112,0.240000
DDS_Publish,PREEMPT,10037.380799,10037.381029,0.230000
DDS_Publish,PREEMPT,10037.381422,10037.381652,0.230000
DDS_Publish,PREEMPT,10037.381977,10037.382273,0.296000
DDS_Publish,PREEMPT,10037.382442,10037.382470,0.028000
DDS_Publish,PREEMPT,10037.384195,10037.384466,0.271000
DDS_Publish,PREEMPT,10037.400384,10037.400613,0.229000
DDS_Publish,PREEMPT,10037.484630,10037.484879,0.249000
DDS_Publish,PREEMPT,10037.503871,10037.503877,0.006000
DDS_Publish,PREEMPT,10037.540874,10037.540878,0.004000
DDS_Publish,PREEMPT,10037.567871,10037.567875,0.004000
DDS_Publish,PREEMPT,10037.584724,10037.584966,0.242000
DDS_Publish,SLEEP,10037.604064,10037.639914,35.850000
DDS_Publish,PREEMPT,10037.664884,10037.664889,0.005000
DDS_Publish,PREEMPT,10037.686653,10037.686895,0.242000
DDS_Publish,PREEMPT,10037.687483,10037.687713,0.230000
DDS_Publish,PREEMPT,10037.688222,10037.688448,0.226000
DDS_Publish,PREEMPT,10037.688776,10037.689087,0.311000
DDS_Publish,PREEMPT,10037.689305,10037.689385,0.080000
DDS_Publish,PREEMPT,10037.690991,10037.691262,0.271000
DDS_Publish,PREEMPT,10037.707143,10037.707363,0.220000
DDS_Publish,PREEMPT,10037.789040,10037.789363,0.323000
DDS_Publish,PREEMPT,10037.800094,10037.800119,0.025000
DDS_Publish,PREEMPT,10037.800170,10037.800196,0.026000
DDS_Publish,PREEMPT,10037.802355,10037.802585,0.230000
DDS_Publish,PREEMPT,10037.821053,10037.821286,0.233000
DDS_Publish,PREEMPT,10037.823885,10037.823893,0.008000
DDS_Publish,PREEMPT,10037.891432,10037.891727,0.295000
DDS_Publish,PREEMPT,10037.892459,10037.892690,0.231000
DDS_Publish,PREEMPT,10037.892856,10037.893126,0.270000
DDS_Publish,PREEMPT,10037.895624,10037.896149,0.525000
DDS_Publish,PREEMPT,10037.896431,10037.896659,0.228000
DDS_Publish,PREEMPT,10037.897888,10037.898118,0.230000
DDS_Publish,PREEMPT,10037.915498,10037.915774,0.276000
DDS_Publish,PREEMPT,10037.993860,10037.994159,0.299000
DDS_Publish,PREEMPT,10038.015890,10038.015899,0.009000
DDS_Publish,PREEMPT,10038.042893,10038.042904,0.011000
DDS_Publish,PREEMPT,10038.079894,10038.079899,0.005000
DDS_Publish,PREEMPT,10038.091891,10038.091895,0.004000
DDS_Publish,PREEMPT,10038.096254,10038.096504,0.250000
DDS_Publish,PREEMPT,10038.097170,10038.097396,0.226000
DDS_Publish,PREEMPT,10038.097793,10038.098029,0.236000
DDS_Publish,PREEMPT,10038.100407,10038.100942,0.535000
DDS_Publish,PREEMPT,10038.101118,10038.101191,0.073000
DDS_Publish,PREEMPT,10038.102860,10038.103083,0.223000
DDS_Publish,SLEEP,10038.123388,10038.139924,16.536000
DDS_Publish,PREEMPT,10038.142894,10038.142905,0.011000
DDS_Publish,PREEMPT,10038.143897,10038.143936,0.039000
DDS_Publish,PREEMPT,10038.149878,10038.149913,0.035000
DDS_Publish,PREEMPT,10038.150060,10038.150110,0.050000
DDS_Publish,PREEMPT,10038.150197,10038.150367,0.170000
DDS_Publish,PREEMPT,10038.154231,10038.154462,0.231000
DDS_Publish,PREEMPT,10038.191574,10038.191601,0.027000
DDS_Publish,PREEMPT,10038.191604,10038.191674,0.070000
DDS_Publish,PREEMPT,10038.192176,10038.192408,0.232000
DDS_Publish,PREEMPT,10038.192711,10038.192941,0.230000
DDS_Publish,PREEMPT,10038.198734,10038.199025,0.291000
DDS_Publish,PREEMPT,10038.212149,10038.212378,0.229000
DDS_Publish,PREEMPT,10038.223899,10038.223903,0.004000
DDS_Publish,PREEMPT,10038.301051,10038.301343,0.292000
DDS_Publish,PREEMPT,10038.301951,10038.302181,0.230000
DDS_Publish,PREEMPT,10038.302491,10038.302722,0.231000
DDS_Publish,PREEMPT,10038.305093,10038.305613,0.520000
DDS_Publish,PREEMPT,10038.305634,10038.305709,0.075000
DDS_Publish,PREEMPT,10038.306037,10038.306267,0.230000
DDS_Publish,PREEMPT,10038.321543,10038.321777,0.234000
DDS_Publish,PREEMPT,10038.336054,10038.336058,0.004000
DDS_Publish,PREEMPT,10038.403469,10038.403757,0.288000
DDS_Publish,PREEMPT,10038.404374,10038.404600,0.226000
DDS_Publish,PREEMPT,10038.423968,10038.424238,0.270000
DDS_Publish,PREEMPT,10038.505861,10038.506168,0.307000
DDS_Publish,PREEMPT,10038.506805,10038.507045,0.240000
DDS_Publish,PREEMPT,10038.510906,10038.510915,0.009000
DDS_Publish,PREEMPT,10038.517659,10038.517886,0.227000
DDS_Publish,PREEMPT,10038.518313,10038.518795,0.482000
DDS_Publish,PREEMPT,10038.519039,10038.519115,0.076000
DDS_Publish,PREEMPT,10038.519818,10038.520055,0.237000
DDS_Publish,PREEMPT,10038.526357,10038.526585,0.228000
DDS_Publish,PREEMPT,10038.536266,10038.536494,0.228000
DDS_Publish,PREEMPT,10038.591909,10038.591918,0.009000
DDS_Publish,PREEMPT,10038.608236,10038.608477,0.241000
DDS_Publish,SLEEP,10038.611256,10038.639940,28.684000
DDS_Publish,PREEMPT,10038.655915,10038.655928,0.013000
DDS_Publish,PREEMPT,10038.709911,10038.709922,0.011000
DDS_Publish,PREEMPT,10038.710784,10038.711031,0.247000
DDS_Publish,PREEMPT,10038.711589,10038.711819,0.230000
DDS_Publish,PREEMPT,10038.712050,10038.712281,0.231000
DDS_Publish,PREEMPT,10038.714899,10038.715444,0.545000
DDS_Publish,PREEMPT,10038.715713,10038.715946,0.233000
DDS_Publish,PREEMPT,10038.719911,10038.719918,0.007000
DDS_Publish,PREEMPT,10038.731272,10038.731500,0.228000
DDS_Publish,PREEMPT,10038.791914,10038.791926,0.012000
DDS_Publish,PREEMPT,10038.813298,10038.813538,0.240000
DDS_Publish,PREEMPT,10038.814513,10038.814766,0.253000
DDS_Publish,PREEMPT,10038.847915,10038.847920,0.005000
DDS_Publish,PREEMPT,10038.911918,10038.911924,0.006000
DDS_Publish,PREEMPT,10038.915441,10038.915691,0.250000
DDS_Publish,PREEMPT,10038.916493,10038.916747,0.254000
DDS_Publish,PREEMPT,10038.975919,10038.975924,0.005000
DDS_Publish,PREEMPT,10039.018584,10039.018825,0.241000
DDS_Publish,PREEMPT,10039.025637,10039.025868,0.231000
DDS_Publish,PREEMPT,10039.026016,10039.026292,0.276000
DDS_Publish,PREEMPT,10039.026619,10039.026925,0.306000
DDS_Publish,PREEMPT,10039.026985,10039.027053,0.068000
DDS_Publish,PREEMPT,10039.028474,10039.028702,0.228000
DDS_Publish,PREEMPT,10039.039089,10039.039369,0.280000
DDS_Publish,PREEMPT,10039.039939,10039.039965,0.026000
DDS_Publish,PREEMPT,10039.041921,10039.041923,0.002000
DDS_Publish,SLEEP,10039.106366,10039.139955,33.589000
DDS_Publish,PREEMPT,10039.159930,10039.159943,0.013000
DDS_Publish,PREEMPT,10039.167926,10039.167972,0.046000
DDS_Publish,PREEMPT,10039.223334,10039.223629,0.295000
DDS_Publish,PREEMPT,10039.224182,10039.224413,0.231000
DDS_Publish,PREEMPT,10039.224643,10039.224873,0.230000
DDS_Publish,PREEMPT,10039.231929,10039.231935,0.006000
DDS_Publish,PREEMPT,10039.232368,10039.232625,0.257000
DDS_Publish,PREEMPT,10039.232832,10039.232901,0.069000
DDS_Publish,PREEMPT,10039.233213,10039.233439,0.226000
DDS_Publish,PREEMPT,10039.243833,10039.244067,0.234000
DDS_Publish,PREEMPT,10039.249675,10039.249903,0.228000
DDS_Publish,PREEMPT,10039.325046,10039.325331,0.285000
DDS_Publish,PREEMPT,10039.359933,10039.359938,0.005000
DDS_Publish,PREEMPT,10039.427456,10039.427746,0.290000
DDS_Publish,PREEMPT,10039.460941,10039.460945,0.004000
DDS_Publish,PREEMPT,10039.529852,10039.530142,0.290000
DDS_Publish,PREEMPT,10039.552050,10039.552056,0.006000
DDS_Publish,SLEEP,10039.604812,10039.639971,35.159000
DDS_Publish,PREEMPT,10039.643459,10039.643533,0.074000
DDS_Publish,PREEMPT,10039.643879,10039.644115,0.236000
DDS_Publish,PREEMPT,10039.644570,10039.644804,0.234000
DDS_Publish,PREEMPT,10039.645161,10039.645458,0.297000
DDS_Publish,PREEMPT,10039.657399,10039.657462,0.063000
DDS_Publish,PREEMPT,10039.658554,10039.658784,0.230000
DDS_Publish,PREEMPT,10039.659035,10039.659276,0.241000
DDS_Publish,PREEMPT,10039.683890,10039.684170,0.280000
DDS_Publish,PREEMPT,10039.703287,10039.703420,0.133000
DDS_Publish,PREEMPT,10039.703465,10039.703591,0.126000
DDS_Publish,PREEMPT,10039.703855,10039.704001,0.146000
DDS_Publish,PREEMPT,10039.704046,10039.704190,0.144000
DDS_Publish,PREEMPT,10039.704327,10039.704451,0.124000
DDS_Publish,PREEMPT,10039.704496,10039.704622,0.126000
DDS_Publish,PREEMPT,10039.705247,10039.705346,0.099000
DDS_Publish,PREEMPT,10039.734674,10039.734946,0.272000
DDS_Publish,PREEMPT,10039.787687,10039.787713,0.026000
DDS_Publish,PREEMPT,10039.787762,10039.787789,0.027000
DDS_Publish,PREEMPT,10039.788262,10039.788491,0.229000
DDS_Publish,PREEMPT,10039.790095,10039.790313,0.218000
DDS_Publish,PREEMPT,10039.790646,10039.790855,0.209000
DDS_Publish,PREEMPT,10039.790866,10039.790937,0.071000
DDS_Publish,PREEMPT,10039.791266,10039.791459,0.193000
DDS_Publish,PREEMPT,10039.803623,10039.803850,0.227000
DDS_Publish,PREEMPT,10039.807949,10039.807956,0.007000
DDS_Publish,PREEMPT,10039.828003,10039.828247,0.244000
DDS_Publish,PREEMPT,10039.837071,10039.837312,0.241000
DDS_Publish,PREEMPT,10039.838106,10039.838361,0.255000
DDS_Publish,PREEMPT,10039.848337,10039.848415,0.078000
DDS_Publish,PREEMPT,10039.850158,10039.850389,0.231000
DDS_Publish,PREEMPT,10039.851000,10039.851220,0.220000
DDS_Publish,PREEMPT,10039.939474,10039.939759,0.285000
DDS_Publish,PREEMPT,10039.999956,10039.999963,0.007000
DDS_Publish,PREEMPT,10040.041870,10040.042073,0.203000
DDS_Publish,PREEMPT,10040.043199,10040.043424,0.225000
DDS_Publish,PREEMPT,10040.043977,10040.044205,0.228000
DDS_Publish,PREEMPT,10040.049052,10040.049270,0.218000
DDS_Publish,PREEMPT,10040.049605,10040.049833,0.228000
DDS_Publish,PREEMPT,10040.050024,10040.050055,0.031000
DDS_Publish,PREEMPT,10040.050570,10040.050760,0.190000
DDS_Publish,PREEMPT,10040.057587,10040.057868,0.281000
DDS_Publish,PREEMPT,10040.058143,10040.058213,0.070000
DDS_Publish,PREEMPT,10040.058536,10040.058765,0.229000
DDS_Publish,PREEMPT,10040.062395,10040.062623,0.228000
DDS_Publish,PREEMPT,10040.127959,10040.127969,0.010000
DDS_Publish,PREEMPT,10040.129056,10040.129132,0.076000
DDS_Publish,PREEMPT,10040.129200,10040.129243,0.043000
DDS_Publish,PREEMPT,10040.129259,10040.129292,0.033000
DDS_Publish,PREEMPT,10040.130420,10040.130650,0.230000
DDS_Publish,SLEEP,10040.140808,10040.140811,0.003000
DDS_Publish,PREEMPT,10040.144280,10040.144503,0.223000
DDS_Publish,PREEMPT,10040.145111,10040.145340,0.229000
DDS_Publish,PREEMPT,10040.164805,10040.165029,0.224000
DDS_Publish,PREEMPT,10040.191964,10040.192002,0.038000
DDS_Publish,PREEMPT,10040.246666,10040.246963,0.297000
DDS_Publish,PREEMPT,10040.247583,10040.247814,0.231000
DDS_Publish,PREEMPT,10040.267156,10040.267384,0.228000
DDS_Publish,PREEMPT,10040.325969,10040.325973,0.004000
DDS_Publish,PREEMPT,10040.343965,10040.343967,0.002000
DDS_Publish,PREEMPT,10040.349082,10040.349321,0.239000
DDS_Publish,PREEMPT,10040.349942,10040.350166,0.224000
DDS_Publish,PREEMPT,10040.360966,10040.360968,0.002000
DDS_Publish,PREEMPT,10040.369588,10040.369811,0.223000
DDS_Publish,PREEMPT,10040.383965,10040.383970,0.005000
DDS_Publish,PREEMPT,10040.419617,10040.419619,0.002000
DDS_Publish,PREEMPT,10040.451486,10040.451699,0.213000
DDS_Publish,PREEMPT,10040.452391,10040.452592,0.201000
DDS_Publish,PREEMPT,10040.471986,10040.472224,0.238000
DDS_Publish,PREEMPT,10040.553869,10040.554082,0.213000
DDS_Publish,PREEMPT,10040.554679,10040.554883,0.204000
DDS_Publish,PREEMPT,10040.574359,10040.574581,0.222000
DDS_Publish,PREEMPT,10040.575976,10040.575987,0.011000
DDS_Publish,PREEMPT,10040.604933,10040.604959,0.026000
DDS_Publish,PREEMPT,10040.605005,10040.605033,0.028000
DDS_Publish,PREEMPT,10040.605551,10040.605777,0.226000
DDS_Publish,SLEEP,10040.613635,10040.640002,26.367000
DDS_Publish,PREEMPT,10040.647145,10040.647358,0.213000
DDS_Publish,PREEMPT,10040.656280,10040.656570,0.290000
DDS_Publish,PREEMPT,10040.657379,10040.657623,0.244000
DDS_Publish,PREEMPT,10040.658569,10040.658799,0.230000
DDS_Publish,PREEMPT,10040.703982,10040.703991,0.009000
DDS_Publish,PREEMPT,10040.706977,10040.706990,0.013000
DDS_Publish,PREEMPT,10040.758679,10040.758967,0.288000
DDS_Publish,PREEMPT,10040.810983,10040.810996,0.013000
DDS_Publish,PREEMPT,10040.826981,10040.826988,0.007000
DDS_Publish,PREEMPT,10040.831978,10040.831981,0.003000
DDS_Publish,PREEMPT,10040.861096,10040.861336,0.240000
DDS_Publish,PREEMPT,10040.861905,10040.862130,0.225000
DDS_Publish,PREEMPT,10040.881584,10040.881813,0.229000
DDS_Publish,PREEMPT,10040.895985,10040.895992,0.007000
DDS_Publish,PREEMPT,10040.963463,10040.963671,0.208000
DDS_Publish,PREEMPT,10040.964344,10040.964555,0.211000
DDS_Publish,PREEMPT,10040.983984,10040.984260,0.276000
DDS_Publish,PREEMPT,10041.023992,10041.024009,0.017000
DDS_Publish,PREEMPT,10041.065882,10041.066148,0.266000
DDS_Publish,PREEMPT,10041.067356,10041.067616,0.260000
DDS_Publish,PREEMPT,10041.068133,10041.068362,0.229000
DDS_Publish,PREEMPT,10041.106085,10041.106355,0.270000
DDS_Publish,SLEEP,10041.137153,10041.140025,2.872000
DDS_Publish,PREEMPT,10041.151996,10041.152005,0.009000
DDS_Publish,PREEMPT,10041.168298,10041.168538,0.240000
DDS_Publish,PREEMPT,10041.169206,10041.169437,0.231000
DDS_Publish,PREEMPT,10041.188817,10041.189105,0.288000
DDS_Publish,PREEMPT,10041.216001,10041.216047,0.046000
DDS_Publish,PREEMPT,10041.240013,10041.240043,0.030000
DDS_Publish,PREEMPT,10041.240088,10041.240113,0.025000
DDS_Publish,PREEMPT,10041.240606,10041.240841,0.235000
DDS_Publish,PREEMPT,10041.257009,10041.257013,0.004000
DDS_Publish,PREEMPT,10041.260598,10041.260873,0.275000
DDS_Publish,PREEMPT,10041.270909,10041.271200,0.291000
DDS_Publish,PREEMPT,10041.271781,10041.272007,0.226000
DDS_Publish,PREEMPT,10041.279993,10041.279999,0.006000
DDS_Publish,PREEMPT,10041.291401,10041.291625,0.224000
DDS_Publish,PREEMPT,10041.312994,10041.313004,0.010000
DDS_Publish,PREEMPT,10041.343997,10041.344002,0.005000
DDS_Publish,PREEMPT,10041.373115,10041.373356,0.241000
DDS_Publish,PREEMPT,10041.373946,10041.374176,0.230000
DDS_Publish,PREEMPT,10041.374444,10041.374669,0.225000
DDS_Publish,PREEMPT,10041.377280,10041.377817,0.537000
DDS_Publish,PREEMPT,10041.377982,10041.378012,0.030000
DDS_Publish,PREEMPT,10041.378345,10041.378574,0.229000
DDS_Publish,PREEMPT,10041.393621,10041.393851,0.230000
DDS_Publish,PREEMPT,10041.475494,10041.475716,0.222000
DDS_Publish,PREEMPT,10041.476314,10041.476526,0.212000
DDS_Publish,PREEMPT,10041.496013,10041.496213,0.200000
DDS_Publish,PREEMPT,10041.506006,10041.506011,0.005000
DDS_Publish,PREEMPT,10041.536003,10041.536008,0.005000
DDS_Publish,PREEMPT,10041.574006,10041.574018,0.012000
DDS_Publish,PREEMPT,10041.577901,10041.578142,0.241000
DDS_Publish,PREEMPT,10041.578739,10041.578969,0.230000
DDS_Publish,PREEMPT,10041.598385,10041.598574,0.189000
DDS_Publish,PREEMPT,10041.600005,10041.600010,0.005000
DDS_Publish,SLEEP,10041.637985,10041.640037,2.052000
DDS_Publish,PREEMPT,10041.649011,10041.649027,0.016000
DDS_Publish,PREEMPT,10041.680323,10041.680563,0.240000
DDS_Publish,PREEMPT,10041.681177,10041.681410,0.233000
DDS_Publish,PREEMPT,10041.695542,10041.695616,0.074000
DDS_Publish,PREEMPT,10041.695948,10041.696177,0.229000
DDS_Publish,PREEMPT,10041.700822,10041.701053,0.231000
DDS_Publish,PREEMPT,10041.773012,10041.773023,0.011000
DDS_Publish,PREEMPT,10041.782686,10041.782928,0.242000
DDS_Publish,PREEMPT,10041.783600,10041.783829,0.229000
DDS_Publish,PREEMPT,10041.792013,10041.792018,0.005000
DDS_Publish,PREEMPT,10041.803161,10041.803390,0.229000
DDS_Publish,PREEMPT,10041.885099,10041.885389,0.290000
DDS_Publish,PREEMPT,10041.885956,10041.886186,0.230000
DDS_Publish,PREEMPT,10041.905599,10041.905826,0.227000
DDS_Publish,PREEMPT,10041.955495,10041.955521,0.026000
DDS_Publish,PREEMPT,10041.956073,10041.956304,0.231000
DDS_Publish,PREEMPT,10041.972536,10041.972806,0.270000
DDS_Publish,PREEMPT,10041.984138,10041.984144,0.006000
DDS_Publish,PREEMPT,10041.987519,10041.987815,0.296000
DDS_Publish,PREEMPT,10041.991019,10041.991022,0.003000
DDS_Publish,PREEMPT,10042.008066,10042.008298,0.232000
DDS_Publish,PREEMPT,10042.008860,10042.009091,0.231000
DDS_Publish,PREEMPT,10042.048022,10042.048028,0.006000
DDS_Publish,PREEMPT,10042.095926,10042.096215,0.289000
DDS_Publish,PREEMPT,10042.098845,10042.099071,0.226000
DDS_Publish,PREEMPT,10042.112023,10042.112028,0.005000
DDS_Publish,PREEMPT,10042.112277,10042.112308,0.031000
DDS_Publish,PREEMPT,10042.112422,10042.112471,0.049000
DDS_Publish,PREEMPT,10042.112566,10042.112745,0.179000
DDS_Publish,PREEMPT,10042.113653,10042.113926,0.273000
DDS_Publish,SLEEP,10042.117760,10042.140068,22.308000
DDS_Publish,PREEMPT,10042.160024,10042.160029,0.005000
DDS_Publish,PREEMPT,10042.176024,10042.176030,0.006000
DDS_Publish,PREEMPT,10042.192322,10042.192563,0.241000
DDS_Publish,PREEMPT,10042.193185,10042.193406,0.221000
DDS_Publish,PREEMPT,10042.207027,10042.207053,0.026000
DDS_Publish,PREEMPT,10042.212842,10042.213088,0.246000
DDS_Publish,PREEMPT,10042.216636,10042.216708,0.072000
DDS_Publish,PREEMPT,10042.217056,10042.217328,0.272000
DDS_Publish,PREEMPT,10042.237211,10042.237438,0.227000
DDS_Publish,PREEMPT,10042.240027,10042.240067,0.040000
DDS_Publish,PREEMPT,10042.272193,10042.272301,0.108000
DDS_Publish,PREEMPT,10042.274144,10042.274257,0.113000
DDS_Publish,PREEMPT,10042.294710,10042.295048,0.338000
DDS_Publish,PREEMPT,10042.295094,10042.295211,0.117000
DDS_Publish,PREEMPT,10042.295374,10042.295497,0.123000
DDS_Publish,PREEMPT,10042.295543,10042.295670,0.127000
DDS_Publish,PREEMPT,10042.295804,10042.295928,0.124000
DDS_Publish,PREEMPT,10042.295974,10042.296120,0.146000
DDS_Publish,PREEMPT,10042.296349,10042.296578,0.229000
DDS_Publish,PREEMPT,10042.296707,10042.296788,0.081000
DDS_Publish,PREEMPT,10042.315208,10042.315439,0.231000
DDS_Publish,PREEMPT,10042.368031,10042.368037,0.006000
DDS_Publish,PREEMPT,10042.397114,10042.397406,0.292000
DDS_Publish,PREEMPT,10042.398022,10042.398252,0.230000
DDS_Publish,PREEMPT,10042.398467,10042.398695,0.228000
DDS_Publish,PREEMPT,10042.401076,10042.401713,0.637000
DDS_Publish,PREEMPT,10042.401715,10042.402761,1.046000
DDS_Publish,PREEMPT,10042.402786,10042.403064,0.278000
DDS_Publish,PREEMPT,10042.418163,10042.418392,0.229000
DDS_Publish,PREEMPT,10042.432034,10042.432041,0.007000
DDS_Publish,PREEMPT,10042.474034,10042.474045,0.011000
DDS_Publish,PREEMPT,10042.499509,10042.499798,0.289000
DDS_Publish,PREEMPT,10042.500383,10042.500612,0.229000
DDS_Publish,PREEMPT,10042.500923,10042.501150,0.227000
DDS_Publish,PREEMPT,10042.503561,10042.503858,0.297000
DDS_Publish,PREEMPT,10042.523940,10042.524015,0.075000
DDS_Publish,PREEMPT,10042.525444,10042.525672,0.228000
DDS_Publish,PREEMPT,10042.539709,10042.539978,0.269000
DDS_Publish,PREEMPT,10042.560037,10042.560042,0.005000
DDS_Publish,PREEMPT,10042.574037,10042.574047,0.010000
DDS_Publish,PREEMPT,10042.601916,10042.602167,0.251000
DDS_Publish,SLEEP,10042.616803,10042.640067,23.264000
DDS_Publish,PREEMPT,10042.643751,10042.643825,0.074000
DDS_Publish,PREEMPT,10042.644188,10042.644420,0.232000
DDS_Publish,PREEMPT,10042.657557,10042.657620,0.063000
DDS_Publish,PREEMPT,10042.658400,10042.658629,0.229000
DDS_Publish,PREEMPT,10042.660678,10042.660907,0.229000
DDS_Publish,PREEMPT,10042.664488,10042.664717,0.229000
DDS_Publish,PREEMPT,10042.690042,10042.690046,0.004000
DDS_Publish,PREEMPT,10042.704334,10042.704577,0.243000
DDS_Publish,PREEMPT,10042.752045,10042.752052,0.007000
DDS_Publish,PREEMPT,10042.773043,10042.773052,0.009000
DDS_Publish,PREEMPT,10042.806725,10042.806977,0.252000
DDS_Publish,PREEMPT,10042.857047,10042.857051,0.004000
DDS_Publish,PREEMPT,10042.874046,10042.874054,0.008000
DDS_Publish,PREEMPT,10042.880046,10042.880050,0.004000
DDS_Publish,PREEMPT,10042.913429,10042.913670,0.241000
DDS_Publish,PREEMPT,10042.923047,10042.923055,0.008000
DDS_Publish,PREEMPT,10042.956049,10042.956055,0.006000
DDS_Publish,PREEMPT,10043.008053,10043.008062,0.009000
DDS_Publish,PREEMPT,10043.011524,10043.011765,0.241000
DDS_Publish,PREEMPT,10043.047010,10043.047036,0.026000
DDS_Publish,PREEMPT,10043.047084,10043.047111,0.027000
DDS_Publish,PREEMPT,10043.047578,10043.047807,0.229000
DDS_Publish,PREEMPT,10043.048033,10043.048264,0.231000
DDS_Publish,PREEMPT,10043.048892,10043.049376,0.484000
DDS_Publish,PREEMPT,10043.072054,10043.072064,0.010000
DDS_Publish,PREEMPT,10043.099564,10043.099826,0.262000
DDS_Publish,PREEMPT,10043.099978,10043.100008,0.030000
DDS_Publish,PREEMPT,10043.100323,10043.100552,0.229000
DDS_Publish,PREEMPT,10043.107054,10043.107057,0.003000
DDS_Publish,SLEEP,10043.111473,10043.140084,28.611000
DDS_Publish,PREEMPT,10043.200057,10043.200064,0.007000
DDS_Publish,PREEMPT,10043.216322,10043.216561,0.239000
DDS_Publish,PREEMPT,10043.264064,10043.264106,0.042000
DDS_Publish,PREEMPT,10043.318728,10043.318968,0.240000
DDS_Publish,PREEMPT,10043.319710,10043.319936,0.226000
DDS_Publish,MARKER_PERIOD_START_DDS_Publish,10021.139363,10021.139363,0.0
DDS_Publish,MARKER_FUNCTION_START_DDS_Publish,10021.139364,10021.139364,0.0
DDS_Publish,MARKER_DDS_MSG_START_DDS_Publish,10021.585129,10021.585129,0.0
DDS_Publish,MARKER_DDS_WRITE_START,10021.585133,10021.585133,0.0
DDS_Publish,MARKER_DDS_WRITE_END,10021.585228,10021.585228,0.0
DDS_Publish,MARKER_DDS_MSG_END_DDS_Publish,10021.585229,10021.585229,0.0
DDS_Publish,MARKER_FUNCTION_END_DDS_Publish,10021.585240,10021.585240,0.0
DDS_Publish,MARKER_SLEEP_START_DDS_Publish,10021.585245,10021.585245,0.0
DDS_Publish,MARKER_PERIOD_END_DDS_Publish,10021.639826,10021.639826,0.0
DDS_Publish,MARKER_PERIOD_START_DDS_Publish,10021.639827,10021.639827,0.0
DDS_Publish,MARKER_FUNCTION_START_DDS_Publish,10021.639827,10021.639827,0.0
DDS_Publish,MARKER_DDS_MSG_START_DDS_Publish,10022.108640,10022.108640,0.0
DDS_Publish,MARKER_DDS_WRITE_START,10022.108641,10022.108641,0.0
DDS_Publish,MARKER_DDS_WRITE_END,10022.108719,10022.108719,0.0
DDS_Publish,MARKER_DDS_MSG_END_DDS_Publish,10022.108719,10022.108719,0.0
DDS_Publish,MARKER_FUNCTION_END_DDS_Publish,10022.108733,10022.108733,0.0
DDS_Publish,MARKER_SLEEP_START_DDS_Publish,10022.108745,10022.108745,0.0
DDS_Publish,MARKER_PERIOD_END_DDS_Publish,10022.139397,10022.139397,0.0
DDS_Publish,MARKER_PERIOD_START_DDS_Publish,10022.139398,10022.139398,0.0
DDS_Publish,MARKER_FUNCTION_START_DDS_Publish,10022.139398,10022.139398,0.0
DDS_Publish,MARKER_DDS_MSG_START_DDS_Publish,10022.583250,10022.583250,0.0
DDS_Publish,MARKER_DDS_WRITE_START,10022.583251,10022.583251,0.0
DDS_Publish,MARKER_DDS_WRITE_END,10022.583314,10022.583314,0.0
DDS_Publish,MARKER_DDS_MSG_END_DDS_Publish,10022.583314,10022.583314,0.0
DDS_Publish,MARKER_FUNCTION_END_DDS_Publish,10022.583327,10022.583327,0.0
DDS_Publish,MARKER_SLEEP_START_DDS_Publish,10022.583332,10022.583332,0.0
DDS_Publish,MARKER_PERIOD_END_DDS_Publish,10022.639440,10022.639440,0.0
DDS_Publish,MARKER_PERIOD_START_DDS_Publish,10022.639441,10022.639441,0.0
DDS_Publish,MARKER_FUNCTION_START_DDS_Publish,10022.639442,10022.639442,0.0
DDS_Publish,MARKER_DDS_MSG_START_DDS_Publish,10023.087080,10023.087080,0.0
DDS_Publish,MARKER_DDS_WRITE_START,10023.087081,10023.087081,0.0
DDS_Publish,MARKER_DDS_WRITE_END,10023.087165,10023.087165,0.0
DDS_Publish,MARKER_DDS_MSG_END_DDS_Publish,10023.087165,10023.087165,0.0
DDS_Publish,MARKER_FUNCTION_END_DDS_Publish,10023.087180,10023.087180,0.0
DDS_Publish,MARKER_SLEEP_START_DDS_Publish,10023.087185,10023.087185,0.0
DDS_Publish,MARKER_PERIOD_END_DDS_Publish,10023.139468,10023.139468,0.0
DDS_Publish,MARKER_PERIOD_START_DDS_Publish,10023.139469,10023.139469,0.0
DDS_Publish,MARKER_FUNCTION_START_DDS_Publish,10023.139470,10023.139470,0.0
DDS_Publish,MARKER_DDS_MSG_START_DDS_Publish,10023.584471,10023.584471,0.0
DDS_Publish,MARKER_DDS_WRITE_START,10023.584472,10023.584472,0.0
DDS_Publish,MARKER_DDS_WRITE_END,10023.584562,10023.584562,0.0
DDS_Publish,MARKER_DDS_MSG_END_DDS_Publish,10023.584562,10023.584562,0.0
DDS_Publish,MARKER_FUNCTION_END_DDS_Publish,10023.584585,10023.584585,0.0
DDS_Publish,MARKER_SLEEP_START_DDS_Publish,10023.584596,10023.584596,0.0
DDS_Publish,MARKER_PERIOD_END_DDS_Publish,10023.639448,10023.639448,0.0
DDS_Publish,MARKER_PERIOD_START_DDS_Publish,10023.639450,10023.639450,0.0
DDS_Publish,MARKER_FUNCTION_START_DDS_Publish,10023.639450,10023.639450,0.0
DDS_Publish,MARKER_DDS_MSG_START_DDS_Publish,10024.117786,10024.117786,0.0
DDS_Publish,MARKER_DDS_WRITE_START,10024.117788,10024.117788,0.0
DDS_Publish,MARKER_DDS_WRITE_END,10024.117855,10024.117855,0.0
DDS_Publish,MARKER_DDS_MSG_END_DDS_Publish,10024.117855,10024.117855,0.0
DDS_Publish,MARKER_FUNCTION_END_DDS_Publish,10024.117870,10024.117870,0.0
DDS_Publish,MARKER_SLEEP_START_DDS_Publish,10024.117876,10024.117876,0.0
DDS_Publish,MARKER_PERIOD_END_DDS_Publish,10024.139460,10024.139460,0.0
DDS_Publish,MARKER_PERIOD_START_DDS_Publish,10024.139461,10024.139461,0.0
DDS_Publish,MARKER_FUNCTION_START_DDS_Publish,10024.139461,10024.139461,0.0
DDS_Publish,MARKER_DDS_MSG_START_DDS_Publish,10024.592796,10024.592796,0.0
DDS_Publish,MARKER_DDS_WRITE_START,10024.592797,10024.592797,0.0
DDS_Publish,MARKER_DDS_WRITE_END,10024.592859,10024.592859,0.0
DDS_Publish,MARKER_DDS_MSG_END_DDS_Publish,10024.592859,10024.592859,0.0
DDS_Publish,MARKER_FUNCTION_END_DDS_Publish,10024.592872,10024.592872,0.0
DDS_Publish,MARKER_SLEEP_START_DDS_Publish,10024.592877,10024.592877,0.0
DDS_Publish,MARKER_PERIOD_END_DDS_Publish,10024.639480,10024.639480,0.0
DDS_Publish,MARKER_PERIOD_START_DDS_Publish,10024.639481,10024.639481,0.0
DDS_Publish,MARKER_FUNCTION_START_DDS_Publish,10024.639481,10024.639481,0.0
DDS_Publish,MARKER_PERIOD_END_DDS_Publish,10028.639613,10028.639613,0.0
DDS_Publish,MARKER_PERIOD_START_DDS_Publish,10028.639614,10028.639614,0.0
DDS_Publish,MARKER_FUNCTION_START_DDS_Publish,10028.639615,10028.639615,0.0
DDS_Publish,MARKER_DDS_MSG_START_DDS_Publish,10029.099449,10029.099449,0.0
DDS_Publish,MARKER_DDS_WRITE_START,10029.099450,10029.099450,0.0
DDS_Publish,MARKER_DDS_WRITE_END,10029.099525,10029.099525,0.0
DDS_Publish,MARKER_DDS_MSG_END_DDS_Publish,10029.099526,10029.099526,0.0
DDS_Publish,MARKER_FUNCTION_END_DDS_Publish,10029.099543,10029.099543,0.0
DDS_Publish,MARKER_SLEEP_START_DDS_Publish,10029.099550,10029.099550,0.0
DDS_Publish,MARKER_PERIOD_END_DDS_Publish,10029.139684,10029.139684,0.0
DDS_Publish,MARKER_PERIOD_START_DDS_Publish,10029.139685,10029.139685,0.0
DDS_Publish,MARKER_FUNCTION_START_DDS_Publish,10029.139685,10029.139685,0.0
DDS_Publish,MARKER_DDS_MSG_START_DDS_Publish,10029.593646,10029.593646,0.0
DDS_Publish,MARKER_DDS_WRITE_START,10029.593647,10029.593647,0.0
DDS_Publish,MARKER_DDS_WRITE_END,10029.593718,10029.593718,0.0
DDS_Publish,MARKER_DDS_MSG_END_DDS_Publish,10029.593718,10029.593718,0.0
DDS_Publish,MARKER_FUNCTION_END_DDS_Publish,10029.593734,10029.593734,0.0
DDS_Publish,MARKER_SLEEP_START_DDS_Publish,10029.593748,10029.593748,0.0
DDS_Publish,MARKER_PERIOD_END_DDS_Publish,10029.639643,10029.639643,0.0
DDS_Publish,MARKER_PERIOD_START_DDS_Publish,10029.639644,10029.639644,0.0
DDS_Publish,MARKER_FUNCTION_START_DDS_Publish,10029.639644,10029.639644,0.0
DDS_Publish,MARKER_DDS_MSG_START_DDS_Publish,10030.092547,10030.092547,0.0
DDS_Publish,MARKER_DDS_WRITE_START,10030.092548,10030.092548,0.0
DDS_Publish,MARKER_DDS_WRITE_END,10030.092615,10030.092615,0.0
DDS_Publish,MARKER_DDS_MSG_END_DDS_Publish,10030.092615,10030.092615,0.0
DDS_Publish,MARKER_FUNCTION_END_DDS_Publish,10030.092632,10030.092632,0.0
DDS_Publish,MARKER_SLEEP_START_DDS_Publish,10030.092639,10030.092639,0.0
DDS_Publish,MARKER_PERIOD_END_DDS_Publish,10030.139822,10030.139822,0.0
DDS_Publish,MARKER_PERIOD_START_DDS_Publish,10030.139823,10030.139823,0.0
DDS_Publish,MARKER_FUNCTION_START_DDS_Publish,10030.139824,10030.139824,0.0
DDS_Publish,MARKER_DDS_MSG_START_DDS_Publish,10030.595139,10030.595139,0.0
DDS_Publish,MARKER_DDS_WRITE_START,10030.595140,10030.595140,0.0
DDS_Publish,MARKER_DDS_WRITE_END,10030.595214,10030.595214,0.0
DDS_Publish,MARKER_DDS_MSG_END_DDS_Publish,10030.595214,10030.595214,0.0
DDS_Publish,MARKER_FUNCTION_END_DDS_Publish,10030.595227,10030.595227,0.0
DDS_Publish,MARKER_SLEEP_START_DDS_Publish,10030.595232,10030.595232,0.0
DDS_Publish,MARKER_PERIOD_END_DDS_Publish,10030.639688,10030.639688,0.0
DDS_Publish,MARKER_PERIOD_START_DDS_Publish,10030.639689,10030.639689,0.0
DDS_Publish,MARKER_FUNCTION_START_DDS_Publish,10030.639690,10030.639690,0.0
DDS_Publish,MARKER_DDS_MSG_START_DDS_Publish,10031.091821,10031.091821,0.0
DDS_Publish,MARKER_DDS_WRITE_START,10031.091822,10031.091822,0.0
DDS_Publish,MARKER_DDS_WRITE_END,10031.091888,10031.091888,0.0
DDS_Publish,MARKER_DDS_MSG_END_DDS_Publish,10031.091889,10031.091889,0.0
DDS_Publish,MARKER_FUNCTION_END_DDS_Publish,10031.091902,10031.091902,0.0
DDS_Publish,MARKER_SLEEP_START_DDS_Publish,10031.091909,10031.091909,0.0
DDS_Publish,MARKER_PERIOD_END_DDS_Publish,10031.139700,10031.139700,0.0
DDS_Publish,MARKER_PERIOD_START_DDS_Publish,10031.139701,10031.139701,0.0
DDS_Publish,MARKER_FUNCTION_START_DDS_Publish,10031.139701,10031.139701,0.0
DDS_Publish,MARKER_DDS_MSG_START_DDS_Publish,10031.593237,10031.593237,0.0
DDS_Publish,MARKER_DDS_WRITE_START,10031.593238,10031.593238,0.0
DDS_Publish,MARKER_DDS_WRITE_END,10031.593299,10031.593299,0.0
DDS_Publish,MARKER_DDS_MSG_END_DDS_Publish,10031.593299,10031.593299,0.0
DDS_Publish,MARKER_FUNCTION_END_DDS_Publish,10031.593312,10031.593312,0.0
DDS_Publish,MARKER_SLEEP_START_DDS_Publish,10031.593317,10031.593317,0.0
DDS_Publish,MARKER_PERIOD_END_DDS_Publish,10031.639712,10031.639712,0.0
DDS_Publish,MARKER_PERIOD_START_DDS_Publish,10031.639713,10031.639713,0.0
DDS_Publish,MARKER_FUNCTION_START_DDS_Publish,10031.639714,10031.639714,0.0
DDS_Publish,MARKER_PERIOD_END_DDS_Publish,10034.139799,10034.139799,0.0
DDS_Publish,MARKER_PERIOD_START_DDS_Publish,10034.139800,10034.139800,0.0
DDS_Publish,MARKER_FUNCTION_START_DDS_Publish,10034.139801,10034.139801,0.0
DDS_Publish,MARKER_DDS_MSG_START_DDS_Publish,10034.602985,10034.602985,0.0
DDS_Publish,MARKER_DDS_WRITE_START,10034.602986,10034.602986,0.0
DDS_Publish,MARKER_DDS_WRITE_END,10034.603058,10034.603058,0.0
DDS_Publish,MARKER_DDS_MSG_END_DDS_Publish,10034.603058,10034.603058,0.0
DDS_Publish,MARKER_FUNCTION_END_DDS_Publish,10034.603073,10034.603073,0.0
DDS_Publish,MARKER_SLEEP_START_DDS_Publish,10034.603078,10034.603078,0.0
DDS_Publish,MARKER_PERIOD_END_DDS_Publish,10034.639814,10034.639814,0.0
DDS_Publish,MARKER_PERIOD_START_DDS_Publish,10034.639816,10034.639816,0.0
DDS_Publish,MARKER_FUNCTION_START_DDS_Publish,10034.639816,10034.639816,0.0
DDS_Publish,MARKER_DDS_MSG_START_DDS_Publish,10035.101814,10035.101814,0.0
DDS_Publish,MARKER_DDS_WRITE_START,10035.101815,10035.101815,0.0
DDS_Publish,MARKER_DDS_WRITE_END,10035.101896,10035.101896,0.0
DDS_Publish,MARKER_DDS_MSG_END_DDS_Publish,10035.101896,10035.101896,0.0
DDS_Publish,MARKER_FUNCTION_END_DDS_Publish,10035.101909,10035.101909,0.0
DDS_Publish,MARKER_SLEEP_START_DDS_Publish,10035.101919,10035.101919,0.0
DDS_Publish,MARKER_PERIOD_END_DDS_Publish,10035.139828,10035.139828,0.0
DDS_Publish,MARKER_PERIOD_START_DDS_Publish,10035.139830,10035.139830,0.0
DDS_Publish,MARKER_FUNCTION_START_DDS_Publish,10035.139831,10035.139831,0.0
DDS_Publish,MARKER_DDS_MSG_START_DDS_Publish,10035.600782,10035.600782,0.0
DDS_Publish,MARKER_DDS_WRITE_START,10035.600783,10035.600783,0.0
DDS_Publish,MARKER_DDS_WRITE_END,10035.600868,10035.600868,0.0
DDS_Publish,MARKER_DDS_MSG_END_DDS_Publish,10035.600868,10035.600868,0.0
DDS_Publish,MARKER_FUNCTION_END_DDS_Publish,10035.600881,10035.600881,0.0
DDS_Publish,MARKER_SLEEP_START_DDS_Publish,10035.600887,10035.600887,0.0
DDS_Publish,MARKER_PERIOD_END_DDS_Publish,10035.639855,10035.639855,0.0
DDS_Publish,MARKER_PERIOD_START_DDS_Publish,10035.639856,10035.639856,0.0
DDS_Publish,MARKER_FUNCTION_START_DDS_Publish,10035.639857,10035.639857,0.0
DDS_Publish,MARKER_DDS_MSG_START_DDS_Publish,10036.111465,10036.111465,0.0
DDS_Publish,MARKER_DDS_WRITE_START,10036.111466,10036.111466,0.0
DDS_Publish,MARKER_DDS_WRITE_END,10036.111537,10036.111537,0.0
DDS_Publish,MARKER_DDS_MSG_END_DDS_Publish,10036.111538,10036.111538,0.0
DDS_Publish,MARKER_FUNCTION_END_DDS_Publish,10036.111549,10036.111549,0.0
DDS_Publish,MARKER_SLEEP_START_DDS_Publish,10036.111555,10036.111555,0.0
DDS_Publish,MARKER_PERIOD_END_DDS_Publish,10036.140001,10036.140001,0.0
DDS_Publish,MARKER_PERIOD_START_DDS_Publish,10036.140003,10036.140003,0.0
DDS_Publish,MARKER_FUNCTION_START_DDS_Publish,10036.140003,10036.140003,0.0
DDS_Publish,MARKER_DDS_MSG_START_DDS_Publish,10036.605560,10036.605560,0.0
DDS_Publish,MARKER_DDS_WRITE_START,10036.605561,10036.605561,0.0
DDS_Publish,MARKER_DDS_WRITE_END,10036.605651,10036.605651,0.0
DDS_Publish,MARKER_DDS_MSG_END_DDS_Publish,10036.605652,10036.605652,0.0
DDS_Publish,MARKER_FUNCTION_END_DDS_Publish,10036.605666,10036.605666,0.0
DDS_Publish,MARKER_SLEEP_START_DDS_Publish,10036.605672,10036.605672,0.0
DDS_Publish,MARKER_PERIOD_END_DDS_Publish,10036.639877,10036.639877,0.0
DDS_Publish,MARKER_PERIOD_START_DDS_Publish,10036.639878,10036.639878,0.0
DDS_Publish,MARKER_FUNCTION_START_DDS_Publish,10036.639878,10036.639878,0.0
DDS_Publish,MARKER_DDS_MSG_START_DDS_Publish,10037.108618,10037.108618,0.0
DDS_Publish,MARKER_DDS_WRITE_START,10037.108619,10037.108619,0.0
DDS_Publish,MARKER_DDS_WRITE_END,10037.108694,10037.108694,0.0
DDS_Publish,MARKER_DDS_MSG_END_DDS_Publish,10037.108694,10037.108694,0.0
DDS_Publish,MARKER_FUNCTION_END_DDS_Publish,10037.108713,10037.108713,0.0
DDS_Publish,MARKER_SLEEP_START_DDS_Publish,10037.108724,10037.108724,0.0
DDS_Publish,MARKER_PERIOD_END_DDS_Publish,10037.139908,10037.139908,0.0
DDS_Publish,MARKER_PERIOD_START_DDS_Publish,10037.139909,10037.139909,0.0
DDS_Publish,MARKER_FUNCTION_START_DDS_Publish,10037.139910,10037.139910,0.0
DDS_Publish,MARKER_DDS_MSG_START_DDS_Publish,10037.603948,10037.603948,0.0
DDS_Publish,MARKER_DDS_WRITE_START,10037.603950,10037.603950,0.0
DDS_Publish,MARKER_DDS_WRITE_END,10037.604023,10037.604023,0.0
DDS_Publish,MARKER_DDS_MSG_END_DDS_Publish,10037.604023,10037.604023,0.0
DDS_Publish,MARKER_FUNCTION_END_DDS_Publish,10037.604038,10037.604038,0.0
DDS_Publish,MARKER_SLEEP_START_DDS_Publish,10037.604061,10037.604061,0.0
DDS_Publish,MARKER_PERIOD_END_DDS_Publish,10037.639924,10037.639924,0.0
DDS_Publish,MARKER_PERIOD_START_DDS_Publish,10037.639925,10037.639925,0.0
DDS_Publish,MARKER_FUNCTION_START_DDS_Publish,10037.639925,10037.639925,0.0
DDS_Publish,MARKER_DDS_MSG_START_DDS_Publish,10038.123269,10038.123269,0.0
DDS_Publish,MARKER_DDS_WRITE_START,10038.123270,10038.123270,0.0
DDS_Publish,MARKER_DDS_WRITE_END,10038.123352,10038.123352,0.0
DDS_Publish,MARKER_DDS_MSG_END_DDS_Publish,10038.123353,10038.123353,0.0
DDS_Publish,MARKER_FUNCTION_END_DDS_Publish,10038.123370,10038.123370,0.0
DDS_Publish,MARKER_SLEEP_START_DDS_Publish,10038.123380,10038.123380,0.0
DDS_Publish,MARKER_PERIOD_END_DDS_Publish,10038.139934,10038.139934,0.0
DDS_Publish,MARKER_PERIOD_START_DDS_Publish,10038.139936,10038.139936,0.0
DDS_Publish,MARKER_FUNCTION_START_DDS_Publish,10038.139936,10038.139936,0.0
DDS_Publish,MARKER_DDS_MSG_START_DDS_Publish,10038.611162,10038.611162,0.0
DDS_Publish,MARKER_DDS_WRITE_START,10038.611163,10038.611163,0.0
DDS_Publish,MARKER_DDS_WRITE_END,10038.611229,10038.611229,0.0
DDS_Publish,MARKER_DDS_MSG_END_DDS_Publish,10038.611229,10038.611229,0.0
DDS_Publish,MARKER_FUNCTION_END_DDS_Publish,10038.611244,10038.611244,0.0
DDS_Publish,MARKER_SLEEP_START_DDS_Publish,10038.611253,10038.611253,0.0
DDS_Publish,MARKER_PERIOD_END_DDS_Publish,10038.639952,10038.639952,0.0
DDS_Publish,MARKER_PERIOD_START_DDS_Publish,10038.639953,10038.639953,0.0
DDS_Publish,MARKER_FUNCTION_START_DDS_Publish,10038.639953,10038.639953,0.0
DDS_Publish,MARKER_DDS_MSG_START_DDS_Publish,10039.106276,10039.106276,0.0
DDS_Publish,MARKER_DDS_WRITE_START,10039.106277,10039.106277,0.0
DDS_Publish,MARKER_DDS_WRITE_END,10039.106340,10039.106340,0.0
DDS_Publish,MARKER_DDS_MSG_END_DDS_Publish,10039.106340,10039.106340,0.0
DDS_Publish,MARKER_FUNCTION_END_DDS_Publish,10039.106353,10039.106353,0.0
DDS_Publish,MARKER_SLEEP_START_DDS_Publish,10039.106362,10039.106362,0.0
DDS_Publish,MARKER_PERIOD_END_DDS_Publish,10039.139961,10039.139961,0.0
DDS_Publish,MARKER_PERIOD_START_DDS_Publish,10039.139963,10039.139963,0.0
DDS_Publish,MARKER_FUNCTION_START_DDS_Publish,10039.139963,10039.139963,0.0
DDS_Publish,MARKER_DDS_MSG_START_DDS_Publish,10039.604706,10039.604706,0.0
DDS_Publish,MARKER_DDS_WRITE_START,10039.604707,10039.604707,0.0
DDS_Publish,MARKER_DDS_WRITE_END,10039.604775,10039.604775,0.0
DDS_Publish,MARKER_DDS_MSG_END_DDS_Publish,10039.604775,10039.604775,0.0
DDS_Publish,MARKER_FUNCTION_END_DDS_Publish,10039.604789,10039.604789,0.0
DDS_Publish,MARKER_SLEEP_START_DDS_Publish,10039.604794,10039.604794,0.0
DDS_Publish,MARKER_PERIOD_END_DDS_Publish,10039.639978,10039.639978,0.0
DDS_Publish,MARKER_PERIOD_START_DDS_Publish,10039.639979,10039.639979,0.0
DDS_Publish,MARKER_FUNCTION_START_DDS_Publish,10039.639979,10039.639979,0.0
DDS_Publish,MARKER_DDS_MSG_START_DDS_Publish,10040.140719,10040.140719,0.0
DDS_Publish,MARKER_DDS_WRITE_START,10040.140720,10040.140720,0.0
DDS_Publish,MARKER_DDS_WRITE_END,10040.140778,10040.140778,0.0
DDS_Publish,MARKER_DDS_MSG_END_DDS_Publish,10040.140778,10040.140778,0.0
DDS_Publish,MARKER_FUNCTION_END_DDS_Publish,10040.140796,10040.140796,0.0
DDS_Publish,MARKER_SLEEP_START_DDS_Publish,10040.140804,10040.140804,0.0
DDS_Publish,MARKER_PERIOD_END_DDS_Publish,10040.140812,10040.140812,0.0
DDS_Publish,MARKER_PERIOD_START_DDS_Publish,10040.140813,10040.140813,0.0
DDS_Publish,MARKER_FUNCTION_START_DDS_Publish,10040.140813,10040.140813,0.0
DDS_Publish,MARKER_DDS_MSG_START_DDS_Publish,10040.613548,10040.613548,0.0
DDS_Publish,MARKER_DDS_WRITE_START,10040.613549,10040.613549,0.0
DDS_Publish,MARKER_DDS_WRITE_END,10040.613607,10040.613607,0.0
DDS_Publish,MARKER_DDS_MSG_END_DDS_Publish,10040.613607,10040.613607,0.0
DDS_Publish,MARKER_FUNCTION_END_DDS_Publish,10040.613621,10040.613621,0.0
DDS_Publish,MARKER_SLEEP_START_DDS_Publish,10040.613632,10040.613632,0.0
DDS_Publish,MARKER_PERIOD_END_DDS_Publish,10040.640006,10040.640006,0.0
DDS_Publish,MARKER_PERIOD_START_DDS_Publish,10040.640007,10040.640007,0.0
DDS_Publish,MARKER_FUNCTION_START_DDS_Publish,10040.640008,10040.640008,0.0
DDS_Publish,MARKER_DDS_MSG_START_DDS_Publish,10041.137005,10041.137005,0.0
DDS_Publish,MARKER_DDS_WRITE_START,10041.137006,10041.137006,0.0
DDS_Publish,MARKER_DDS_WRITE_END,10041.137114,10041.137114,0.0
DDS_Publish,MARKER_DDS_MSG_END_DDS_Publish,10041.137114,10041.137114,0.0
DDS_Publish,MARKER_FUNCTION_END_DDS_Publish,10041.137137,10041.137137,0.0
DDS_Publish,MARKER_SLEEP_START_DDS_Publish,10041.137148,10041.137148,0.0
DDS_Publish,MARKER_PERIOD_END_DDS_Publish,10041.140034,10041.140034,0.0
DDS_Publish,MARKER_PERIOD_START_DDS_Publish,10041.140035,10041.140035,0.0
DDS_Publish,MARKER_FUNCTION_START_DDS_Publish,10041.140036,10041.140036,0.0
DDS_Publish,MARKER_DDS_MSG_START_DDS_Publish,10041.637898,10041.637898,0.0
DDS_Publish,MARKER_DDS_WRITE_START,10041.637899,10041.637899,0.0
DDS_Publish,MARKER_DDS_WRITE_END,10041.637961,10041.637961,0.0
DDS_Publish,MARKER_DDS_MSG_END_DDS_Publish,10041.637962,10041.637962,0.0
DDS_Publish,MARKER_FUNCTION_END_DDS_Publish,10041.637974,10041.637974,0.0
DDS_Publish,MARKER_SLEEP_START_DDS_Publish,10041.637982,10041.637982,0.0
DDS_Publish,MARKER_PERIOD_END_DDS_Publish,10041.640042,10041.640042,0.0
DDS_Publish,MARKER_PERIOD_START_DDS_Publish,10041.640043,10041.640043,0.0
DDS_Publish,MARKER_FUNCTION_START_DDS_Publish,10041.640043,10041.640043,0.0
DDS_Publish,MARKER_DDS_MSG_START_DDS_Publish,10042.117647,10042.117647,0.0
DDS_Publish,MARKER_DDS_WRITE_START,10042.117649,10042.117649,0.0
DDS_Publish,MARKER_DDS_WRITE_END,10042.117735,10042.117735,0.0
DDS_Publish,MARKER_DDS_MSG_END_DDS_Publish,10042.117735,10042.117735,0.0
DDS_Publish,MARKER_FUNCTION_END_DDS_Publish,10042.117751,10042.117751,0.0
DDS_Publish,MARKER_SLEEP_START_DDS_Publish,10042.117757,10042.117757,0.0
DDS_Publish,MARKER_PERIOD_END_DDS_Publish,10042.140074,10042.140074,0.0
DDS_Publish,MARKER_PERIOD_START_DDS_Publish,10042.140075,10042.140075,0.0
DDS_Publish,MARKER_FUNCTION_START_DDS_Publish,10042.140076,10042.140076,0.0
DDS_Publish,MARKER_DDS_MSG_START_DDS_Publish,10042.616721,10042.616721,0.0
DDS_Publish,MARKER_DDS_WRITE_START,10042.616722,10042.616722,0.0
DDS_Publish,MARKER_DDS_WRITE_END,10042.616779,10042.616779,0.0
DDS_Publish,MARKER_DDS_MSG_END_DDS_Publish,10042.616780,10042.616780,0.0
DDS_Publish,MARKER_FUNCTION_END_DDS_Publish,10042.616793,10042.616793,0.0
DDS_Publish,MARKER_SLEEP_START_DDS_Publish,10042.616799,10042.616799,0.0
DDS_Publish,MARKER_PERIOD_END_DDS_Publish,10042.640071,10042.640071,0.0
DDS_Publish,MARKER_PERIOD_START_DDS_Publish,10042.640072,10042.640072,0.0
DDS_Publish,MARKER_FUNCTION_START_DDS_Publish,10042.640072,10042.640072,0.0
DDS_Publish,MARKER_DDS_MSG_START_DDS_Publish,10043.111392,10043.111392,0.0
DDS_Publish,MARKER_DDS_WRITE_START,10043.111393,10043.111393,0.0
DDS_Publish,MARKER_DDS_WRITE_END,10043.111452,10043.111452,0.0
DDS_Publish,MARKER_DDS_MSG_END_DDS_Publish,10043.111452,10043.111452,0.0
DDS_Publish,MARKER_FUNCTION_END_DDS_Publish,10043.111465,10043.111465,0.0
DDS_Publish,MARKER_SLEEP_START_DDS_Publish,10043.111470,10043.111470,0.0
DDS_Publish,MARKER_PERIOD_END_DDS_Publish,10043.140086,10043.140086,0.0
DDS_Publish,MARKER_PERIOD_START_DDS_Publish,10043.140087,10043.140087,0.0
DDS_Publish,MARKER_FUNCTION_START_DDS_Publish,10043.140087,10043.140087,0.0
DDS_Publish,MARKER_PERIOD_END_DDS_Publish,10046.640206,10046.640206,0.0
DDS_Publish,MARKER_PERIOD_START_DDS_Publish,10046.640207,10046.640207,0.0
DDS_Publish,MARKER_FUNCTION_START_DDS_Publish,10046.640208,10046.640208,0.0
DDS_Publish,MARKER_DDS_MSG_START_DDS_Publish,10047.124824,10047.124824,0.0
DDS_Publish,MARKER_DDS_WRITE_START,10047.124826,10047.124826,0.0
DDS_Publish,MARKER_DDS_WRITE_END,10047.124882,10047.124882,0.0
DDS_Publish,MARKER_DDS_MSG_END_DDS_Publish,10047.124883,10047.124883,0.0
DDS_Publish,MARKER_FUNCTION_END_DDS_Publish,10047.124908,10047.124908,0.0
DDS_Publish,MARKER_SLEEP_START_DDS_Publish,10047.124914,10047.124914,0.0
DDS_Publish,MARKER_PERIOD_END_DDS_Publish,10047.140218,10047.140218,0.0
DDS_Publish,MARKER_PERIOD_START_DDS_Publish,10047.140219,10047.140219,0.0
DDS_Publish,MARKER_FUNCTION_START_DDS_Publish,10047.140219,10047.140219,0.0
DDS_Publish,MARKER_DDS_MSG_START_DDS_Publish,10047.651129,10047.651129,0.0
DDS_Publish,MARKER_DDS_WRITE_START,10047.651131,10047.651131,0.0
DDS_Publish,MARKER_DDS_WRITE_END,10047.651207,10047.651207,0.0
DDS_Publish,MARKER_DDS_MSG_END_DDS_Publish,10047.651207,10047.651207,0.0
DDS_Publish,MARKER_FUNCTION_END_DDS_Publish,10047.651228,10047.651228,0.0
DDS_Publish,MARKER_SLEEP_START_DDS_Publish,10047.651243,10047.651243,0.0
DDS_Publish,MARKER_PERIOD_END_DDS_Publish,10047.651254,10047.651254,0.0
DDS_Publish,MARKER_PERIOD_START_DDS_Publish,10047.651254,10047.651254,0.0
DDS_Publish,MARKER_DDS_MSG_START_DDS_Publish,10085.125874,10085.125874,0.0
DDS_Publish,MARKER_DDS_WRITE_START,10085.125876,10085.125876,0.0
DDS_Publish,MARKER_DDS_WRITE_END,10085.125948,10085.125948,0.0
DDS_Publish,MARKER_DDS_MSG_END_DDS_Publish,10085.125948,10085.125948,0.0
DDS_Publish,MARKER_FUNCTION_END_DDS_Publish,10085.125961,10085.125961,0.0
DDS_Publish,MARKER_SLEEP_START_DDS_Publish,10085.125969,10085.125969,0.0
DDS_Publish,MARKER_PERIOD_END_DDS_Publish,10085.141416,10085.141416,0.0
DDS_Publish,MARKER_PERIOD_START_DDS_Publish,10085.141416,10085.141416,0.0
DDS_Publish,MARKER_FUNCTION_START_DDS_Publish,10085.141417,10085.141417,0.0
DDS_Publish,MARKER_DDS_MSG_START_DDS_Publish,10085.615118,10085.615118,0.0
DDS_Publish,MARKER_DDS_WRITE_START,10085.615120,10085.615120,0.0
DDS_Publish,MARKER_DDS_WRITE_END,10085.615174,10085.615174,0.0
DDS_Publish,MARKER_DDS_MSG_END_DDS_Publish,10085.615175,10085.615175,0.0
DDS_Publish,MARKER_FUNCTION_END_DDS_Publish,10085.615202,10085.615202,0.0
DDS_Publish,MARKER_SLEEP_START_DDS_Publish,10085.615206,10085.615206,0.0
DDS_Publish,MARKER_PERIOD_END_DDS_Publish,10085.641431,10085.641431,0.0
DDS_Publish,MARKER_PERIOD_START_DDS_Publish,10085.641432,10085.641432,0.0
DDS_Publish,MARKER_FUNCTION_START_DDS_Publish,10085.641432,10085.641432,0.0
DDS_Publish,MARKER_DDS_MSG_START_DDS_Publish,10086.123436,10086.123436,0.0
DDS_Publish,MARKER_DDS_WRITE_START,10086.123438,10086.123438,0.0
DDS_Publish,MARKER_DDS_WRITE_END,10086.123732,10086.123732,0.0
DDS_Publish,MARKER_DDS_MSG_END_DDS_Publish,10086.123733,10086.123733,0.0
DDS_Publish,MARKER_FUNCTION_END_DDS_Publish,10086.123749,10086.123749,0.0
DDS_Publish,MARKER_SLEEP_START_DDS_Publish,10086.123759,10086.123759,0.0
DDS_Publish,MARKER_PERIOD_END_DDS_Publish,10086.141453,10086.141453,0.0
DDS_Publish,MARKER_PERIOD_START_DDS_Publish,10086.141455,10086.141455,0.0
DDS_Publish,MARKER_FUNCTION_START_DDS_Publish,10086.141455,10086.141455,0.0
DDS_Publish,MARKER_DDS_MSG_START_DDS_Publish,10086.627235,10086.627235,0.0
DDS_Publish,MARKER_DDS_WRITE_START,10086.627237,10086.627237,0.0
DDS_Publish,MARKER_DDS_WRITE_END,10086.627313,10086.627313,0.0
DDS_Publish,MARKER_DDS_MSG_END_DDS_Publish,10086.627313,10086.627313,0.0
DDS_Publish,MARKER_FUNCTION_END_DDS_Publish,10086.627328,10086.627328,0.0
DDS_Publish,MARKER_SLEEP_START_DDS_Publish,10086.627332,10086.627332,0.0
DDS_Publish,MARKER_PERIOD_END_DDS_Publish,10086.641459,10086.641459,0.0
DDS_Publish,MARKER_PERIOD_START_DDS_Publish,10086.641459,10086.641459,0.0
DDS_Publish,MARKER_FUNCTION_START_DDS_Publish,10086.641460,10086.641460,0.0
DDS_Publish,MARKER_DDS_MSG_START_DDS_Publish,10087.117265,10087.117265,0.0
DDS_Publish,MARKER_DDS_WRITE_START,10087.117266,10087.117266,0.0
DDS_Publish,MARKER_DDS_WRITE_END,10087.117335,10087.117335,0.0
DDS_Publish,MARKER_DDS_MSG_END_DDS_Publish,10087.117336,10087.117336,0.0
DDS_Publish,MARKER_FUNCTION_END_DDS_Publish,10087.117350,10087.117350,0.0
DDS_Publish,MARKER_SLEEP_START_DDS_Publish,10087.117355,10087.117355,0.0
DDS_Publish,MARKER_PERIOD_END_DDS_Publish,10087.141479,10087.141479,0.0
DDS_Publish,MARKER_PERIOD_START_DDS_Publish,10087.141481,10087.141481,0.0
DDS_Publish,MARKER_FUNCTION_START_DDS_Publish,10087.141482,10087.141482,0.0
DDS_Publish,MARKER_DDS_MSG_START_DDS_Publish,10087.660526,10087.660526,0.0
DDS_Publish,MARKER_DDS_WRITE_START,10087.660528,10087.660528,0.0
DDS_Publish,MARKER_DDS_WRITE_END,10087.660556,10087.660556,0.0
DDS_Publish,MARKER_DDS_MSG_END_DDS_Publish,10087.660557,10087.660557,0.0
DDS_Publish,MARKER_FUNCTION_END_DDS_Publish,10087.660570,10087.660570,0.0
DDS_Publish,MARKER_SLEEP_START_DDS_Publish,10087.660577,10087.660577,0.0
DDS_Publish,MARKER_PERIOD_END_DDS_Publish,10087.660584,10087.660584,0.0
DDS_Publish,MARKER_PERIOD_START_DDS_Publish,10087.660585,10087.660585,0.0
DDS_Publish,MARKER_PERIOD_END_DDS_Publish,10088.141535,10088.141535,0.0
DDS_Publish,MARKER_PERIOD_START_DDS_Publish,10088.141536,10088.141536,0.0
DDS_Publish,MARKER_FUNCTION_START_DDS_Publish,10088.141537,10088.141537,0.0
DDS_Publish,DDS_MSG,10021.585129,10021.585228,0.099000
DDS_Publish,DDS_MSG,10021.585133,10021.585229,0.096000
DDS_Publish,DDS_MSG,10022.108640,10022.108719,0.079000
DDS_Publish,DDS_MSG,10022.108641,10022.108719,0.078000
DDS_Publish,DDS_MSG,10022.583250,10022.583314,0.064000
DDS_Publish,DDS_MSG,10022.583251,10022.583314,0.063000
DDS_Publish,DDS_MSG,10023.087080,10023.087165,0.085000
DDS_Publish,DDS_MSG,10023.087081,10023.087165,0.084000
DDS_Publish,DDS_MSG,10023.584471,10023.584562,0.091000
DDS_Publish,DDS_MSG,10023.584472,10023.584562,0.090000
DDS_Publish,DDS_MSG,10024.117786,10024.117855,0.069000
DDS_Publish,DDS_MSG,10024.117788,10024.117855,0.067000
DDS_Publish,DDS_MSG,10024.592796,10024.592859,0.063000
DDS_Publish,DDS_MSG,10024.592797,10024.592859,0.062000
DDS_Publish,DDS_MSG,10029.099449,10029.099525,0.076000
DDS_Publish,DDS_MSG,10029.099450,10029.099526,0.076000
DDS_Publish,DDS_MSG,10029.593646,10029.593718,0.072000
DDS_Publish,DDS_MSG,10029.593647,10029.593718,0.071000
DDS_Publish,DDS_MSG,10030.092547,10030.092615,0.068000
DDS_Publish,DDS_MSG,10030.092548,10030.092615,0.067000
DDS_Publish,DDS_MSG,10030.595139,10030.595214,0.075000
DDS_Publish,DDS_MSG,10030.595140,10030.595214,0.074000
DDS_Publish,DDS_MSG,10031.091821,10031.091888,0.067000
DDS_Publish,DDS_MSG,10031.091822,10031.091889,0.067000
DDS_Publish,DDS_MSG,10031.593237,10031.593299,0.062000
DDS_Publish,DDS_MSG,10031.593238,10031.593299,0.061000
DDS_Publish,DDS_MSG,10034.602985,10034.603058,0.073000
DDS_Publish,DDS_MSG,10034.602986,10034.603058,0.072000
DDS_Publish,DDS_MSG,10035.101814,10035.101896,0.082000
DDS_Publish,DDS_MSG,10035.101815,10035.101896,0.081000
DDS_Publish,DDS_MSG,10035.600782,10035.600868,0.086000
DDS_Publish,DDS_MSG,10035.600783,10035.600868,0.085000
DDS_Publish,DDS_MSG,10036.111465,10036.111537,0.072000
DDS_Publish,DDS_MSG,10036.111466,10036.111538,0.072000
DDS_Publish,DDS_MSG,10036.605560,10036.605651,0.091000
DDS_Publish,DDS_MSG,10036.605561,10036.605652,0.091000
DDS_Publish,DDS_MSG,10037.108618,10037.108694,0.076000
DDS_Publish,DDS_MSG,10037.108619,10037.108694,0.075000
DDS_Publish,DDS_MSG,10037.603948,10037.604023,0.075000
DDS_Publish,DDS_MSG,10037.603950,10037.604023,0.073000
DDS_Publish,DDS_MSG,10038.123269,10038.123352,0.083000
DDS_Publish,DDS_MSG,10038.123270,10038.123353,0.083000
DDS_Publish,DDS_MSG,10038.611162,10038.611229,0.067000
DDS_Publish,DDS_MSG,10038.611163,10038.611229,0.066000
DDS_Publish,DDS_MSG,10039.106276,10039.106340,0.064000
DDS_Publish,DDS_MSG,10039.106277,10039.106340,0.063000
DDS_Publish,DDS_MSG,10039.604706,10039.604775,0.069000
DDS_Publish,DDS_MSG,10039.604707,10039.604775,0.068000
DDS_Publish,DDS_MSG,10040.140719,10040.140778,0.059000
DDS_Publish,DDS_MSG,10040.140720,10040.140778,0.058000
DDS_Publish,DDS_MSG,10040.613548,10040.613607,0.059000
DDS_Publish,DDS_MSG,10040.613549,10040.613607,0.058000
DDS_Publish,DDS_MSG,10041.137005,10041.137114,0.109000
DDS_Publish,DDS_MSG,10041.137006,10041.137114,0.108000
DDS_Publish,DDS_MSG,10041.637898,10041.637961,0.063000
DDS_Publish,DDS_MSG,10041.637899,10041.637962,0.063000
DDS_Publish,DDS_MSG,10042.117647,10042.117735,0.088000
DDS_Publish,DDS_MSG,10042.117649,10042.117735,0.086000
DDS_Publish,DDS_MSG,10042.616721,10042.616779,0.058000
DDS_Publish,DDS_MSG,10042.616722,10042.616780,0.058000
DDS_Publish,DDS_MSG,10043.111392,10043.111452,0.060000
DDS_Publish,DDS_MSG,10043.111393,10043.111452,0.059000
DDS_Publish,DDS_MSG,10047.124824,10047.124882,0.058000
DDS_Publish,DDS_MSG,10047.124826,10047.124883,0.057000
DDS_Publish,DDS_MSG,10047.651129,10047.651207,0.078000
DDS_Publish,DDS_MSG,10047.651131,10047.651207,0.076000
DDS_Publish,DDS_MSG,10085.125874,10085.125948,0.074000
DDS_Publish,DDS_MSG,10085.125876,10085.125948,0.072000
DDS_Publish,DDS_MSG,10085.615118,10085.615174,0.056000
DDS_Publish,DDS_MSG,10085.615120,10085.615175,0.055000
DDS_Publish,DDS_MSG,10086.123436,10086.123732,0.296000
DDS_Publish,DDS_MSG,10086.123438,10086.123733,0.295000
DDS_Publish,DDS_MSG,10086.627235,10086.627313,0.078000
DDS_Publish,DDS_MSG,10086.627237,10086.627313,0.076000
DDS_Publish,DDS_MSG,10087.117265,10087.117335,0.070000
DDS_Publish,DDS_MSG,10087.117266,10087.117336,0.070000
DDS_Publish,DDS_MSG,10087.660526,10087.660556,0.030000
DDS_Publish,DDS_MSG,10087.660528,10087.660557,0.029000
DDS_Publish,STAT_DDS_COUNT,0,0,78
DDS_Publish,STAT_DDS_WCET,0,0,0.296000
DDS_Publish,STAT_DDS_ACET,0,0,0.077551
DDS_Publish,STAT_PERIOD,0,0,500.000000
DDS_Publish,STAT_MEASURED,0,0,500.016000
DDS_Publish,STAT_DEADLINE,0,0,500.000000
DDS_Publish,STAT_WCET,0,0,3499.371000
DDS_Publish,STAT_ACET,0,0,537.699459
DDS_Publish,STAT_JITTER,0,0,5593.549000
DDS_Publish,STAT_UTIL,0,0,0.925346
DDS_Publish,STAT_NRUN,0,0,964
DDS_Publish,STAT_NPRE,0,0,908
DDS_Publish,STAT_NSLP,0,0,32
DDS_Publish,STAT_NMISS,0,0,4
DDS_Publish,STAT_WSLACK,0,0,-36974.707000
DDS_Publish,STAT_HGAPS,0,0,1.000000
DDS_Publish,STAT_NGAPS,0,0,940
DDS_Publish,STAT_MAXGAP,0,0,3956.158000
DDS_Publish,STAT_RUNTOT,0,0,19894.942000
DDS_Publish,STAT_PRETOT,0,0,6557.117000
DDS_Publish,STAT_SLPTOT,0,0,1050.970000
Activity_1,RUN,10021.585248,10021.609542,24.294000
Activity_1,RUN,10021.609833,10021.637905,28.072000
Activity_1,RUN,10021.637975,10021.638334,0.359000
Activity_1,RUN,10021.638568,10021.638726,0.158000
Activity_1,RUN,10021.638999,10021.639358,0.359000
Activity_1,RUN,10022.108749,10022.121564,12.815000
Activity_1,RUN,10022.121853,10022.123027,1.174000
Activity_1,RUN,10022.123229,10022.123465,0.236000
Activity_1,RUN,10022.123675,10022.124003,0.328000
Activity_1,RUN,10022.124228,10022.124397,0.169000
Activity_1,RUN,10022.124428,10022.126214,1.786000
Activity_1,RUN,10022.126442,10022.139391,12.949000
Activity_1,RUN,10022.583335,10022.583377,0.042000
Activity_1,RUN,10022.583383,10022.590114,6.731000
Activity_1,RUN,10022.590117,10022.590122,0.005000
Activity_1,RUN,10023.585335,10023.600216,14.881000
Activity_1,RUN,10023.600491,10023.639440,38.949000
Activity_1,RUN,10024.117882,10024.128431,10.549000
Activity_1,RUN,10024.128463,10024.128572,0.109000
Activity_1,RUN,10024.128613,10024.128644,0.031000
Activity_1,RUN,10024.128912,10024.129737,0.825000
Activity_1,RUN,10024.129962,10024.139456,9.494000
Activity_1,RUN,10024.592879,10024.599659,6.780000
Activity_1,RUN,10024.599855,10024.608542,8.687000
Activity_1,RUN,10024.608545,10024.608549,0.004000
Activity_1,RUN,10028.585518,10028.625179,39.661000
Activity_1,RUN,10028.625217,10028.639606,14.389000
Activity_1,RUN,10029.099556,10029.135515,35.959000
Activity_1,RUN,10029.593752,10029.596862,3.110000
Activity_1,RUN,10029.596925,10029.639640,42.715000
Activity_1,RUN,10030.092643,10030.100631,7.988000
Activity_1,RUN,10030.100637,10030.101627,0.990000
Activity_1,RUN,10030.101629,10030.103624,1.995000
Activity_1,RUN,10030.103635,10030.106543,2.908000
Activity_1,RUN,10030.106577,10030.108841,2.264000
Activity_1,RUN,10030.108895,10030.136703,27.808000
Activity_1,RUN,10030.595235,10030.616857,21.622000
Activity_1,RUN,10030.617095,10030.622584,5.489000
Activity_1,RUN,10030.622875,10030.639684,16.809000
Activity_1,RUN,10031.091912,10031.099665,7.753000
Activity_1,RUN,10031.099671,10031.100660,0.989000
Activity_1,RUN,10031.100662,10031.102657,1.995000
Activity_1,RUN,10031.102668,10031.103659,0.991000
Activity_1,RUN,10031.103663,10031.132913,29.250000
Activity_1,RUN,10031.133152,10031.138553,5.401000
Activity_1,RUN,10031.593321,10031.604777,11.456000
Activity_1,RUN,10031.604789,10031.615679,10.890000
Activity_1,RUN,10031.615710,10031.639706,23.996000
Activity_1,RUN,10034.603083,10034.614746,11.663000
Activity_1,RUN,10034.615076,10034.615744,0.668000
Activity_1,RUN,10034.615979,10034.618824,2.845000
Activity_1,RUN,10034.619054,10034.619664,0.610000
Activity_1,RUN,10034.619965,10034.620171,0.206000
Activity_1,RUN,10034.620245,10034.620569,0.324000
Activity_1,RUN,10034.620799,10034.635272,14.473000
Activity_1,RUN,10034.635547,10034.639806,4.259000
Activity_1,RUN,10035.101923,10035.110806,8.883000
Activity_1,RUN,10035.110813,10035.126599,15.786000
Activity_1,RUN,10035.126845,10035.135795,8.950000
Activity_1,RUN,10035.135799,10035.139821,4.022000
Activity_1,RUN,10035.600889,10035.613820,12.931000
Activity_1,RUN,10035.613842,10035.625808,11.966000
Activity_1,RUN,10035.625810,10035.628274,2.464000
Activity_1,RUN,10035.628277,10035.628280,0.003000
Activity_1,RUN,10036.605676,10036.607846,2.170000
Activity_1,RUN,10036.607854,10036.639872,32.018000
Activity_1,RUN,10037.108728,10037.116865,8.137000
Activity_1,RUN,10037.116870,10037.118858,1.988000
Activity_1,RUN,10037.118874,10037.119858,0.984000
Activity_1,RUN,10037.119895,10037.139889,19.994000
Activity_1,RUN,10037.604064,10037.634561,30.497000
Activity_1,RUN,10037.634564,10037.634568,0.004000
Activity_1,RUN,10038.611256,10038.639940,28.684000
Activity_1,RUN,10039.106366,10039.117929,11.563000
Activity_1,RUN,10039.117934,10039.120257,2.323000
Activity_1,RUN,10039.120498,10039.139955,19.457000
Activity_1,RUN,10039.604812,10039.615947,11.135000
Activity_1,RUN,10039.615955,10039.632285,16.330000
Activity_1,RUN,10039.632577,10039.639971,7.394000
Activity_1,RUN,10040.140808,10040.140811,0.003000
Activity_1,RUN,10040.613635,10040.613882,0.247000
Activity_1,RUN,10040.613885,10040.613890,0.005000
Activity_1,RUN,10040.613892,10040.624489,10.597000
Activity_1,RUN,10040.624694,10040.625019,0.325000
Activity_1,RUN,10040.625546,10040.626609,1.063000
Activity_1,RUN,10040.627049,10040.640002,12.953000
Activity_1,RUN,10041.137153,10041.140025,2.872000
Activity_1,RUN,10041.637985,10041.640037,2.052000
Activity_1,RUN,10042.117760,10042.140068,22.308000
Activity_1,RUN,10042.616803,10042.624044,7.241000
Activity_1,RUN,10042.624052,10042.640067,16.015000
Activity_1,RUN,10043.111473,10043.113919,2.446000
Activity_1,RUN,10043.114159,10043.119060,4.901000
Activity_1,RUN,10043.119064,10043.120521,1.457000
Activity_1,RUN,10043.120750,10043.132169,11.419000
Activity_1,RUN,10043.132172,10043.132176,0.004000
Activity_1,RUN,10043.132178,10043.136057,3.879000
Activity_1,RUN,10043.136063,10043.140084,4.021000
Activity_1,RUN,10046.595813,10046.596798,0.985000
Activity_1,RUN,10046.597028,10046.597336,0.308000
Activity_1,RUN,10046.597594,10046.599709,2.115000
Activity_1,RUN,10046.599932,10046.600312,0.380000
Activity_1,RUN,10046.600562,10046.601474,0.912000
Activity_1,RUN,10046.601659,10046.602024,0.365000
Activity_1,RUN,10046.602253,10046.616077,13.824000
Activity_1,RUN,10046.616276,10046.640200,23.924000
Activity_1,RUN,10047.124917,10047.140214,15.297000
Activity_1,RUN,10047.651248,10047.651252,0.004000
Activity_1,RUN,10047.651257,10047.675678,24.421000
Activity_1,RUN,10047.675681,10047.675691,0.010000
Activity_1,PREEMPT,10021.609542,10021.609833,0.291000
Activity_1,PREEMPT,10021.637905,10021.637975,0.070000
Activity_1,PREEMPT,10021.638334,10021.638568,0.234000
Activity_1,PREEMPT,10021.638726,10021.638999,0.273000
Activity_1,PREEMPT,10021.639358,10022.108749,469.391000
Activity_1,PREEMPT,10022.121564,10022.121853,0.289000
Activity_1,PREEMPT,10022.123027,10022.123229,0.202000
Activity_1,PREEMPT,10022.123465,10022.123675,0.210000
Activity_1,PREEMPT,10022.124003,10022.124228,0.225000
Activity_1,PREEMPT,10022.124397,10022.124428,0.031000
Activity_1,PREEMPT,10022.126214,10022.126442,0.228000
Activity_1,PREEMPT,10022.139391,10022.583335,443.944000
Activity_1,PREEMPT,10022.583377,10022.583383,0.006000
Activity_1,SLEEP,10022.590114,10022.590117,0.003000
Activity_1,SLEEP,10022.590122,10023.585335,995.213000
Activity_1,PREEMPT,10023.600216,10023.600491,0.275000
Activity_1,PREEMPT,10023.639440,10024.117882,478.442000
Activity_1,PREEMPT,10024.128431,10024.128463,0.032000
Activity_1,PREEMPT,10024.128572,10024.128613,0.041000
Activity_1,PREEMPT,10024.128644,10024.128912,0.268000
Activity_1,PREEMPT,10024.129737,10024.129962,0.225000
Activity_1,PREEMPT,10024.139456,10024.592879,453.423000
Activity_1,PREEMPT,10024.599659,10024.599855,0.196000
Activity_1,SLEEP,10024.608542,10024.608545,0.003000
Activity_1,SLEEP,10024.608549,10028.585518,3976.969000
Activity_1,PREEMPT,10028.625179,10028.625217,0.038000
Activity_1,PREEMPT,10028.639606,10029.099556,459.950000
Activity_1,SLEEP,10029.135515,10029.593752,458.237000
Activity_1,PREEMPT,10029.596862,10029.596925,0.063000
Activity_1,PREEMPT,10029.639640,10030.092643,453.003000
Activity_1,PREEMPT,10030.100631,10030.100637,0.006000
Activity_1,PREEMPT,10030.101627,10030.101629,0.002000
Activity_1,PREEMPT,10030.103624,10030.103635,0.011000
Activity_1,PREEMPT,10030.106543,10030.106577,0.034000
Activity_1,PREEMPT,10030.108841,10030.108895,0.054000
Activity_1,SLEEP,10030.136703,10030.595235,458.532000
Activity_1,PREEMPT,10030.616857,10030.617095,0.238000
Activity_1,PREEMPT,10030.622584,10030.622875,0.291000
Activity_1,PREEMPT,10030.639684,10031.091912,452.228000
Activity_1,PREEMPT,10031.099665,10031.099671,0.006000
Activity_1,PREEMPT,10031.100660,10031.100662,0.002000
Activity_1,PREEMPT,10031.102657,10031.102668,0.011000
Activity_1,PREEMPT,10031.103659,10031.103663,0.004000
Activity_1,PREEMPT,10031.132913,10031.133152,0.239000
Activity_1,SLEEP,10031.138553,10031.593321,454.768000
Activity_1,PREEMPT,10031.604777,10031.604789,0.012000
Activity_1,PREEMPT,10031.615679,10031.615710,0.031000
Activity_1,PREEMPT,10031.639706,10034.603083,2963.377000
Activity_1,PREEMPT,10034.614746,10034.615076,0.330000
Activity_1,PREEMPT,10034.615744,10034.615979,0.235000
Activity_1,PREEMPT,10034.618824,10034.619054,0.230000
Activity_1,PREEMPT,10034.619664,10034.619965,0.301000
Activity_1,PREEMPT,10034.620171,10034.620245,0.074000
Activity_1,PREEMPT,10034.620569,10034.620799,0.230000
Activity_1,PREEMPT,10034.635272,10034.635547,0.275000
Activity_1,PREEMPT,10034.639806,10035.101923,462.117000
Activity_1,PREEMPT,10035.110806,10035.110813,0.007000
Activity_1,PREEMPT,10035.126599,10035.126845,0.246000
Activity_1,PREEMPT,10035.135795,10035.135799,0.004000
Activity_1,PREEMPT,10035.139821,10035.600889,461.068000
Activity_1,PREEMPT,10035.613820,10035.613842,0.022000
Activity_1,PREEMPT,10035.625808,10035.625810,0.002000
Activity_1,SLEEP,10035.628274,10035.628277,0.003000
Activity_1,SLEEP,10035.628280,10036.605676,977.396000
Activity_1,PREEMPT,10036.607846,10036.607854,0.008000
Activity_1,PREEMPT,10036.639872,10037.108728,468.856000
Activity_1,PREEMPT,10037.116865,10037.116870,0.005000
Activity_1,PREEMPT,10037.118858,10037.118874,0.016000
Activity_1,PREEMPT,10037.119858,10037.119895,0.037000
Activity_1,PREEMPT,10037.139889,10037.604064,464.175000
Activity_1,SLEEP,10037.634561,10037.634564,0.003000
Activity_1,SLEEP,10037.634568,10038.611256,976.688000
Activity_1,PREEMPT,10038.639940,10039.106366,466.426000
Activity_1,PREEMPT,10039.117929,10039.117934,0.005000
Activity_1,PREEMPT,10039.120257,10039.120498,0.241000
Activity_1,PREEMPT,10039.139955,10039.604812,464.857000
Activity_1,PREEMPT,10039.615947,10039.615955,0.008000
Activity_1,PREEMPT,10039.632285,10039.632577,0.292000
Activity_1,PREEMPT,10039.639971,10040.140808,500.837000
Activity_1,PREEMPT,10040.140811,10040.613635,472.824000
Activity_1,SLEEP,10040.613882,10040.613885,0.003000
Activity_1,SLEEP,10040.613890,10040.613892,0.002000
Activity_1,PREEMPT,10040.624489,10040.624694,0.205000
Activity_1,PREEMPT,10040.625019,10040.625546,0.527000
Activity_1,PREEMPT,10040.626609,10040.627049,0.440000
Activity_1,PREEMPT,10040.640002,10041.137153,497.151000
Activity_1,PREEMPT,10041.140025,10041.637985,497.960000
Activity_1,PREEMPT,10041.640037,10042.117760,477.723000
Activity_1,PREEMPT,10042.140068,10042.616803,476.735000
Activity_1,PREEMPT,10042.624044,10042.624052,0.008000
Activity_1,PREEMPT,10042.640067,10043.111473,471.406000
Activity_1,PREEMPT,10043.113919,10043.114159,0.240000
Activity_1,PREEMPT,10043.119060,10043.119064,0.004000
Activity_1,PREEMPT,10043.120521,10043.120750,0.229000
Activity_1,SLEEP,10043.132169,10043.132172,0.003000
Activity_1,SLEEP,10043.132176,10043.132178,0.002000
Activity_1,PREEMPT,10043.136057,10043.136063,0.006000
Activity_1,PREEMPT,10043.140084,10046.595813,3455.729000
Activity_1,PREEMPT,10046.596798,10046.597028,0.230000
Activity_1,PREEMPT,10046.597336,10046.597594,0.258000
Activity_1,PREEMPT,10046.599709,10046.599932,0.223000
Activity_1,PREEMPT,10046.600312,10046.600562,0.250000
Activity_1,PREEMPT,10046.601474,10046.601659,0.185000
Activity_1,PREEMPT,10046.602024,10046.602253,0.229000
Activity_1,PREEMPT,10046.616077,10046.616276,0.199000
Activity_1,PREEMPT,10046.640200,10047.124917,484.717000
Activity_1,PREEMPT,10047.140214,10047.651248,511.034000
Activity_1,PREEMPT,10047.651252,10047.651257,0.005000
Activity_1,PREEMPT,10047.675678,10047.675681,0.003000
Activity_1,MARKER_PERIOD_START_Activity_1,10021.585255,10021.585255,0.0
Activity_1,MARKER_FUNCTION_START_Activity_1,10021.585256,10021.585256,0.0
Activity_1,MARKER_FUNCTION_END_Activity_1,10022.590098,10022.590098,0.0
Activity_1,MARKER_SLEEP_START_Activity_1,10022.590110,10022.590110,0.0
Activity_1,MARKER_PERIOD_END_Activity_1,10022.590118,10022.590118,0.0
Activity_1,MARKER_PERIOD_START_Activity_1,10022.590119,10022.590119,0.0
Activity_1,MARKER_PERIOD_END_Activity_1,10023.585344,10023.585344,0.0
Activity_1,MARKER_PERIOD_START_Activity_1,10023.585346,10023.585346,0.0
Activity_1,MARKER_FUNCTION_START_Activity_1,10023.585347,10023.585347,0.0
Activity_1,MARKER_FUNCTION_END_Activity_1,10024.608525,10024.608525,0.0
Activity_1,MARKER_SLEEP_START_Activity_1,10024.608539,10024.608539,0.0
Activity_1,MARKER_PERIOD_END_Activity_1,10024.608546,10024.608546,0.0
Activity_1,MARKER_PERIOD_START_Activity_1,10024.608546,10024.608546,0.0
Activity_1,MARKER_PERIOD_END_Activity_1,10028.585527,10028.585527,0.0
Activity_1,MARKER_PERIOD_START_Activity_1,10028.585528,10028.585528,0.0
Activity_1,MARKER_FUNCTION_START_Activity_1,10028.585528,10028.585528,0.0
Activity_1,MARKER_FUNCTION_END_Activity_1,10029.135496,10029.135496,0.0
Activity_1,MARKER_SLEEP_START_Activity_1,10029.135510,10029.135510,0.0
Activity_1,MARKER_PERIOD_END_Activity_1,10029.593754,10029.593754,0.0
Activity_1,MARKER_PERIOD_START_Activity_1,10029.593755,10029.593755,0.0
Activity_1,MARKER_FUNCTION_START_Activity_1,10029.593755,10029.593755,0.0
Activity_1,MARKER_FUNCTION_END_Activity_1,10030.136673,10030.136673,0.0
Activity_1,MARKER_SLEEP_START_Activity_1,10030.136701,10030.136701,0.0
Activity_1,MARKER_PERIOD_END_Activity_1,10030.595237,10030.595237,0.0
Activity_1,MARKER_PERIOD_START_Activity_1,10030.595237,10030.595237,0.0
Activity_1,MARKER_FUNCTION_START_Activity_1,10030.595238,10030.595238,0.0
Activity_1,MARKER_FUNCTION_END_Activity_1,10031.138539,10031.138539,0.0
Activity_1,MARKER_SLEEP_START_Activity_1,10031.138551,10031.138551,0.0
Activity_1,MARKER_PERIOD_END_Activity_1,10031.593323,10031.593323,0.0
Activity_1,MARKER_PERIOD_START_Activity_1,10031.593324,10031.593324,0.0
Activity_1,MARKER_FUNCTION_START_Activity_1,10031.593324,10031.593324,0.0
Activity_1,MARKER_PERIOD_END_Activity_1,10034.603085,10034.603085,0.0
Activity_1,MARKER_PERIOD_START_Activity_1,10034.603086,10034.603086,0.0
Activity_1,MARKER_FUNCTION_START_Activity_1,10034.603086,10034.603086,0.0
Activity_1,MARKER_FUNCTION_END_Activity_1,10035.628259,10035.628259,0.0
Activity_1,MARKER_SLEEP_START_Activity_1,10035.628271,10035.628271,0.0
Activity_1,MARKER_PERIOD_END_Activity_1,10035.628277,10035.628277,0.0
Activity_1,MARKER_PERIOD_START_Activity_1,10035.628278,10035.628278,0.0
Activity_1,MARKER_PERIOD_END_Activity_1,10036.605679,10036.605679,0.0
Activity_1,MARKER_PERIOD_START_Activity_1,10036.605679,10036.605679,0.0
Activity_1,MARKER_FUNCTION_START_Activity_1,10036.605680,10036.605680,0.0
Activity_1,MARKER_FUNCTION_END_Activity_1,10037.634543,10037.634543,0.0
Activity_1,MARKER_SLEEP_START_Activity_1,10037.634557,10037.634557,0.0
Activity_1,MARKER_PERIOD_END_Activity_1,10037.634565,10037.634565,0.0
Activity_1,MARKER_PERIOD_START_Activity_1,10037.634566,10037.634566,0.0
Activity_1,MARKER_PERIOD_END_Activity_1,10038.611258,10038.611258,0.0
Activity_1,MARKER_PERIOD_START_Activity_1,10038.611259,10038.611259,0.0
Activity_1,MARKER_FUNCTION_START_Activity_1,10038.611259,10038.611259,0.0
Activity_1,MARKER_FUNCTION_END_Activity_1,10040.613869,10040.613869,0.0
Activity_1,MARKER_SLEEP_START_Activity_1,10040.613880,10040.613880,0.0
Activity_1,MARKER_PERIOD_END_Activity_1,10040.613886,10040.613886,0.0
Activity_1,MARKER_PERIOD_START_Activity_1,10040.613887,10040.613887,0.0
Activity_1,MARKER_PERIOD_END_Activity_1,10040.613893,10040.613893,0.0
Activity_1,MARKER_PERIOD_START_Activity_1,10040.613893,10040.613893,0.0
Activity_1,MARKER_FUNCTION_START_Activity_1,10040.613894,10040.613894,0.0
Activity_1,MARKER_FUNCTION_END_Activity_1,10043.132153,10043.132153,0.0
Activity_1,MARKER_SLEEP_START_Activity_1,10043.132166,10043.132166,0.0
Activity_1,MARKER_PERIOD_END_Activity_1,10043.132173,10043.132173,0.0
Activity_1,MARKER_PERIOD_START_Activity_1,10043.132174,10043.132174,0.0
Activity_1,MARKER_PERIOD_END_Activity_1,10043.132179,10043.132179,0.0
Activity_1,MARKER_PERIOD_START_Activity_1,10043.132179,10043.132179,0.0
Activity_1,MARKER_FUNCTION_START_Activity_1,10043.132182,10043.132182,0.0
Activity_1,MARKER_FUNCTION_END_Activity_1,10047.675659,10047.675659,0.0
Activity_1,MARKER_SLEEP_START_Activity_1,10047.675673,10047.675673,0.0
Activity_1,MARKER_PERIOD_END_Activity_1,10047.675683,10047.675683,0.0
Activity_1,MARKER_PERIOD_START_Activity_1,10047.675686,10047.675686,0.0
Activity_1,MARKER_FUNCTION_END_Activity_1,10086.639636,10086.639636,0.0
Activity_1,MARKER_SLEEP_START_Activity_1,10086.639646,10086.639646,0.0
Activity_1,MARKER_PERIOD_END_Activity_1,10086.639652,10086.639652,0.0
Activity_1,MARKER_PERIOD_START_Activity_1,10086.639652,10086.639652,0.0
Activity_1,MARKER_PERIOD_END_Activity_1,10086.639658,10086.639658,0.0
Activity_1,MARKER_PERIOD_START_Activity_1,10086.639658,10086.639658,0.0
Activity_1,MARKER_FUNCTION_START_Activity_1,10086.639659,10086.639659,0.0
Activity_1,MARKER_FUNCTION_END_Activity_1,10087.738812,10087.738812,0.0
Activity_1,MARKER_SLEEP_START_Activity_1,10087.738827,10087.738827,0.0
Activity_1,MARKER_PERIOD_END_Activity_1,10087.738834,10087.738834,0.0
Activity_1,MARKER_PERIOD_START_Activity_1,10087.738835,10087.738835,0.0
Activity_1,STAT_PERIOD,0,0,1000.000000
Activity_1,STAT_MEASURED,0,0,1023.200000
Activity_1,STAT_DEADLINE,0,0,1000.000000
Activity_1,STAT_WCET,0,0,100.047000
Activity_1,STAT_ACET,0,0,54.182000
Activity_1,STAT_JITTER,0,0,8266.004166
Activity_1,STAT_UTIL,0,0,0.048765
Activity_1,STAT_NRUN,0,0,110
Activity_1,STAT_NPRE,0,0,94
Activity_1,STAT_NSLP,0,0,15
Activity_1,STAT_NMISS,0,0,9
Activity_1,STAT_WSLACK,0,0,-37963.950000
Activity_1,STAT_HGAPS,0,0,1.000000
Activity_1,STAT_NGAPS,0,0,109
Activity_1,STAT_MAXGAP,0,0,3976.969000
Activity_1,STAT_RUNTOT,0,0,975.298000
Activity_1,STAT_PRETOT,0,0,16817.320000
Activity_1,STAT_SLPTOT,0,0,8297.825000
DDS_Publish,MISS_LOG,10039.639979,18.502599,500.000000|500.817000|0.817000|27
DDS_Publish,MISS_LOG,10047.140219,26.002839,500.000000|511.009000|11.009000|36
DDS_Publish,MISS_LOG,10047.651254,26.513874,500.000000|37474.707000|36974.707000|37
DDS_Publish,MISS_LOG,10087.141481,66.004101,500.000000|519.089000|19.089000|42
Activity_1,MISS_LOG,10021.585255,0.447875,1000.000000|1004.843000|4.843000|1
Activity_1,MISS_LOG,10023.585346,2.447966,1000.000000|1023.179000|23.179000|3
Activity_1,MISS_LOG,10034.603086,13.465706,1000.000000|1025.173000|25.173000|9
Activity_1,MISS_LOG,10036.605679,15.468299,1000.000000|1028.864000|28.864000|11
Activity_1,MISS_LOG,10038.611259,17.473879,1000.000000|2002.610000|1002.610000|13
Activity_1,MISS_LOG,10040.613893,19.476513,1000.000000|2518.260000|1518.260000|15
Activity_1,MISS_LOG,10043.132179,21.994799,1000.000000|4543.480000|3543.480000|17
Activity_1,MISS_LOG,10047.675686,26.538306,1000.000000|38963.950000|37963.950000|18
Activity_1,MISS_LOG,10086.639658,65.502278,1000.000000|1099.154000|99.154000|20
